<?xml version="1.0" encoding="UTF-8" standalone="yes"?>
<addon id="script.kitchen.timer" name="Minutka" version="0.0.1" provider-name="jkmh">
	<requires>
		<import addon="xbmc.python" version="3.0.0"/>
	</requires>
	<extension point="xbmc.python.script" library="timer.py">
		<provides>executable</provides>
	</extension>
	<extension point="xbmc.addon.metadata">
		<platform>linux</platform>
		<summary lang="en">Kuchyňská minutka</summary>
		<description lang="en">Kuchyňská minutka</description>
		<license>GNU General Public License, v2</license>
		<language>cz</language>
		<assets>
			<icon>kitchen.png</icon>
		</assets>
	</extension>
</addon>
