<?xml version="1.0" encoding="UTF-8"?>
<includes>
<!-- HOMESCREEN SUBMENU -->
	<include name="HomeSubMenuYAWsP">
		<control type="image" id="90555">
			<width>53</width>
			<height>53</height>
			<texture border="0,0,0,3" flipx="true">HomeSubEnd.png</texture>
		</control>
		<control type="button" id="90556">
			<include>ButtonHomeSubCommonValues</include>
			<label>Vyhledávání</label>
			<onclick>ActivateWindow(10025,plugin://plugin.video.yawsp/?action=search,return)</onclick>
			<visible>Skin.HasSetting(MoviesOn)</visible>
		</control>
		<control type="button" id="90557">
			<include>ButtonHomeSubCommonValues</include>
			<label>Chci si stáhnout</label>
			<onclick>ActivateWindow(10025,plugin://plugin.video.yawsp/?action=queue,return)</onclick>
			<visible>Skin.HasSetting(QueueOn)</visible>
		</control>
		<control type="button" id="90558">
			<include>ButtonHomeSubCommonValues</include>
			<label>Historie stahování</label>
			<onclick>ActivateWindow(10025,plugin://plugin.video.yawsp/?action=history,return)</onclick>
			<visible>Skin.HasSetting(HistoryOn)</visible>
		</control>
		<control type="button" id="90559">
			<include>ButtonHomeSubCommonValues</include>
			<label>Nastavení</label>
			<onclick>ActivateWindow(10025,plugin://plugin.video.yawsp/?action=settings,return)</onclick>
			<visible>Skin.HasSetting(YAWsPSettingsOn)</visible>
		</control>
		<control type="image" id="90567">
			<width>53</width>
			<height>53</height>
			<texture border="0,0,0,3">HomeSubEnd.png</texture>
		</control>
	</include>
	<include name="HomeSubMenuTMDb">
		<control type="image" id="90600">
			<width>53</width>
			<height>53</height>
			<texture border="0,0,0,3" flipx="true">HomeSubEnd.png</texture>
		</control>
		<control type="button" id="90601">
			<include>ButtonHomeSubCommonValues</include>
			<label>Populární filmy</label>
			<onclick>ActivateWindow(Videos,plugin://plugin.video.themoviedb.helper/?info=popular&tmdb_type=movie, return)</onclick>
			<visible>!Skin.HasSetting(HomeMenuNoButton) + Skin.HasSetting(SearchOn)</visible>
		</control>
		<control type="button" id="90602">
			<include>ButtonHomeSubCommonValues</include>
			<label>Populární seriály</label>
			<onclick>ActivateWindow(Videos,plugin://plugin.video.themoviedb.helper/?info=popular&tmdb_type=tv, return)</onclick>
			<visible>!Skin.HasSetting(HomeMenuNoButton) + Skin.HasSetting(SearchOn)</visible>
		</control>
		<control type="button" id="90603">
			<include>ButtonHomeSubCommonValues</include>
			<label>Filmy</label>
			<onclick>ActivateWindow(Videos,plugin://plugin.video.themoviedb.helper/?info=dir_movie&tmdb_type=None)</onclick>
			<visible>!Skin.HasSetting(HomeMenuNoButton) + Skin.HasSetting(SearchOn)</visible>
		</control>
		<control type="button" id="90610">
			<include>ButtonHomeSubCommonValues</include>
			<label>Nastavení</label>
			<onclick>Addon.OpenSettings(plugin.video.themoviedb.helper)</onclick>
			<visible>!Skin.HasSetting(HomeMenuNoButton) + Skin.HasSetting(TMDbSettingsOn)</visible>
		</control>
		<control type="image" id="90607">
			<width>53</width>
			<height>53</height>
			<texture border="0,0,0,3">HomeSubEnd.png</texture>
		</control>
	</include>
	<include name="ModHomeSubMenuSystem">
		<control type="button" id="90999">
			<include>ButtonHomeSubCommonValues</include>
			<label>Nastavení vzhledu</label>
			<onclick>ActivateWindow(skinsettings)</onclick>
		</control>
	</include>
	<include name="HomeAddonItemsVideosEnhanced"><!-- mod IncludesHomeMenuItems.xml -->
		<item>
			<label>$INFO[system.addontitle(Skin.String(HomeVideosButton6))]</label>
			<onclick>RunAddon($INFO[Skin.String(HomeVideosButton6)])</onclick>
			<icon>$INFO[system.addonicon(Skin.String(HomeVideosButton6))]</icon>
			<thumb/>
			<visible>!String.IsEmpty(Skin.String(HomeVideosButton6))</visible>
		</item>
		<item>
			<label>$INFO[system.addontitle(Skin.String(HomeVideosButton7))]</label>
			<onclick>RunAddon($INFO[Skin.String(HomeVideosButton7)])</onclick>
			<icon>$INFO[system.addonicon(Skin.String(HomeVideosButton7))]</icon>
			<thumb/>
			<visible>!String.IsEmpty(Skin.String(HomeVideosButton7))</visible>
		</item>
	</include>
	<include name="HomeAddonItemsProgramsEnhanced"><!-- mod IncludesHomeMenuItems.xml -->
		<item>
			<label>$INFO[system.addontitle(Skin.String(HomeProgramButton6))]</label>
			<onclick>RunAddon($INFO[Skin.String(HomeProgramButton6)])</onclick>
			<icon>$INFO[system.addonicon(Skin.String(HomeProgramButton6))]</icon>
			<thumb/>
			<visible>!String.IsEmpty(Skin.String(HomeVideosButton6))</visible>
		</item>
		<item>
			<label>$INFO[system.addontitle(Skin.String(HomeProgramButton7))]</label>
			<onclick>RunAddon($INFO[Skin.String(HomeProgramButton7)])</onclick>
			<icon>$INFO[system.addonicon(Skin.String(HomeProgramButton7))]</icon>
			<thumb/>
			<visible>!String.IsEmpty(Skin.String(HomeProgramButton7))</visible>
		</item>
	</include>

</includes>