<?xml version="1.0" encoding="UTF-8"?>
<includes>
	<!-- VARIABLES -->
		<variable name="SkinSettingOSDAutoCloseTime"> <!-- mod OSD -->
			<value condition="!String.IsEmpty(Skin.String(OSDAutoCloseTime))">$INFO[Skin.String(OSDAutoCloseTime)]</value>
			<value condition="String.IsEmpty(Skin.String(OSDAutoCloseTime))">4</value> <!-- Default value -->
		</variable>
		<variable name="VideoHWDecoder">
			<value condition="Player.Process(videohwdecoder)">HW</value>
			<value>SW</value>
		</variable>
		<variable name="videohdr">
			<value condition="String.Contains(ListItem.HdrType,hdr)">hdr10</value>
			<value condition="String.Contains(ListItem.HdrType,dolbyvision)">dolbyvision</value>
			<value condition="String.Contains(ListItem.HdrType,dvhe)">dolbyvision</value>
			<value condition="String.Contains(ListItem.HdrType,hlg)">hlg</value>
			<value>$INFO[ListItem.HdrType]</value>
		</variable>
		<variable name="EpgGenreVar">
			<value condition="!Skin.HasSetting(standard_PVRGenres)">epg-genres/$INFO[ListItem.Property(GenreType)].png</value>
			<value condition="Skin.HasSetting(standard_PVRGenres)">epg-genres/0.png</value>
		</variable>
		<!-- <variable name="Search"> -->
			<!-- <value condition="!Player.HasVideo">9020</value> -->
			<!-- <value>601</value> -->
		<!-- </variable> -->
</includes>