﻿<?xml version="1.0" encoding="UTF-8"?>
<addon id="script.contextmenu" version="0.1.15" name="Context Menu" provider-name="JiRo">
    <requires>
        <import addon="xbmc.python" version="3.0.1" />
    </requires>
	<extension point="xbmc.service" library="service.py" />
    <extension point="xbmc.python.module" library="resources/lib/" />
	<extension point = "kodi.context.item" > 
		<menu id = "kodi.core.main" >
			<item library="command.py" args="@item1_command,6" >
				<label>$INFO[Window(Home).Property(contextmenu_item1_name)]</label>
				<visible>Addon.SettingBool(script.contextmenu,item1_enable) + Integer.IsEqual(Addon.SettingInt(script.contextmenu,item1_position),6)</visible>
			</item>
			<item library="command.py" args="@item2_command,6" >
				<label>$INFO[Window(Home).Property(contextmenu_item2_name)]</label>
				<visible>Addon.SettingBool(script.contextmenu,item2_enable) + Integer.IsEqual(Addon.SettingInt(script.contextmenu,item2_position),6)</visible>
			</item>
			<item library="command.py" args="@item3_command,6" >
				<label>$INFO[Window(Home).Property(contextmenu_item3_name)]</label>
				<visible>Addon.SettingBool(script.contextmenu,item3_enable) + Integer.IsEqual(Addon.SettingInt(script.contextmenu,item3_position),6)</visible>
			</item>
			<item library="command.py" args="@item4_command,6" >
				<label>$INFO[Window(Home).Property(contextmenu_item4_name)]</label>
				<visible>Addon.SettingBool(script.contextmenu,item4_enable) + Integer.IsEqual(Addon.SettingInt(script.contextmenu,item4_position),6)</visible>
			</item>
			<item library="resourcestool.py" args="plugin.video.stream-cinema-2-release,auto_select_stream,true" >
				<label>30101</label>
				<visible>!Addon.SettingBool(plugin.video.stream-cinema-2-release,auto_select_stream) + System.AddonIsEnabled(plugin.video.stream-cinema-2-release) + [String.IsEqual(Container.PluginName,plugin.video.stream-cinema-2-release) | String.StartsWith(ListItem.Path,plugin://plugin.video.stream-cinema-2-release) | String.StartsWith(ListItem.Path,Addon.SettingStr(plugin.video.stream-cinema-2-release,movie_library_folder)) | String.StartsWith(ListItem.Path,Addon.SettingStr(plugin.video.stream-cinema-2-release,tvshow_library_folder))] + Addon.SettingBool(script.contextmenu,enable_select_stream)</visible>
			</item>
			<item library="tool.py" args="plugin.video.stream-cinema-2-release,auto_select_stream,false" >
				<label>30102</label>
				<visible>Addon.SettingBool(plugin.video.stream-cinema-2-release,auto_select_stream) + System.AddonIsEnabled(plugin.video.stream-cinema-2-release) + [String.IsEqual(Container.PluginName,plugin.video.stream-cinema-2-release) | String.StartsWith(ListItem.Path,plugin://plugin.video.stream-cinema-2-release) | String.StartsWith(ListItem.Path,Addon.SettingStr(plugin.video.stream-cinema-2-release,movie_library_folder)) | String.StartsWith(ListItem.Path,Addon.SettingStr(plugin.video.stream-cinema-2-release,tvshow_library_folder))] + Addon.SettingBool(script.contextmenu,enable_select_stream)</visible>
			</item>
			<item library="tool.py" args="plugin.video.stream-cinema-2-release,auto_select_stream.download,true" >
				<label>30111</label>
				<visible>!Addon.SettingBool(plugin.video.stream-cinema-2-release,auto_select_stream.download) + System.AddonIsEnabled(plugin.video.stream-cinema-2-release) + [String.IsEqual(Container.PluginName,plugin.video.stream-cinema-2-release) | String.StartsWith(ListItem.Path,plugin://plugin.video.stream-cinema-2-release) | String.StartsWith(ListItem.Path,Addon.SettingStr(plugin.video.stream-cinema-2-release,movie_library_folder)) | String.StartsWith(ListItem.Path,Addon.SettingStr(plugin.video.stream-cinema-2-release,tvshow_library_folder))] + Addon.SettingBool(script.contextmenu,enable_select_stream.download)</visible>
			</item>
			<item library="tool.py" args="plugin.video.stream-cinema-2-release,auto_select_stream.download,false" >
				<label>30112</label>
				<visible>Addon.SettingBool(plugin.video.stream-cinema-2-release,auto_select_stream.download) + System.AddonIsEnabled(plugin.video.stream-cinema-2-release) + [String.IsEqual(Container.PluginName,plugin.video.stream-cinema-2-release) | String.StartsWith(ListItem.Path,plugin://plugin.video.stream-cinema-2-release) | String.StartsWith(ListItem.Path,Addon.SettingStr(plugin.video.stream-cinema-2-release,movie_library_folder)) | String.StartsWith(ListItem.Path,Addon.SettingStr(plugin.video.stream-cinema-2-release,tvshow_library_folder))] + Addon.SettingBool(script.contextmenu,enable_select_stream.download)</visible>
			</item>
			<item library="command.py" args="@item1_command,5" >
				<label>$INFO[Window(Home).Property(contextmenu_item1_name)]</label>
				<visible>Addon.SettingBool(script.contextmenu,item1_enable) + Integer.IsEqual(Addon.SettingInt(script.contextmenu,item1_position),5)</visible>
			</item>
			<item library="command.py" args="@item2_command,5" >
				<label>$INFO[Window(Home).Property(contextmenu_item2_name)]</label>
				<visible>Addon.SettingBool(script.contextmenu,item2_enable) + Integer.IsEqual(Addon.SettingInt(script.contextmenu,item2_position),5)</visible>
			</item>
			<item library="command.py" args="@item3_command,5" >
				<label>$INFO[Window(Home).Property(contextmenu_item3_name)]</label>
				<visible>Addon.SettingBool(script.contextmenu,item3_enable) + Integer.IsEqual(Addon.SettingInt(script.contextmenu,item3_position),5)</visible>
			</item>
			<item library="command.py" args="@item4_command,5" >
				<label>$INFO[Window(Home).Property(contextmenu_item4_name)]</label>
				<visible>Addon.SettingBool(script.contextmenu,item4_enable) + Integer.IsEqual(Addon.SettingInt(script.contextmenu,item4_position),5)</visible>
			</item>
			<item library="command.py" args="Addon.OpenSettings(script.backgroundmusic)" >
				<label>30010</label>
				<visible>Window.IsActive(10002) + Addon.SettingBool(script.contextmenu,enable_background_music)</visible>
			</item>
			<item library="trailer.py" >
				<label>30020</label>
				<visible>!String.IsEmpty(ListItem.Trailer) + !String.Contains(ListItem.Trailer,plugin://plugin.video.stream-cinema-2-release) + Addon.SettingBool(script.contextmenu,enable_play_trailer)</visible>
			</item>
			<item library="searchtrailer.py" >
				<label>30030</label>
				<visible>System.AddonIsEnabled(plugin.video.youtube) + Addon.SettingBool(script.contextmenu,enable_search_trailer)</visible>
			</item>
			<item library="command.py" args="@item1_command,4" >
				<label>$INFO[Window(Home).Property(contextmenu_item1_name)]</label>
				<visible>Addon.SettingBool(script.contextmenu,item1_enable) + Integer.IsEqual(Addon.SettingInt(script.contextmenu,item1_position),4)</visible>
			</item>
			<item library="command.py" args="@item2_command,4" >
				<label>$INFO[Window(Home).Property(contextmenu_item2_name)]</label>
				<visible>Addon.SettingBool(script.contextmenu,item2_enable) + Integer.IsEqual(Addon.SettingInt(script.contextmenu,item2_position),4)</visible>
			</item>
			<item library="command.py" args="@item3_command,4" >
				<label>$INFO[Window(Home).Property(contextmenu_item3_name)]</label>
				<visible>Addon.SettingBool(script.contextmenu,item3_enable) + Integer.IsEqual(Addon.SettingInt(script.contextmenu,item3_position),4)</visible>
			</item>
			<item library="command.py" args="@item4_command,4" >
				<label>$INFO[Window(Home).Property(contextmenu_item4_name)]</label>
				<visible>Addon.SettingBool(script.contextmenu,item4_enable) + Integer.IsEqual(Addon.SettingInt(script.contextmenu,item4_position),4)</visible>
			</item>
			<item library="search.py" >
				<label>30051</label>
				<visible>Addon.SettingBool(script.contextmenu,common_item_search) + Addon.SettingBool(script.contextmenu,enable_search)</visible>
			</item>
			<item library="search.py" args="scc" >
				<label>30058</label>
				<visible>System.AddonIsEnabled(plugin.video.stream-cinema-2-release) + Addon.SettingBool(script.contextmenu,enable_search_scc) + !Addon.SettingBool(script.contextmenu,common_item_search) + Addon.SettingBool(script.contextmenu,enable_search)</visible>
			</item>
			<item library="search.py" args="ws" >
				<label>30060</label>
				<visible>System.AddonIsEnabled(plugin.video.stream-cinema-2-release) + Addon.SettingBool(script.contextmenu,enable_search_ws) + !Addon.SettingBool(script.contextmenu,common_item_search) + Addon.SettingBool(script.contextmenu,enable_search)</visible>
			</item>
			<item library="search.py" args="sc" >
				<label>30062</label>
				<visible>System.AddonIsEnabled(plugin.video.stream-cinema) + Addon.SettingBool(script.contextmenu,enable_search_sc) + !Addon.SettingBool(script.contextmenu,common_item_search) + Addon.SettingBool(script.contextmenu,enable_search)</visible>
			</item>
			<item library="search.py" args="netflix" >
				<label>30071</label>
				<visible>System.AddonIsEnabled(plugin.video.netflix) + Addon.SettingBool(script.contextmenu,enable_search_netflix) + !Addon.SettingBool(script.contextmenu,common_item_search) + Addon.SettingBool(script.contextmenu,enable_search)</visible>
			</item>
			<item library="search.py" args="yt" >
				<label>30067</label>
				<visible>System.AddonIsEnabled(plugin.video.youtube) + Addon.SettingBool(script.contextmenu,enable_search_yt) + !Addon.SettingBool(script.contextmenu,common_item_search) + Addon.SettingBool(script.contextmenu,enable_search)</visible>
			</item>
			<item library="search.py" args="library" >
				<label>30069</label>
				<visible>false + System.AddonIsEnabled(script.globalsearch) + Addon.SettingBool(script.contextmenu,enable_search_library) + !Addon.SettingBool(script.contextmenu,common_item_search) + Addon.SettingBool(script.contextmenu,enable_search)</visible>
			</item>
			<item library="command.py" args="@item1_command,3" >
				<label>$INFO[Window(Home).Property(contextmenu_item1_name)]</label>
				<visible>Addon.SettingBool(script.contextmenu,item1_enable) + Integer.IsEqual(Addon.SettingInt(script.contextmenu,item1_position),3)</visible>
			</item>
			<item library="command.py" args="@item2_command,3" >
				<label>$INFO[Window(Home).Property(contextmenu_item2_name)]</label>
				<visible>Addon.SettingBool(script.contextmenu,item2_enable) + Integer.IsEqual(Addon.SettingInt(script.contextmenu,item2_position),3)</visible>
			</item>
			<item library="command.py" args="@item3_command,3" >
				<label>$INFO[Window(Home).Property(contextmenu_item3_name)]</label>
				<visible>Addon.SettingBool(script.contextmenu,item3_enable) + Integer.IsEqual(Addon.SettingInt(script.contextmenu,item3_position),3)</visible>
			</item>
			<item library="command.py" args="@item4_command,3" >
				<label>$INFO[Window(Home).Property(contextmenu_item4_name)]</label>
				<visible>Addon.SettingBool(script.contextmenu,item4_enable) + Integer.IsEqual(Addon.SettingInt(script.contextmenu,item4_position),3)</visible>
			</item>
			<item library="command.py" args="Container.Refresh()" >
				<label>30090</label>
				<visible>!String.IsEmpty(Container.FolderPath) + Addon.SettingBool(script.contextmenu,enable_content_refresh)</visible>
			</item>
			<item library="command.py" args="Action(Delete)" >
				<label>30095</label>
				<visible>Addon.SettingBool(script.contextmenu,enable_delete)</visible>
			</item>
			<item library="command.py" args="@item1_command,2" >
				<label>$INFO[Window(Home).Property(contextmenu_item1_name)]</label>
				<visible>Addon.SettingBool(script.contextmenu,item1_enable) + Integer.IsEqual(Addon.SettingInt(script.contextmenu,item1_position),2)</visible>
			</item>
			<item library="command.py" args="@item2_command,2" >
				<label>$INFO[Window(Home).Property(contextmenu_item2_name)]</label>
				<visible>Addon.SettingBool(script.contextmenu,item2_enable) + Integer.IsEqual(Addon.SettingInt(script.contextmenu,item2_position),2)</visible>
			</item>
			<item library="command.py" args="@item3_command,2" >
				<label>$INFO[Window(Home).Property(contextmenu_item3_name)]</label>
				<visible>Addon.SettingBool(script.contextmenu,item3_enable) + Integer.IsEqual(Addon.SettingInt(script.contextmenu,item3_position),2)</visible>
			</item>
			<item library="command.py" args="@item4_command,2" >
				<label>$INFO[Window(Home).Property(contextmenu_item4_name)]</label>
				<visible>Addon.SettingBool(script.contextmenu,item4_enable) + Integer.IsEqual(Addon.SettingInt(script.contextmenu,item4_position),2)</visible>
			</item>
			<item library="setting.py" >
				<label>30091</label>
				<visible>!String.IsEmpty(Container.PluginName) + Addon.SettingBool(script.contextmenu,enable_addon_setting)</visible>
			</item>
			<item library="settingwidget.py" >
				<label>30091</label>
				<visible>String.IsEmpty(Container.PluginName) + !String.IsEmpty(ListItem.Path) + !String.IsEqual(ListItem.Path,plugin://) + !String.StartsWith(ListItem.Path,plugin://plugin.video.stream-cinema-2-release) + String.StartsWith(ListItem.Path,plugin://) + Addon.SettingBool(script.contextmenu,enable_addon_setting)</visible>
			</item>
			<item library="settingscc.py" >
				<label>30091</label>
				<visible>String.IsEmpty(Container.PluginName) + [String.StartsWith(ListItem.Path,plugin://plugin.video.stream-cinema-2-release) | String.StartsWith(ListItem.Path,Addon.SettingStr(plugin.video.stream-cinema-2-release,movie_library_folder)) | String.StartsWith(ListItem.Path,Addon.SettingStr(plugin.video.stream-cinema-2-release,tvshow_library_folder))] + Addon.SettingBool(script.contextmenu,enable_addon_setting)</visible>
			</item>
			<item library="command.py" args="ActivateWindow(settings)" >
				<label>30094</label>
				<visible>Addon.SettingBool(script.contextmenu,enable_setting)</visible>
			</item>
			<item library="command.py" args="Addon.OpenSettings(script.contextmenu)" >
				<label>30092</label>
				<visible>Addon.SettingBool(script.contextmenu,enable_self_setting)</visible>
			</item>
			<item library="iteminfo.py" >
				<label>30040</label>
				<visible>!String.IsEmpty(Container.Content) + Addon.SettingBool(script.contextmenu,enable_iteminfo)</visible>
			</item>
			<item library=".dump.py" >
				<label>Item Dump</label>
				<visible>Skin.HasSetting(easy_master)</visible>
			</item>
			<item library="command.py" args="@item1_command,1" >
				<label>$INFO[Window(Home).Property(contextmenu_item1_name)]</label>
				<visible>Addon.SettingBool(script.contextmenu,item1_enable) + Integer.IsEqual(Addon.SettingInt(script.contextmenu,item1_position),1)</visible>
			</item>
			<item library="command.py" args="@item2_command,1" >
				<label>$INFO[Window(Home).Property(contextmenu_item2_name)]</label>
				<visible>Addon.SettingBool(script.contextmenu,item2_enable) + Integer.IsEqual(Addon.SettingInt(script.contextmenu,item2_position),1)</visible>
			</item>
			<item library="command.py" args="@item3_command,1" >
				<label>$INFO[Window(Home).Property(contextmenu_item3_name)]</label>
				<visible>Addon.SettingBool(script.contextmenu,item3_enable) + Integer.IsEqual(Addon.SettingInt(script.contextmenu,item3_position),1)</visible>
			</item>
			<item library="command.py" args="@item4_command,1" >
				<label>$INFO[Window(Home).Property(contextmenu_item4_name)]</label>
				<visible>Addon.SettingBool(script.contextmenu,item4_enable) + Integer.IsEqual(Addon.SettingInt(script.contextmenu,item4_position),1)</visible>
			</item>
		</menu> 
	</extension>
	<extension point="xbmc.addon.metadata">
        <summary lang="cs_cz">Context Menu - Easy Tools kategorie</summary>
        <description lang="cs_cz">Přidává různé a užitečné položky do kontextového menu. Umožňuje také uživatelům si s jeho pomocí definovat vlastní položky tohoto menu.[CR][CR]Další informace najdete na www.xbmc-kodi.cz/prispevek-context-menu.</description>
        <disclaimer  lang="cs_cz">Experimentální verze...</disclaimer>
        <summary lang="en_gb">Context Menu - Easy Tools category</summary>
        <description lang="en_gb">Adds various and useful items to the context menu. Addon also offers users to define their own menu items.[CR][CR]You can find more information at www.xbmc-kodi.cz/prispevek-context-menu (czech only).</description>
        <disclaimer  lang="en_gb">Experimental version...</disclaimer>
        <summary lang="sk_sk">Context Menu - Easy Tools kategórie</summary>
        <description lang="sk_sk">Pridáva rôzne a užitočné položky do kontextového menu. Umožňuje taktiež užívateľom si s jeho pomocou definovať vlastné položky tohto menu.[CR][CR]Ďalšie informácie nájdete na www.xbmc-kodi.cz/prispevek-context-menu.</description>
        <disclaimer  lang="sk_sk">Experimentálna verzia...</disclaimer>
        <language>cs_cz</language>
		<platform>all</platform>
        <license>GPL 2.0</license>
		<forum>https://www.xbmc-kodi.cz/prispevek-context-menu</forum>
		<website></website>
		<email></email>
		<source></source>
		<news>v0.1.15 (2023-11-13)
- added search in Netflix
- added other settings for search functions
		</news>
		<assets>
			<icon>resources/icon.png</icon>
            <screenshot>resources/screenshot01.jpg</screenshot>
            <screenshot>resources/screenshot02.jpg</screenshot>
            <screenshot>resources/screenshot03.jpg</screenshot>
            <screenshot>resources/screenshot04.jpg</screenshot>
            <screenshot>resources/screenshot05.jpg</screenshot>
		</assets>
	</extension>
</addon>
