<?xml version="1.0" encoding="utf-8"?>
<window type="dialog">
	<defaultcontrol always="true">9100</defaultcontrol>
	<animation type="WindowOpen" reversible="false">
		<effect type="zoom" start="80" end="100" center="50%,50%" delay="160" tween="back" time="240" />
		<effect type="fade" delay="160" end="100" time="240" />
	</animation>
	<animation type="WindowClose" reversible="false">
		<effect type="zoom" start="100" end="80" center="50%,50%" easing="in" tween="back" time="240" />
		<effect type="fade" start="100" end="0" time="240" />
	</animation>
	<depth>DepthDialog</depth>
	<controls>
		<control type="group" id="30070">
			<centerleft>50%</centerleft>
			<centertop>52%</centertop>
			<width>1270</width>
			<height>980</height>
			<control type="group">
				<control type="image" id="30071">
					<left>0</left>
					<top>0</top>
					<right>0</right>
					<bottom>0</bottom>
					<texture>white.png</texture>
				</control>
				<control type="image">
					<left>0</left>
					<top>0</top>
					<right>0</right>
					<bottom>0</bottom>
					<texture colordiffuse="FF1A2123">white.png</texture>
					<visible>!Control.IsVisible(30071)</visible>
				</control>
				<control type="image" id="30072">
					<left>0</left>
					<top>0</top>
					<right>0</right>
					<height>70</height>
					<texture border="2">white.png</texture>
				</control>
				<control type="image">
					<left>0</left>
					<top>0</top>
					<right>0</right>
					<height>70</height>
					<texture colordiffuse="FF12A0C7" border="2">white70.png</texture>
					<visible>!Control.IsVisible(30072)</visible>
				</control>
				<control type="group">
					<top>26</top>
					<left>12</left>
					<width>20</width>
					<height>20</height>
					<control type="image">
						<fadetime>300</fadetime>
						<aspectratio aligny="center" align="left">keep</aspectratio>
						<texture>square.png</texture>
						<visible>String.IsEmpty(Window(Home).Property(speedmeter_state))</visible>
					</control>
					<control type="image">
						<fadetime>300</fadetime>
						<aspectratio aligny="center" align="left">keep</aspectratio>
						<colordiffuse>blue</colordiffuse>
						<texture>square.png</texture>
						<visible>String.IsEqual(Window(Home).Property(speedmeter_state),SLEEP)</visible>
					</control>
					<control type="image">
						<fadetime>300</fadetime>
						<aspectratio aligny="center" align="left">keep</aspectratio>
						<colordiffuse>grey</colordiffuse>
						<texture>square.png</texture>
						<visible>String.IsEqual(Window(Home).Property(speedmeter_state),IDLE)</visible>
					</control>
					<control type="image">
						<fadetime>300</fadetime>
						<aspectratio aligny="center" align="left">keep</aspectratio>
						<colordiffuse>green</colordiffuse>
						<texture>square.png</texture>
						<visible>String.IsEqual(Window(Home).Property(speedmeter_state),ACTIVE)</visible>
					</control>
					<control type="image">
						<fadetime>300</fadetime>
						<aspectratio aligny="center" align="left">keep</aspectratio>
						<colordiffuse>red</colordiffuse>
						<texture>square.png</texture>
						<visible>String.IsEqual(Window(Home).Property(speedmeter_state),ERROR)</visible>
					</control>
				</control>
				<control type="label">
					<left>40</left>
					<top>0</top>
					<right>100</right>
					<height>70</height>
					<font>font32_title</font>
					<label>Speed Meter</label>
					<aligny>center</aligny>
					<shadowcolor>black</shadowcolor>
				</control>
				<control type="group" id="30030">
					<control type="grouplist" id="30031">
						<top>4</top>
						<right>10</right>
						<align>right</align>
						<itemgap>10</itemgap>
						<scrolltime tween="sine">200</scrolltime>
						<orientation>horizontal</orientation>
						<control type="group" id="30032">
							<width>400</width>
							<height>70</height>
							<control type="label"><top>15</top><align>right</align><font>font10</font><shadowcolor>black</shadowcolor><label>$ADDON[script.speedmeter 30100]</label><visible>Control.HasFocus(30033)</visible></control>
							<control type="label"><top>15</top><align>right</align><font>font10</font><shadowcolor>black</shadowcolor><label>$ADDON[script.speedmeter 30101]</label><visible>Control.HasFocus(30034)</visible></control>
							<control type="label"><top>15</top><align>right</align><font>font10</font><shadowcolor>black</shadowcolor><label>$ADDON[script.speedmeter 30102]</label><visible>Control.HasFocus(30035)</visible></control>
							<control type="label"><top>15</top><align>right</align><font>font10</font><shadowcolor>black</shadowcolor><label>$ADDON[script.speedmeter 30104]</label><visible>Control.HasFocus(30037)</visible></control>
							<control type="label"><top>15</top><align>right</align><font>font10</font><shadowcolor>black</shadowcolor><label>$ADDON[script.speedmeter 30105]</label><visible>Control.HasFocus(30038)</visible></control>
							<control type="label"><top>15</top><align>right</align><font>font10</font><shadowcolor>black</shadowcolor><label>$ADDON[script.speedmeter 30106]</label><visible>Control.HasFocus(30039)</visible></control>
							<control type="label"><top>15</top><align>right</align><font>font10</font><shadowcolor>black</shadowcolor><label>$ADDON[script.speedmeter 30107]</label><visible>Control.HasFocus(30040)</visible></control>
							<control type="label"><top>15</top><align>right</align><font>font10</font><shadowcolor>black</shadowcolor><label>$ADDON[script.speedmeter 30108]</label><visible>Control.HasFocus(30041)</visible></control>
						</control>
						<control type="radiobutton" id="30033">
							<description>MENU_MINIMIZE</description>
							<width>60</width>
							<height>60</height>
							<radiowidth>60</radiowidth>
							<radioheight>60</radioheight>
							<radioposx>1</radioposx>
							<radioposy>0</radioposy>
							<textureradioonfocus colordiffuse="white">minimize.png</textureradioonfocus>
							<textureradioonnofocus>minimize.png</textureradioonnofocus>
							<textureradioofffocus colordiffuse="white">minimize.png</textureradioofffocus>
							<textureradiooffnofocus>minimize.png</textureradiooffnofocus>
							<textureradioondisabled colordiffuse="disabled">minimize.png</textureradioondisabled>
							<textureradiooffdisabled colordiffuse="disabled">minimize.png</textureradiooffdisabled>
							<texturefocus colordiffuse="grey">button-focused.png</texturefocus>
							<texturenofocus></texturenofocus>
							<label></label>
						</control>
						<control type="radiobutton" id="30034">
							<description>MENU_DIRECTION</description>
							<top>0</top>
							<width>60</width>
							<height>60</height>
							<radiowidth>60</radiowidth>
							<radioheight>60</radioheight>
							<radioposx>1</radioposx>
							<radioposy>0</radioposy>
							<textureradioonfocus colordiffuse="white">down-up.png</textureradioonfocus>
							<textureradioonnofocus>down-up.png</textureradioonnofocus>
							<textureradioofffocus colordiffuse="white">down-up.png</textureradioofffocus>
							<textureradiooffnofocus>down-up.png</textureradiooffnofocus>
							<texturefocus colordiffuse="grey">button-focused.png</texturefocus>
							<texturenofocus></texturenofocus>
							<label></label>
							<selected>Skin.HasSetting(speedmeter_download)</selected>
							<onclick>Skin.ToggleSetting(speedmeter_download)</onclick>
						</control>
						<control type="radiobutton" id="30035">
							<description>MENU_TRANSPARENCY</description>
							<width>60</width>
							<height>60</height>
							<radiowidth>60</radiowidth>
							<radioheight>60</radioheight>
							<radioposx>1</radioposx>
							<radioposy>0</radioposy>
							<textureradioonfocus colordiffuse="white">screen_empty.png</textureradioonfocus>
							<textureradioonnofocus>screen_empty.png</textureradioonnofocus>
							<textureradioofffocus colordiffuse="white">screen_empty.png</textureradioofffocus>
							<textureradiooffnofocus>screen_empty.png</textureradiooffnofocus>
							<texturefocus colordiffuse="grey">button-focused.png</texturefocus>
							<texturenofocus></texturenofocus>
							<font>font10</font>
							<textcolor>white</textcolor>
							<shadowcolor>black</shadowcolor>
							<align>center</align>
							<aligny>top</aligny>
							<textoffsety>13</textoffsety>
						</control>
						<control type="radiobutton" id="30037">
							<description>MENU_BUFFER (clear)</description>
							<width>60</width>
							<height>60</height>
							<radiowidth>60</radiowidth>
							<radioheight>60</radioheight>
							<radioposx>1</radioposx>
							<radioposy>0</radioposy>
							<textureradioonfocus colordiffuse="white">clear.png</textureradioonfocus>
							<textureradioonnofocus>clear.png</textureradioonnofocus>
							<textureradioofffocus colordiffuse="white">clear.png</textureradioofffocus>
							<textureradiooffnofocus>clear.png</textureradiooffnofocus>
							<texturefocus colordiffuse="grey">button-focused.png</texturefocus>
							<texturenofocus></texturenofocus>
							<label></label>
						</control>
						<control type="radiobutton" id="30038">
							<description>MENU_SYNC</description>
							<width>60</width>
							<height>60</height>
							<radiowidth>60</radiowidth>
							<radioheight>60</radioheight>
							<radioposx>1</radioposx>
							<radioposy>0</radioposy>
							<textureradioonfocus colordiffuse="white">synchroplay.png</textureradioonfocus>
							<textureradioonnofocus>synchroplay.png</textureradioonnofocus>
							<textureradioofffocus colordiffuse="white">synchroplay.png</textureradioofffocus>
							<textureradiooffnofocus>synchroplay.png</textureradiooffnofocus>
							<texturefocus colordiffuse="grey">button-focused.png</texturefocus>
							<texturenofocus></texturenofocus>
							<label></label>
						</control>
						<control type="radiobutton" id="30039">
							<visible>false</visible>
							<description>MENU_SAVE</description>
							<width>60</width>
							<height>60</height>
							<radiowidth>60</radiowidth>
							<radioheight>60</radioheight>
							<radioposx>1</radioposx>
							<radioposy>0</radioposy>
							<textureradioonfocus colordiffuse="white">savetosetting.png</textureradioonfocus>
							<textureradioonnofocus>savetosetting.png</textureradioonnofocus>
							<textureradioofffocus colordiffuse="white">savetosetting.png</textureradioofffocus>
							<textureradiooffnofocus>savetosetting.png</textureradiooffnofocus>
							<texturefocus colordiffuse="grey">button-focused.png</texturefocus>
							<texturenofocus></texturenofocus>
							<label></label>
						</control>
						<control type="radiobutton" id="30040">
							<description>MENU_SETTINGS</description>
							<width>60</width>
							<height>60</height>
							<radiowidth>60</radiowidth>
							<radioheight>60</radioheight>
							<radioposx>1</radioposx>
							<radioposy>0</radioposy>
							<textureradioonfocus colordiffuse="white">settings.png</textureradioonfocus>
							<textureradioonnofocus>settings.png</textureradioonnofocus>
							<textureradioofffocus colordiffuse="white">settings.png</textureradioofffocus>
							<textureradiooffnofocus>settings.png</textureradiooffnofocus>
							<textureradioondisabled colordiffuse="disabled">settings.png</textureradioondisabled>
							<textureradiooffdisabled colordiffuse="disabled">settings.png</textureradiooffdisabled>
							<texturefocus colordiffuse="grey">button-focused.png</texturefocus>
							<texturenofocus></texturenofocus>
							<label></label>
						</control>
						<control type="radiobutton" id="30041">
							<description>MENU_EXIT</description>
							<width>60</width>
							<height>60</height>
							<radiowidth>60</radiowidth>
							<radioheight>60</radioheight>
							<radioposx>1</radioposx>
							<radioposy>0</radioposy>
							<textureradioonfocus colordiffuse="white">exit.png</textureradioonfocus>
							<textureradioonnofocus>exit.png</textureradioonnofocus>
							<textureradioofffocus colordiffuse="white">exit.png</textureradioofffocus>
							<textureradiooffnofocus>exit.png</textureradiooffnofocus>
							<textureradioondisabled colordiffuse="disabled">exit.png</textureradioondisabled>
							<textureradiooffdisabled colordiffuse="disabled">exit.png</textureradiooffdisabled>
							<texturefocus colordiffuse="grey">button-focused.png</texturefocus>
							<texturenofocus></texturenofocus>
							<label></label>
							<onclick>Action(close)</onclick>
							<onclick>Action(close)</onclick>
						</control>
					</control>
				</control>
				<control type="group">
					<visible>!Control.IsVisible(30030)</visible>
					<control type="radiobutton">
						<left></left>
						<right>10</right>
						<top>11</top>
						<width>48</width>
						<height>48</height>
						<radiowidth>48</radiowidth>
						<radioheight>48</radioheight>
						<texturefocus />
						<texturenofocus />
						<label></label>
						<textureradioofffocus colordiffuse="EEFFFFFF">close.png</textureradioofffocus>
						<textureradiooffnofocus colordiffuse="EEFFFFFF">special://xbmc/media/vendor_icon.png</textureradiooffnofocus>
						<textureradioonfocus colordiffuse="EEFFFFFF">close.png</textureradioonfocus>
						<textureradioonnofocus colordiffuse="EEFFFFFF">special://xbmc/media/vendor_icon.png</textureradioonnofocus>
						<texturefocus colordiffuse="grey">button-focused.png</texturefocus>
						<label></label>
						<onclick>Action(close)</onclick>
						<visible>!Skin.HasSetting(touchmode)</visible>
					</control>
					<control type="button">
						<right>10</right>
						<top>11</top>
						<width>48</width>
						<height>48</height>
						<texturefocus>close.png</texturefocus>
						<texturenofocus>close.png</texturenofocus>
						<label></label>
						<onclick>Action(close)</onclick>
						<visible>Skin.HasSetting(touchmode)</visible>
					</control>
				</control>
			</control>
			<control type="group">
				<description>Bottom bars</description>
				<top>890</top>
				<control type="group">
					<description>1st line - Bufer and cache</description>
					<top>-5</top>
					<width>100%</width>
					<control type="grouplist">
						<description>From left</description>
						<orientation>horizontal</orientation>
						<left>160</left>
						<width>1200</width>
						<align>left</align>
						<itemgap>10</itemgap>
						<control type="group">
							<width>300</width>
							<control type="progress">
								<top>10</top>
								<left></left>
								<height>12</height>
								<width>875</width>
								<info>Player.ProgressCache</info>
								<texturebg border="3" colordiffuse="00FFFFFF">white50.png</texturebg>
								<midtexture>white50.png</midtexture>
							</control>
							<control type="progress">
								<top>10</top>
								<left></left>
								<height>12</height>
								<width>875</width>
								<info>Player.Progress</info>
								<texturebg border="3" colordiffuse="60FFFFFF">white50.png</texturebg>
								<midtexture>white.png</midtexture>
							</control>
							<visible>Player.HasVideo</visible>
						</control>
					</control>
					<control type="grouplist">
						<description>From right</description>
						<orientation>horizontal</orientation>
						<right>105</right>
						<width>1200</width>
						<align>right</align>
						<itemgap>10</itemgap>
						<control type="label"><font>font10</font><width>auto</width><label>[B][/B]Buffer: $INFO[Player.CacheLevel, [B],%[/B]]</label><visible>Player.HasVideo</visible></control>
					</control>
				</control>
				<control type="group">
					<description>2nd line - CPU usage</description>
					<top>20</top>
					<width>100%</width>
					<control type="grouplist">
						<description>From left</description>
						<orientation>horizontal</orientation>
						<left>10</left>
						<width>1200</width>
						<align>left</align>
						<itemgap>10</itemgap>
						<control type="label"><font>font10</font><width>auto</width><label>$INFO[System.CPUUsage,[B][/B]CPU: [B],[/B]]</label><visible>System.SupportsCPUUsage</visible></control>
					</control>
				</control>
				<control type="group">
					<description>3rd line - CPU/GPU frequency, temperatures</description>
					<top>40</top>
					<width>100%</width>
					<control type="grouplist">
						<description>From left</description>
						<orientation>horizontal</orientation>
						<left>10</left>
						<width>1200</width>
						<align>left</align>
						<itemgap>10</itemgap>
						<control type="label"><font>font10</font><width>auto</width><label>[B][/B]MEM: $INFO[System.Memory(free),[B],[/B]]$INFO[system.memory(free.percent), [B](,)[/B]]/$INFO[system.memory(used),[B],[/B]]$INFO[system.memory(used.percent), [B](,)[/B]]/$INFO[system.memory(total),[B],[/B]]</label></control>
					</control>
					<control type="grouplist">
						<description>From right</description>
						<orientation>horizontal</orientation>
						<right>10</right>
						<width>1200</width>
						<align>right</align>
						<itemgap>10</itemgap>
						<control type="label"><font>font10</font><width>auto</width><label>$INFO[System.CpuFrequency,[B][/B]CPU: [B],[/B]]</label></control>
						<control type="label"><font>font10</font><width>auto</width><label>$INFO[System.CPUTemperature,[B][/B]CPU: [B],[/B]]</label></control>
						<control type="label"><font>font10</font><width>auto</width><label>$INFO[System.GPUTemperature,[B][/B]GPU: [B],[/B]]</label></control>
					</control>
				</control>
				<control type="group">
					<description>4th line - Skin and system</description>
					<top>60</top>
					<width>100%</width>
					<control type="grouplist">
						<description>From left</description>
						<orientation>horizontal</orientation>
						<left>10</left>
						<width>1200</width>
						<align>left</align>
						<itemgap>10</itemgap>
						<control type="label"><font>font10</font><width>auto</width><label>[B][/B]Skin by addon: [B]Default[/B]</label></control>
					</control>
					<control type="grouplist">
						<description>From right</description>
						<orientation>horizontal</orientation>
						<right>10</right>
						<width>1200</width>
						<align>right</align>
						<itemgap>10</itemgap>
						<control type="label" id="30090"><font>font10</font><width>auto</width></control>
					</control>
				</control>
			</control>
			<control type="group" id="30000">
				<width>100%</width>
				<control type="grouplist" id="30001">
					<orientation>horizontal</orientation>
					<left>10</left>
					<top>75</top>
					<width>100%</width>
					<align>left</align>
					<control type="label">
						<height>30</height>
						<width>auto</width>
						<font>font10</font>
						<textcolor>blue</textcolor>
						<label>[B]Sync[/B]</label>
						<visible>Addon.SettingBool(script.speedmeter,sync_clear)</visible>
					</control>
					<control type="label">
						<height>30</height>
						<width>auto</width>
						<font>font10</font>
						<label> [B]·[/B] </label>
						<visible>Addon.SettingBool(script.speedmeter,sync_clear) + !String.IsEmpty(Control.GetLabel(30002)) + !String.IsEmpty(Control.GetLabel(30003))</visible>
					</control>
					<control type="label" id="30002"><height>30</height><width>auto</width><font>font10</font><textcolor>blue</textcolor></control>
					<control type="label">
						<height>30</height>
						<width>auto</width>
						<font>font10</font>
						<label> [B]·[/B] </label>
						<visible>!String.IsEmpty(Control.GetLabel(30002)) + !String.IsEmpty(Control.GetLabel(30003))</visible>
					</control>
					<control type="label" id="30003"><height>30</height><width>auto</width><font>font10</font><textcolor>blue</textcolor></control>
				</control>
				<control type="group" id="30010">
					<visible>true</visible>
					<top>75</top>
					<width>100%</width>
					<control type="label" id="30011">
						<height>30</height>
						<width>auto</width>
						<align>center</align>
						<font>font10</font>
					</control>
				</control>
				<control type="grouplist">
					<orientation>horizontal</orientation>
					<right>10</right>
					<top>75</top>
					<width>1200</width>
					<align>right</align>
					<itemgap>10</itemgap>
					<control type="label" id="30009"><height>30</height><width>auto</width><font>font10</font><textcolor>blue</textcolor></control>
					<control type="label"><font>font10</font><width>auto</width><label>[B]$INFO[System.Time(hh:mm:ss)][/B]</label></control>
				</control>
			</control>
			<control type="group">
				<top>120</top>
				<left>160</left>
				<control type="label">
					<visible>false</visible>
					<left>-150</left>
					<top>-10</top>
					<height>20</height>
					<width>80</width>
					<align>right</align>
					<font>font10</font>
					<textcolor>grey</textcolor>
					<label>$INFO[System.Time(hh:mm:ss)]</label>
				</control>
				<control type="group" id="30020">
					<top>-10</top>
					<left>-43</left>
					<height>20</height>
					<control type="label" id="30021"><left>0</left><width>80</width><align>center</align><font>font10</font></control>
					<control type="label" id="30022"><left>200</left><width>80</width><align>center</align><font>font10</font></control>
					<control type="label" id="30023"><left>400</left><width>80</width><align>center</align><font>font10</font></control>
					<control type="label" id="30024"><left>600</left><width>80</width><align>center</align><font>font10</font></control>
					<control type="label" id="30025"><left>800</left><width>80</width><align>center</align><font>font10</font></control>
					<control type="label" id="30026"><left>1000</left><width>80</width><align>center</align><font>font10</font></control>
					<control type="label"><right>10</right><width>80</width><align>right</align><font>font10</font><label>[Mbps]</label></control>
				</control>
				<control type="grouplist">
					<top>18</top>
					<left>-155</left>
					<width>90</width>
					<itemgap>20</itemgap>
					<control type="label" id="30150"><align>right</align><font>font10</font></control>
					<control type="label" id="30151"><align>right</align><font>font10</font><textcolor>grey</textcolor></control>
					<control type="label" id="30152"><align>right</align><font>font10</font><textcolor>grey</textcolor></control>
					<control type="label" id="30153"><align>right</align><font>font10</font><textcolor>grey</textcolor></control>
					<control type="label" id="30154"><align>right</align><font>font10</font><textcolor>grey</textcolor></control>
					<control type="label" id="30155"><align>right</align><font>font10</font><textcolor>grey</textcolor></control>
					<control type="label" id="30156"><align>right</align><font>font10</font></control>
					<control type="label" id="30157"><align>right</align><font>font10</font><textcolor>grey</textcolor></control>
					<control type="label" id="30158"><align>right</align><font>font10</font><textcolor>grey</textcolor></control>
					<control type="label" id="30159"><align>right</align><font>font10</font><textcolor>grey</textcolor></control>
					<control type="label" id="30160"><align>right</align><font>font10</font><textcolor>grey</textcolor></control>
					<control type="label" id="30161"><align>right</align><font>font10</font><textcolor>grey</textcolor></control>
					<control type="label" id="30162"><align>right</align><font>font10</font></control>
					<control type="label" id="30163"><align>right</align><font>font10</font><textcolor>grey</textcolor></control>
					<control type="label" id="30164"><align>right</align><font>font10</font><textcolor>grey</textcolor></control>
					<control type="label" id="30165"><align>right</align><font>font10</font><textcolor>grey</textcolor></control>
					<control type="label" id="30166"><align>right</align><font>font10</font><textcolor>grey</textcolor></control>
					<control type="label" id="30167"><align>right</align><font>font10</font><textcolor>grey</textcolor></control>
					<control type="label" id="30168"><align>right</align><font>font10</font></control>
					<control type="label" id="30169"><align>right</align><font>font10</font><textcolor>grey</textcolor></control>
					<control type="label" id="30170"><align>right</align><font>font10</font><textcolor>grey</textcolor></control>
					<control type="label" id="30171"><align>right</align><font>font10</font><textcolor>grey</textcolor></control>
					<control type="label" id="30172"><align>right</align><font>font10</font><textcolor>grey</textcolor></control>
					<control type="label" id="30173"><align>right</align><font>font10</font><textcolor>grey</textcolor></control>
					<control type="label" id="30174"><align>right</align><font>font10</font></control>
					<control type="label" id="30175"><align>right</align><font>font10</font><textcolor>grey</textcolor></control>
					<control type="label" id="30176"><align>right</align><font>font10</font><textcolor>grey</textcolor></control>
					<control type="label" id="30177"><align>right</align><font>font10</font><textcolor>grey</textcolor></control>
					<control type="label" id="30178"><align>right</align><font>font10</font><textcolor>grey</textcolor></control>
					<control type="label" id="30179"><align>right</align><font>font10</font><textcolor>grey</textcolor></control>
					<control type="label" id="30180"><align>right</align><font>font10</font></control>
					<control type="label" id="30181"><align>right</align><font>font10</font><textcolor>grey</textcolor></control>
					<control type="label" id="30182"><align>right</align><font>font10</font><textcolor>grey</textcolor></control>
					<control type="label" id="30183"><align>right</align><font>font10</font><textcolor>grey</textcolor></control>
					<control type="label" id="30184"><align>right</align><font>font10</font><textcolor>grey</textcolor></control>
					<control type="label" id="30185"><align>right</align><font>font10</font><textcolor>grey</textcolor></control>
					<control type="label" id="30186"><align>right</align><font>font10</font></control>
				</control>
				<control type="grouplist">
					<top>20</top>
					<right>10</right>
					<width>80</width>
					<itemgap>20</itemgap>
					<control type="label" id="30200"><align>right</align><font>font10</font></control>
					<control type="label" id="30201"><align>right</align><font>font10</font><textcolor>grey</textcolor></control>
					<control type="label" id="30202"><align>right</align><font>font10</font><textcolor>grey</textcolor></control>
					<control type="label" id="30203"><align>right</align><font>font10</font><textcolor>grey</textcolor></control>
					<control type="label" id="30204"><align>right</align><font>font10</font><textcolor>grey</textcolor></control>
					<control type="label" id="30205"><align>right</align><font>font10</font><textcolor>grey</textcolor></control>
					<control type="label" id="30206"><align>right</align><font>font10</font></control>
					<control type="label" id="30207"><align>right</align><font>font10</font><textcolor>grey</textcolor></control>
					<control type="label" id="30208"><align>right</align><font>font10</font><textcolor>grey</textcolor></control>
					<control type="label" id="30209"><align>right</align><font>font10</font><textcolor>grey</textcolor></control>
					<control type="label" id="30210"><align>right</align><font>font10</font><textcolor>grey</textcolor></control>
					<control type="label" id="30211"><align>right</align><font>font10</font><textcolor>grey</textcolor></control>
					<control type="label" id="30212"><align>right</align><font>font10</font></control>
					<control type="label" id="30213"><align>right</align><font>font10</font><textcolor>grey</textcolor></control>
					<control type="label" id="30214"><align>right</align><font>font10</font><textcolor>grey</textcolor></control>
					<control type="label" id="30215"><align>right</align><font>font10</font><textcolor>grey</textcolor></control>
					<control type="label" id="30216"><align>right</align><font>font10</font><textcolor>grey</textcolor></control>
					<control type="label" id="30217"><align>right</align><font>font10</font><textcolor>grey</textcolor></control>
					<control type="label" id="30218"><align>right</align><font>font10</font></control>
					<control type="label" id="30219"><align>right</align><font>font10</font><textcolor>grey</textcolor></control>
					<control type="label" id="30220"><align>right</align><font>font10</font><textcolor>grey</textcolor></control>
					<control type="label" id="30221"><align>right</align><font>font10</font><textcolor>grey</textcolor></control>
					<control type="label" id="30222"><align>right</align><font>font10</font><textcolor>grey</textcolor></control>
					<control type="label" id="30223"><align>right</align><font>font10</font><textcolor>grey</textcolor></control>
					<control type="label" id="30224"><align>right</align><font>font10</font></control>
					<control type="label" id="30225"><align>right</align><font>font10</font><textcolor>grey</textcolor></control>
					<control type="label" id="30226"><align>right</align><font>font10</font><textcolor>grey</textcolor></control>
					<control type="label" id="30227"><align>right</align><font>font10</font><textcolor>grey</textcolor></control>
					<control type="label" id="30228"><align>right</align><font>font10</font><textcolor>grey</textcolor></control>
					<control type="label" id="30229"><align>right</align><font>font10</font><textcolor>grey</textcolor></control>
					<control type="label" id="30230"><align>right</align><font>font10</font></control>
					<control type="label" id="30231"><align>right</align><font>font10</font><textcolor>grey</textcolor></control>
					<control type="label" id="30232"><align>right</align><font>font10</font><textcolor>grey</textcolor></control>
					<control type="label" id="30233"><align>right</align><font>font10</font><textcolor>grey</textcolor></control>
					<control type="label" id="30234"><align>right</align><font>font10</font><textcolor>grey</textcolor></control>
					<control type="label" id="30235"><align>right</align><font>font10</font><textcolor>grey</textcolor></control>
					<control type="label" id="30236"><align>right</align><font>font10</font></control>
				</control>
				<control type="grouplist">
					<top>18</top>
					<left>-70</left>
					<width>60</width>
					<itemgap>120</itemgap>
					<control type="label"><align>right</align><font>font10</font><label>0:00</label></control>
					<control type="label"><align>right</align><font>font10</font><label>-0:30</label></control>
					<control type="label"><align>right</align><font>font10</font><label>-1:00</label></control>
					<control type="label"><align>right</align><font>font10</font><label>-1:30</label></control>
					<control type="label"><align>right</align><font>font10</font><label>-2:00</label></control>
					<control type="label"><align>right</align><font>font10</font><label>-2:30</label></control>
					<control type="label"><align>right</align><font>font10</font><label>-3:00</label></control>
				</control>
				<control type="group">
					<top>20</top>
					<control type="group">
						<control type="image"><top>0</top><height>1</height><width>1002</width><texture>horizontal.png</texture></control>
						<control type="image"><top>743</top><height>1</height><width>1002</width><texture>horizontal.png</texture></control>
					</control>
					<control type="group">
						<top>-3</top>
						<control type="image"><left>0</left><height>746</height><width>2</width><texture>vertical.png</texture></control>
						<control type="image"><left>200</left><height>746</height><width>2</width><texture>vertical.png</texture></control>
						<control type="image"><left>400</left><height>746</height><width>2</width><texture>vertical.png</texture></control>
						<control type="image"><left>600</left><height>746</height><width>2</width><texture>vertical.png</texture></control>
						<control type="image"><left>800</left><height>746</height><width>2</width><texture>vertical.png</texture></control>
						<control type="image"><left>1000</left><height>746</height><width>2</width><texture>vertical.png</texture></control>
					</control>
					<control type="grouplist">
						<top>3</top>
						<width>1000</width>
						<itemgap>2</itemgap>
						<control type="progress" id="30100"><left></left><height>18</height><texturebg border="3" colordiffuse="60FFFFFF">white50.png</texturebg><midtexture colordiffuse="C212A0C7">white.png</midtexture></control>
						<control type="progress" id="30101"><left></left><height>18</height><texturebg border="3" colordiffuse="60FFFFFF">white50.png</texturebg><midtexture colordiffuse="C212A0C7">white.png</midtexture></control>
						<control type="progress" id="30102"><left></left><height>18</height><texturebg border="3" colordiffuse="60FFFFFF">white50.png</texturebg><midtexture colordiffuse="C212A0C7">white.png</midtexture></control>
						<control type="progress" id="30103"><left></left><height>18</height><texturebg border="3" colordiffuse="60FFFFFF">white50.png</texturebg><midtexture colordiffuse="C212A0C7">white.png</midtexture></control>
						<control type="progress" id="30104"><left></left><height>18</height><texturebg border="3" colordiffuse="60FFFFFF">white50.png</texturebg><midtexture colordiffuse="C212A0C7">white.png</midtexture></control>
						<control type="progress" id="30105"><left></left><height>18</height><texturebg border="3" colordiffuse="60FFFFFF">white50.png</texturebg><midtexture colordiffuse="C212A0C7">white.png</midtexture></control>
						<control type="progress" id="30106"><left></left><height>18</height><texturebg border="3" colordiffuse="60FFFFFF">white50.png</texturebg><midtexture colordiffuse="C212A0C7">white.png</midtexture></control>
						<control type="progress" id="30107"><left></left><height>18</height><texturebg border="3" colordiffuse="60FFFFFF">white50.png</texturebg><midtexture colordiffuse="C212A0C7">white.png</midtexture></control>
						<control type="progress" id="30108"><left></left><height>18</height><texturebg border="3" colordiffuse="60FFFFFF">white50.png</texturebg><midtexture colordiffuse="C212A0C7">white.png</midtexture></control>
						<control type="progress" id="30109"><left></left><height>18</height><texturebg border="3" colordiffuse="60FFFFFF">white50.png</texturebg><midtexture colordiffuse="C212A0C7">white.png</midtexture></control>
						<control type="progress" id="30110"><left></left><height>18</height><texturebg border="3" colordiffuse="60FFFFFF">white50.png</texturebg><midtexture colordiffuse="C212A0C7">white.png</midtexture></control>
						<control type="progress" id="30111"><left></left><height>18</height><texturebg border="3" colordiffuse="60FFFFFF">white50.png</texturebg><midtexture colordiffuse="C212A0C7">white.png</midtexture></control>
						<control type="progress" id="30112"><left></left><height>18</height><texturebg border="3" colordiffuse="60FFFFFF">white50.png</texturebg><midtexture colordiffuse="C212A0C7">white.png</midtexture></control>
						<control type="progress" id="30113"><left></left><height>18</height><texturebg border="3" colordiffuse="60FFFFFF">white50.png</texturebg><midtexture colordiffuse="C212A0C7">white.png</midtexture></control>
						<control type="progress" id="30114"><left></left><height>18</height><texturebg border="3" colordiffuse="60FFFFFF">white50.png</texturebg><midtexture colordiffuse="C212A0C7">white.png</midtexture></control>
						<control type="progress" id="30115"><left></left><height>18</height><texturebg border="3" colordiffuse="60FFFFFF">white50.png</texturebg><midtexture colordiffuse="C212A0C7">white.png</midtexture></control>
						<control type="progress" id="30116"><left></left><height>18</height><texturebg border="3" colordiffuse="60FFFFFF">white50.png</texturebg><midtexture colordiffuse="C212A0C7">white.png</midtexture></control>
						<control type="progress" id="30117"><left></left><height>18</height><texturebg border="3" colordiffuse="60FFFFFF">white50.png</texturebg><midtexture colordiffuse="C212A0C7">white.png</midtexture></control>
						<control type="progress" id="30118"><left></left><height>18</height><texturebg border="3" colordiffuse="60FFFFFF">white50.png</texturebg><midtexture colordiffuse="C212A0C7">white.png</midtexture></control>
						<control type="progress" id="30119"><left></left><height>18</height><texturebg border="3" colordiffuse="60FFFFFF">white50.png</texturebg><midtexture colordiffuse="C212A0C7">white.png</midtexture></control>
						<control type="progress" id="30120"><left></left><height>18</height><texturebg border="3" colordiffuse="60FFFFFF">white50.png</texturebg><midtexture colordiffuse="C212A0C7">white.png</midtexture></control>
						<control type="progress" id="30121"><left></left><height>18</height><texturebg border="3" colordiffuse="60FFFFFF">white50.png</texturebg><midtexture colordiffuse="C212A0C7">white.png</midtexture></control>
						<control type="progress" id="30122"><left></left><height>18</height><texturebg border="3" colordiffuse="60FFFFFF">white50.png</texturebg><midtexture colordiffuse="C212A0C7">white.png</midtexture></control>
						<control type="progress" id="30123"><left></left><height>18</height><texturebg border="3" colordiffuse="60FFFFFF">white50.png</texturebg><midtexture colordiffuse="C212A0C7">white.png</midtexture></control>
						<control type="progress" id="30124"><left></left><height>18</height><texturebg border="3" colordiffuse="60FFFFFF">white50.png</texturebg><midtexture colordiffuse="C212A0C7">white.png</midtexture></control>
						<control type="progress" id="30125"><left></left><height>18</height><texturebg border="3" colordiffuse="60FFFFFF">white50.png</texturebg><midtexture colordiffuse="C212A0C7">white.png</midtexture></control>
						<control type="progress" id="30126"><left></left><height>18</height><texturebg border="3" colordiffuse="60FFFFFF">white50.png</texturebg><midtexture colordiffuse="C212A0C7">white.png</midtexture></control>
						<control type="progress" id="30127"><left></left><height>18</height><texturebg border="3" colordiffuse="60FFFFFF">white50.png</texturebg><midtexture colordiffuse="C212A0C7">white.png</midtexture></control>
						<control type="progress" id="30128"><left></left><height>18</height><texturebg border="3" colordiffuse="60FFFFFF">white50.png</texturebg><midtexture colordiffuse="C212A0C7">white.png</midtexture></control>
						<control type="progress" id="30129"><left></left><height>18</height><texturebg border="3" colordiffuse="60FFFFFF">white50.png</texturebg><midtexture colordiffuse="C212A0C7">white.png</midtexture></control>
						<control type="progress" id="30130"><left></left><height>18</height><texturebg border="3" colordiffuse="60FFFFFF">white50.png</texturebg><midtexture colordiffuse="C212A0C7">white.png</midtexture></control>
						<control type="progress" id="30131"><left></left><height>18</height><texturebg border="3" colordiffuse="60FFFFFF">white50.png</texturebg><midtexture colordiffuse="C212A0C7">white.png</midtexture></control>
						<control type="progress" id="30132"><left></left><height>18</height><texturebg border="3" colordiffuse="60FFFFFF">white50.png</texturebg><midtexture colordiffuse="C212A0C7">white.png</midtexture></control>
						<control type="progress" id="30133"><left></left><height>18</height><texturebg border="3" colordiffuse="60FFFFFF">white50.png</texturebg><midtexture colordiffuse="C212A0C7">white.png</midtexture></control>
						<control type="progress" id="30134"><left></left><height>18</height><texturebg border="3" colordiffuse="60FFFFFF">white50.png</texturebg><midtexture colordiffuse="C212A0C7">white.png</midtexture></control>
						<control type="progress" id="30135"><left></left><height>18</height><texturebg border="3" colordiffuse="60FFFFFF">white50.png</texturebg><midtexture colordiffuse="C212A0C7">white.png</midtexture></control>
						<control type="progress" id="30136"><left></left><height>18</height><texturebg border="3" colordiffuse="60FFFFFF">white50.png</texturebg><midtexture colordiffuse="C212A0C7">white.png</midtexture></control>
					</control>
					<control type="group">
						<top>-3</top>
						<control type="image"><left>0</left><height>746</height><width>2</width><texture>vertical.png</texture></control>
					</control>
					<control type="group">
						<top>2</top>
						<control type="image" id="30017"><height>741</height><width>3</width><colordiffuse>red</colordiffuse><texture>vertical.png</texture></control>
						<control type="image" id="30013"><height>741</height><width>3</width><colordiffuse>green</colordiffuse><texture>vertical.png</texture></control>
						<control type="image" id="30015"><height>741</height><width>3</width><colordiffuse>yellow</colordiffuse><texture>vertical.png</texture></control>
					</control>
				</control>
			</control>
		</control>
		<control type="group" id="30080">
			<!-- <left>-8000</left> -->
			<!-- <right>-8000</right> -->
			<centerleft>50%</centerleft>
			<centertop>50%</centertop>
			<width>600</width>
			<height>425</height>
			<control type="group">
				<control type="image" id="30081">
					<left>0</left>
					<top>0</top>
					<right>0</right>
					<bottom>0</bottom>
					<texture>white.png</texture>
				</control>
			</control>
			<control type="group">
				<top>4</top>
				<left>4</left>
				<width>10</width>
				<height>10</height>
				<control type="image">
					<fadetime>300</fadetime>
					<aspectratio aligny="center" align="left">keep</aspectratio>
					<texture>square.png</texture>
					<visible>String.IsEmpty(Window(Home).Property(speedmeter_state))</visible>
				</control>
				<control type="image">
					<fadetime>300</fadetime>
					<aspectratio aligny="center" align="left">keep</aspectratio>
					<colordiffuse>blue</colordiffuse>
					<texture>square.png</texture>
					<visible>String.IsEqual(Window(Home).Property(speedmeter_state),SLEEP)</visible>
				</control>
				<control type="image">
					<fadetime>300</fadetime>
					<aspectratio aligny="center" align="left">keep</aspectratio>
					<colordiffuse>grey</colordiffuse>
					<texture>square.png</texture>
					<visible>String.IsEqual(Window(Home).Property(speedmeter_state),IDLE)</visible>
				</control>
				<control type="image">
					<fadetime>300</fadetime>
					<aspectratio aligny="center" align="left">keep</aspectratio>
					<colordiffuse>green</colordiffuse>
					<texture>square.png</texture>
					<visible>String.IsEqual(Window(Home).Property(speedmeter_state),ACTIVE)</visible>
				</control>
				<control type="image">
					<fadetime>300</fadetime>
					<aspectratio aligny="center" align="left">keep</aspectratio>
					<colordiffuse>red</colordiffuse>
					<texture>square.png</texture>
					<visible>String.IsEqual(Window(Home).Property(speedmeter_state),ERROR)</visible>
				</control>
			</control>
			<control type="group">
				<top>10</top>
				<left>70</left>
				<control type="group" id="30060">
					<top>-8</top>
					<left>-43</left>
					<height>20</height>
					<control type="label" id="30061"><left>0</left><width>80</width><align>center</align><font>font10</font></control>
					<control type="label" id="30062"><left>100</left><width>80</width><align>center</align><font>font10</font></control>
					<control type="label" id="30063"><left>200</left><width>80</width><align>center</align><font>font10</font></control>
					<control type="label" id="30064"><left>300</left><width>80</width><align>center</align><font>font10</font></control>
					<control type="label" id="30065"><left>400</left><width>80</width><align>center</align><font>font10</font></control>
					<control type="label" id="30066"><left>500</left><width>80</width><align>center</align><font>font10</font></control>
				</control>
				<control type="grouplist">
					<top>13</top>
					<left>-70</left>
					<width>60</width>
					<itemgap>60</itemgap>
					<control type="label"><align>right</align><font>font10</font><label>0:00</label></control>
					<control type="label"><align>right</align><font>font10</font><label>-0:30</label></control>
					<control type="label"><align>right</align><font>font10</font><label>-1:00</label></control>
					<control type="label"><align>right</align><font>font10</font><label>-1:30</label></control>
					<control type="label"><align>right</align><font>font10</font><label>-2:00</label></control>
					<control type="label"><align>right</align><font>font10</font><label>-2:30</label></control>
					<control type="label"><align>right</align><font>font10</font><label>-3:00</label></control>
				</control>
				<control type="group">
					<top>20</top>
					<control type="group">
						<control type="image"><top>0</top><height>1</height><width>502</width><texture>horizontal.png</texture></control>
						<control type="image"><top>374</top><height>1</height><width>502</width><texture>horizontal.png</texture></control>
					</control>
					<control type="group">
						<top>-3</top>
						<control type="image"><left>0</left><height>377</height><width>2</width><texture>vertical.png</texture></control>
						<control type="image"><left>100</left><height>377</height><width>2</width><texture>vertical.png</texture></control>
						<control type="image"><left>200</left><height>377</height><width>2</width><texture>vertical.png</texture></control>
						<control type="image"><left>300</left><height>377</height><width>2</width><texture>vertical.png</texture></control>
						<control type="image"><left>400</left><height>377</height><width>2</width><texture>vertical.png</texture></control>
						<control type="image"><left>500</left><height>377</height><width>2</width><texture>vertical.png</texture></control>
					</control>
					<control type="grouplist">
						<top>3</top>
						<width>500</width>
						<itemgap>1</itemgap>
						<control type="progress" id="30300"><left></left><height>9</height><texturebg border="3" colordiffuse="60FFFFFF">white50.png</texturebg><midtexture colordiffuse="C212A0C7">white.png</midtexture></control>
						<control type="progress" id="30301"><left></left><height>9</height><texturebg border="3" colordiffuse="60FFFFFF">white50.png</texturebg><midtexture colordiffuse="C212A0C7">white.png</midtexture></control>
						<control type="progress" id="30302"><left></left><height>9</height><texturebg border="3" colordiffuse="60FFFFFF">white50.png</texturebg><midtexture colordiffuse="C212A0C7">white.png</midtexture></control>
						<control type="progress" id="30303"><left></left><height>9</height><texturebg border="3" colordiffuse="60FFFFFF">white50.png</texturebg><midtexture colordiffuse="C212A0C7">white.png</midtexture></control>
						<control type="progress" id="30304"><left></left><height>9</height><texturebg border="3" colordiffuse="60FFFFFF">white50.png</texturebg><midtexture colordiffuse="C212A0C7">white.png</midtexture></control>
						<control type="progress" id="30305"><left></left><height>9</height><texturebg border="3" colordiffuse="60FFFFFF">white50.png</texturebg><midtexture colordiffuse="C212A0C7">white.png</midtexture></control>
						<control type="progress" id="30306"><left></left><height>9</height><texturebg border="3" colordiffuse="60FFFFFF">white50.png</texturebg><midtexture colordiffuse="C212A0C7">white.png</midtexture></control>
						<control type="progress" id="30307"><left></left><height>9</height><texturebg border="3" colordiffuse="60FFFFFF">white50.png</texturebg><midtexture colordiffuse="C212A0C7">white.png</midtexture></control>
						<control type="progress" id="30308"><left></left><height>9</height><texturebg border="3" colordiffuse="60FFFFFF">white50.png</texturebg><midtexture colordiffuse="C212A0C7">white.png</midtexture></control>
						<control type="progress" id="30309"><left></left><height>9</height><texturebg border="3" colordiffuse="60FFFFFF">white50.png</texturebg><midtexture colordiffuse="C212A0C7">white.png</midtexture></control>
						<control type="progress" id="30310"><left></left><height>9</height><texturebg border="3" colordiffuse="60FFFFFF">white50.png</texturebg><midtexture colordiffuse="C212A0C7">white.png</midtexture></control>
						<control type="progress" id="30311"><left></left><height>9</height><texturebg border="3" colordiffuse="60FFFFFF">white50.png</texturebg><midtexture colordiffuse="C212A0C7">white.png</midtexture></control>
						<control type="progress" id="30312"><left></left><height>9</height><texturebg border="3" colordiffuse="60FFFFFF">white50.png</texturebg><midtexture colordiffuse="C212A0C7">white.png</midtexture></control>
						<control type="progress" id="30313"><left></left><height>9</height><texturebg border="3" colordiffuse="60FFFFFF">white50.png</texturebg><midtexture colordiffuse="C212A0C7">white.png</midtexture></control>
						<control type="progress" id="30314"><left></left><height>9</height><texturebg border="3" colordiffuse="60FFFFFF">white50.png</texturebg><midtexture colordiffuse="C212A0C7">white.png</midtexture></control>
						<control type="progress" id="30315"><left></left><height>9</height><texturebg border="3" colordiffuse="60FFFFFF">white50.png</texturebg><midtexture colordiffuse="C212A0C7">white.png</midtexture></control>
						<control type="progress" id="30316"><left></left><height>9</height><texturebg border="3" colordiffuse="60FFFFFF">white50.png</texturebg><midtexture colordiffuse="C212A0C7">white.png</midtexture></control>
						<control type="progress" id="30317"><left></left><height>9</height><texturebg border="3" colordiffuse="60FFFFFF">white50.png</texturebg><midtexture colordiffuse="C212A0C7">white.png</midtexture></control>
						<control type="progress" id="30318"><left></left><height>9</height><texturebg border="3" colordiffuse="60FFFFFF">white50.png</texturebg><midtexture colordiffuse="C212A0C7">white.png</midtexture></control>
						<control type="progress" id="30319"><left></left><height>9</height><texturebg border="3" colordiffuse="60FFFFFF">white50.png</texturebg><midtexture colordiffuse="C212A0C7">white.png</midtexture></control>
						<control type="progress" id="30320"><left></left><height>9</height><texturebg border="3" colordiffuse="60FFFFFF">white50.png</texturebg><midtexture colordiffuse="C212A0C7">white.png</midtexture></control>
						<control type="progress" id="30321"><left></left><height>9</height><texturebg border="3" colordiffuse="60FFFFFF">white50.png</texturebg><midtexture colordiffuse="C212A0C7">white.png</midtexture></control>
						<control type="progress" id="30322"><left></left><height>9</height><texturebg border="3" colordiffuse="60FFFFFF">white50.png</texturebg><midtexture colordiffuse="C212A0C7">white.png</midtexture></control>
						<control type="progress" id="30323"><left></left><height>9</height><texturebg border="3" colordiffuse="60FFFFFF">white50.png</texturebg><midtexture colordiffuse="C212A0C7">white.png</midtexture></control>
						<control type="progress" id="30324"><left></left><height>9</height><texturebg border="3" colordiffuse="60FFFFFF">white50.png</texturebg><midtexture colordiffuse="C212A0C7">white.png</midtexture></control>
						<control type="progress" id="30325"><left></left><height>9</height><texturebg border="3" colordiffuse="60FFFFFF">white50.png</texturebg><midtexture colordiffuse="C212A0C7">white.png</midtexture></control>
						<control type="progress" id="30326"><left></left><height>9</height><texturebg border="3" colordiffuse="60FFFFFF">white50.png</texturebg><midtexture colordiffuse="C212A0C7">white.png</midtexture></control>
						<control type="progress" id="30327"><left></left><height>9</height><texturebg border="3" colordiffuse="60FFFFFF">white50.png</texturebg><midtexture colordiffuse="C212A0C7">white.png</midtexture></control>
						<control type="progress" id="30328"><left></left><height>9</height><texturebg border="3" colordiffuse="60FFFFFF">white50.png</texturebg><midtexture colordiffuse="C212A0C7">white.png</midtexture></control>
						<control type="progress" id="30329"><left></left><height>9</height><texturebg border="3" colordiffuse="60FFFFFF">white50.png</texturebg><midtexture colordiffuse="C212A0C7">white.png</midtexture></control>
						<control type="progress" id="30330"><left></left><height>9</height><texturebg border="3" colordiffuse="60FFFFFF">white50.png</texturebg><midtexture colordiffuse="C212A0C7">white.png</midtexture></control>
						<control type="progress" id="30331"><left></left><height>9</height><texturebg border="3" colordiffuse="60FFFFFF">white50.png</texturebg><midtexture colordiffuse="C212A0C7">white.png</midtexture></control>
						<control type="progress" id="30332"><left></left><height>9</height><texturebg border="3" colordiffuse="60FFFFFF">white50.png</texturebg><midtexture colordiffuse="C212A0C7">white.png</midtexture></control>
						<control type="progress" id="30333"><left></left><height>9</height><texturebg border="3" colordiffuse="60FFFFFF">white50.png</texturebg><midtexture colordiffuse="C212A0C7">white.png</midtexture></control>
						<control type="progress" id="30334"><left></left><height>9</height><texturebg border="3" colordiffuse="60FFFFFF">white50.png</texturebg><midtexture colordiffuse="C212A0C7">white.png</midtexture></control>
						<control type="progress" id="30335"><left></left><height>9</height><texturebg border="3" colordiffuse="60FFFFFF">white50.png</texturebg><midtexture colordiffuse="C212A0C7">white.png</midtexture></control>
						<control type="progress" id="30336"><left></left><height>9</height><texturebg border="3" colordiffuse="60FFFFFF">white50.png</texturebg><midtexture colordiffuse="C212A0C7">white.png</midtexture></control>
					</control>
					<control type="group">
						<top>-3</top>
						<control type="image"><left>0</left><height>377</height><width>2</width><texture>vertical.png</texture></control>
					</control>
					<control type="group">
						<top>2</top>
						<control type="image" id="30052"><height>372</height><width>3</width><colordiffuse>red</colordiffuse><texture>vertical.png</texture></control>
						<control type="image" id="30050"><height>372</height><width>3</width><colordiffuse>green</colordiffuse><texture>vertical.png</texture></control>
						<control type="image" id="30051"><height>372</height><width>3</width><colordiffuse>yellow</colordiffuse><texture>vertical.png</texture></control>
					</control>
				</control>
			</control>
		</control>
	</controls>
</window>