<?xml version="1.0" encoding="UTF-8" standalone="yes"?>
<addon id="plugin.ws.recorder" name="Webshsre Recorder" version="1.0.0" provider-name="jkmh">
    <requires>
        <import addon="xbmc.python" version="3.0.0"/>
		<import addon="script.module.requests" version="2.21.0" />
    </requires>
    <extension point="xbmc.python.script" library="default.py">
        <provides>video</provides>
    </extension>
	  <extension point="xbmc.addon.metadata">
    <summary lang="cs_CZ">Stahovač streamů</summary>
    <description lang="en_GB"></description>
    <description lang="cs_CZ">Stahovač streamů z webshare</description>
    <license>GPL-3.0-only</license>
    <platform>all</platform>
    <assets>
      <icon>icon2.png</icon>
    </assets>
  </extension>
</addon>
