<?xml version="1.0" encoding="UTF-8" standalone="yes"?>
<addon id="script.skip.ads" name="Skip Ads" version="1.0.1" provider-name="jkmh">
  <requires>
    <import addon="xbmc.python" version="3.0.0"/>
	<import addon="xbmc.addon" version="14.0.0"/>
  </requires>
  <extension point="xbmc.python.script" library="main.py"/>
  <extension point="xbmc.addon.metadata">
    <summary lang="en_GB"></summary>
    <description lang="en_GB"></description>
    <description lang="cs_CZ">Přeskočení reklamy v TV vysílání</description>
    <license>GPL-3.0-only</license>
    <platform>all</platform>
    <assets>
      <icon>icon.png</icon>
    </assets>
  </extension>
</addon>
