<?xml version="1.0" encoding="UTF-8" standalone="yes"?>
<addon id="plugin.video.ws" name="Webshare Player" version="1.1.0" provider-name="jkmh">
	<requires>
		<import addon="xbmc.python" version="3.0.0"/>
        <import addon="script.module.requests" version="2.18.4"/>
        <import addon="script.module.unidecode" version="0.4.16"/>
    </requires>
    <extension point="xbmc.python.pluginsource" library="main.py">
        <provides>video</provides>
    </extension>
	<extension point="xbmc.addon.metadata">
		<platform>all</platform>
		<summary lang="en">Doplněk slouží ke zjištění funkčnosti linků, které jsou v externí databázi</summary>
		<description lang="en">Oprava linků</description>
		<license>GNU General Public License, v2</license>
		<language></language>
		<assets>
			<icon>resources/skins/images/icon.jpg</icon>
			<fanart>resources/skins/images/fanart.jpg</fanart>
		</assets>
	</extension>
</addon>
