<?xml version="1.0" encoding="UTF-8"?>
<includes>
<!-- PVR GUIDE -->

	<include name="ViewsPVRGuideLive">
		<control type="image"> <!-- mod -->
            <visible>$EXP[epg_event_live]</visible>
            <left>6</left>
            <top>20</top>
            <width>34</width>
            <height>34</height>
            <aspectratio>keep</aspectratio>
            <texture>flagging/pvr/live.png</texture>
        </control>
	</include>
	<expression name="epg_event_live">String.Contains(ListItem.Plot,Přímý přenos) | String.Contains(ListItem.Plot,Priamy prenos)</expression>
</includes>