<?xml version="1.0" encoding="UTF-8"?>
<includes>
	<include name="ItemInfoGeneral">
		<param name="top">55</param>
		<param name="width">1100</param>
		<param name="itemgap">0</param>
		<param name="font">font12</param>
		<param name="empty">true</param>
		<param name="empty_picture">false</param>
		<param name="speed">120</param>
		<param name="pagecontrol">9000</param>
		<param name="sep"> · </param>
		<definition>
			<control type="grouplist">
				<top>$PARAM[top]</top>
				<left>20</left>
				<right>30</right>
				<bottom>20</bottom>
				<shadowcolor>black</shadowcolor>
				<orientation>vertical</orientation>
				<itemgap>$PARAM[itemgap]</itemgap>
				<pagecontrol>$PARAM[pagecontrol]</pagecontrol>
				<control type="label">
					<height>20</height>
					<font>$PARAM[font]</font>
					<label>[COLOR=blue]PluginName: [/COLOR]$INFO[Container.PluginName]$PARAM[sep][COLOR=blue]PluginCategory: [/COLOR]$INFO[Container.PluginCategory]$PARAM[sep][COLOR=blue]FolderName: [/COLOR]$INFO[Container.FolderName]</label>
					<visible>$PARAM[empty] | [!String.IsEmpty(Container.PluginName) | !String.IsEmpty(Container.PluginCategory) | !String.IsEmpty(Container.FolderName)]</visible>
					<scroll>true</scroll><scrollspeed>$PARAM[speed]</scrollspeed><scrollsuffix>$PARAM[sep]</scrollsuffix>
				</control>
				<control type="label">
					<height>20</height>
					<font>$PARAM[font]</font>
					<label>[COLOR=blue]FolderPath: [/COLOR]$INFO[Container.FolderPath]</label>
					<visible>$PARAM[empty] | !String.IsEmpty(Container.FolderPath)</visible>
					<scroll>true</scroll><scrollspeed>$PARAM[speed]</scrollspeed><scrollsuffix>$PARAM[sep]</scrollsuffix>
				</control>
				<control type="label">
					<height>20</height>
					<font>$PARAM[font]</font>
					<label>[COLOR=blue]Content: [/COLOR]$INFO[Container.Content]$PARAM[sep][COLOR=blue]DBTYPE: [/COLOR]$INFO[ListItem.DBTYPE]</label>
					<visible>$PARAM[empty] | !String.IsEmpty(Container.Content) | !String.IsEmpty(ListItem.DBTYPE)</visible>
					<scroll>true</scroll><scrollspeed>$PARAM[speed]</scrollspeed><scrollsuffix>$PARAM[sep]</scrollsuffix>
				</control>
				<control type="label">
					<height>20</height>
					<font>$PARAM[font]</font>
					<label>[COLOR=blue]TVShowTitle: [/COLOR]$INFO[ListItem.TVShowTitle]</label>
					<visible>$PARAM[empty] | !String.IsEmpty(ListItem.TVShowTitle)</visible>
					<scroll>true</scroll><scrollspeed>$PARAM[speed]</scrollspeed><scrollsuffix>$PARAM[sep]</scrollsuffix>
				</control>
				<control type="label">
					<height>20</height>
					<font>$PARAM[font]</font>
					<label>[COLOR=blue]ShowPlot: [/COLOR]$INFO[Container.ShowPlot]</label>
					<visible>$PARAM[empty] | !String.IsEmpty(Container.ShowPlot)</visible>
					<scroll>true</scroll><scrollspeed>$PARAM[speed]</scrollspeed><scrollsuffix>$PARAM[sep]</scrollsuffix>
				</control>
				<control type="label">
					<height>20</height>
					<font>$PARAM[font]</font>
					<label>[COLOR=blue]Title: [/COLOR]$INFO[ListItem.Title]</label>
					<visible>$PARAM[empty] | !String.IsEmpty(ListItem.Title)</visible>
					<scroll>true</scroll><scrollspeed>$PARAM[speed]</scrollspeed><scrollsuffix>$PARAM[sep]</scrollsuffix>
				</control>
				<control type="label">
					<height>20</height>
					<font>$PARAM[font]</font>
					<label>[COLOR=blue]Year: [/COLOR]$INFO[ListItem.Year]$PARAM[sep][COLOR=blue]IMDBNumber: [/COLOR]$INFO[ListItem.IMDBNumber]$PARAM[sep][COLOR=blue]DBID: [/COLOR]$INFO[ListItem.DBID]$PARAM[sep][COLOR=blue]Season: [/COLOR]$INFO[ListItem.Season]$PARAM[sep][COLOR=blue]Episode: [/COLOR]$INFO[ListItem.Episode]</label>
					<visible>$PARAM[empty] | !String.IsEmpty(ListItem.Year) | !String.IsEmpty(ListItem.IMDBNumber) | !String.IsEmpty(ListItem.DBID) | !String.IsEmpty(ListItem.Season) | !String.IsEmpty(ListItem.Episode)</visible>
					<scroll>true</scroll><scrollspeed>$PARAM[speed]</scrollspeed><scrollsuffix>$PARAM[sep]</scrollsuffix>
				</control>
				<control type="label">
					<height>20</height>
					<font>$PARAM[font]</font>
					<label>[COLOR=blue]OriginalTitle: [/COLOR]$INFO[Original.Title]</label>
					<visible>$PARAM[empty] | !String.IsEmpty(Original.Title)</visible>
					<scroll>true</scroll><scrollspeed>$PARAM[speed]</scrollspeed><scrollsuffix>$PARAM[sep]</scrollsuffix>
				</control>
				<control type="label">
					<height>20</height>
					<font>$PARAM[font]</font>
					<label>[COLOR=blue]Label: [/COLOR]$INFO[ListItem.Label]</label>
					<visible>$PARAM[empty] | !String.IsEmpty(ListItem.Label)</visible>
					<scroll>true</scroll><scrollspeed>$PARAM[speed]</scrollspeed><scrollsuffix>$PARAM[sep]</scrollsuffix>
				</control>
				<control type="label">
					<height>20</height>
					<font>$PARAM[font]</font>
					<label>[COLOR=blue]Label2: [/COLOR]$INFO[ListItem.Label2]</label>
					<visible>$PARAM[empty] | !String.IsEmpty(ListItem.Label2)</visible>
					<scroll>true</scroll><scrollspeed>$PARAM[speed]</scrollspeed><scrollsuffix>$PARAM[sep]</scrollsuffix>
				</control>
				<control type="label">
					<height>20</height>
					<font>$PARAM[font]</font>
					<label>[COLOR=blue]Tag: [/COLOR]$INFO[ListItem.Tag]</label>
					<visible>$PARAM[empty] | !String.IsEmpty(ListItem.Tag)</visible>
					<scroll>true</scroll><scrollspeed>$PARAM[speed]</scrollspeed><scrollsuffix>$PARAM[sep]</scrollsuffix>
				</control>
				<control type="label">
					<height>20</height>
					<font>$PARAM[font]</font>
					<label>[COLOR=blue]Tagline: [/COLOR]$INFO[ListItem.Tagline]</label>
					<visible>$PARAM[empty] | !String.IsEmpty(ListItem.Tagline)</visible>
					<scroll>true</scroll><scrollspeed>$PARAM[speed]</scrollspeed><scrollsuffix>$PARAM[sep]</scrollsuffix>
				</control>
				<control type="label">
					<height>20</height>
					<font>$PARAM[font]</font>
					<label>[COLOR=blue]Plot: [/COLOR]$INFO[ListItem.Plot]</label>
					<visible>$PARAM[empty] | !String.IsEmpty(ListItem.Plot)</visible>
					<scroll>true</scroll><scrollspeed>$PARAM[speed]</scrollspeed><scrollsuffix>$PARAM[sep]</scrollsuffix>
				</control>
				<control type="label">
					<height>20</height>
					<font>$PARAM[font]</font>
					<label>[COLOR=blue]PlotOutline: [/COLOR]$INFO[ListItem.PlotOutline]</label>
					<visible>$PARAM[empty] | !String.IsEmpty(ListItem.PlotOutline)</visible>
					<scroll>true</scroll><scrollspeed>$PARAM[speed]</scrollspeed><scrollsuffix>$PARAM[sep]</scrollsuffix>
				</control>
				<control type="label">
					<height>20</height>
					<font>$PARAM[font]</font>
					<label>[COLOR=blue]Genre: [/COLOR]$INFO[ListItem.Genre]</label>
					<visible>$PARAM[empty] | !String.IsEmpty(ListItem.Genre)</visible>
					<scroll>true</scroll><scrollspeed>$PARAM[speed]</scrollspeed><scrollsuffix>$PARAM[sep]</scrollsuffix>
				</control>
				<control type="label">
					<height>20</height>
					<font>$PARAM[font]</font>
					<label>[COLOR=blue]Set: [/COLOR]$INFO[ListItem.Set]$PARAM[sep][COLOR=blue]SetId: [/COLOR]$INFO[ListItem.SetId]</label>
					<visible>$PARAM[empty] | !String.IsEmpty(ListItem.Set) | !String.IsEmpty(ListItem.SetId)</visible>
					<scroll>true</scroll><scrollspeed>$PARAM[speed]</scrollspeed><scrollsuffix>$PARAM[sep]</scrollsuffix>
				</control>
				<control type="label">
					<height>20</height>
					<font>$PARAM[font]</font>
					<label>[COLOR=blue]FileName: [/COLOR]$INFO[ListItem.FileName]</label>
					<visible>$PARAM[empty] | !String.IsEmpty(ListItem.FileName)</visible>
					<scroll>true</scroll><scrollspeed>$PARAM[speed]</scrollspeed><scrollsuffix>$PARAM[sep]</scrollsuffix>
				</control>
				<control type="label">
					<height>20</height>
					<font>$PARAM[font]</font>
					<label>[COLOR=blue]Path: [/COLOR]$INFO[ListItem.Path]</label>
					<visible>$PARAM[empty] | !String.IsEmpty(ListItem.Path)</visible>
					<scroll>true</scroll><scrollspeed>$PARAM[speed]</scrollspeed><scrollsuffix>$PARAM[sep]</scrollsuffix>
				</control>
				<control type="label">
					<height>20</height>
					<font>$PARAM[font]</font>
					<label>[COLOR=blue]FileNameAndPath: [/COLOR]$INFO[ListItem.FileNameAndPath]</label>
					<visible>$PARAM[empty] | !String.IsEmpty(ListItem.FileNameAndPath)</visible>
					<scroll>true</scroll><scrollspeed>$PARAM[speed]</scrollspeed><scrollsuffix>$PARAM[sep]</scrollsuffix>
				</control>
				<control type="label">
					<height>20</height>
					<font>$PARAM[font]</font>
					<label>[COLOR=blue]Duration: [/COLOR]$INFO[ListItem.Duration]$PARAM[sep][COLOR=blue]Size: [/COLOR]$INFO[ListItem.Size]</label>
					<visible>$PARAM[empty] | !String.IsEmpty(ListItem.Duration) | !String.IsEmpty(ListItem.Size)</visible>
					<scroll>true</scroll><scrollspeed>$PARAM[speed]</scrollspeed><scrollsuffix>$PARAM[sep]</scrollsuffix>
				</control>
				<control type="label">
					<height>20</height>
					<font>$PARAM[font]</font>
					<label>[COLOR=blue]Trailer: [/COLOR]$INFO[ListItem.Trailer]</label>
					<visible>$PARAM[empty] | !String.IsEmpty(ListItem.Trailer)</visible>
					<scroll>true</scroll><scrollspeed>$PARAM[speed]</scrollspeed><scrollsuffix>$PARAM[sep]</scrollsuffix>
				</control>
				<control type="label">
					<height>20</height>
					<font>$PARAM[font]</font>
					<label>[COLOR=blue]UserRating: [/COLOR]$INFO[ListItem.UserRating]$PARAM[sep][COLOR=blue]Rating: [/COLOR]$INFO[ListItem.Rating]$PARAM[sep][COLOR=blue]Votes: [/COLOR]$INFO[ListItem.Votes]$PARAM[sep][COLOR=blue]RatingAndVotes: [/COLOR]$INFO[ListItem.RatingAndVotes]$PARAM[sep][COLOR=blue]Mpaa: [/COLOR]$INFO[ListItem.ListItem.Mpaa]</label>
					<visible>$PARAM[empty] | !String.IsEmpty(ListItem.UserRating) | !String.IsEmpty(ListItem.Rating) | !String.IsEmpty(ListItem.Votes) | !String.IsEmpty(ListItem.RatingAndVotes) | !String.IsEmpty(ListItem.ListItem.Mpaa)</visible>
					<scroll>true</scroll><scrollspeed>$PARAM[speed]</scrollspeed><scrollsuffix>$PARAM[sep]</scrollsuffix>
				</control>
				<control type="label">
					<height>20</height>
					<font>$PARAM[font]</font>
					<label>[COLOR=blue]RatingAndVotes([COLOR yellow]source[/COLOR])[/COLOR]$INFO[ListItem.RatingAndVotes(csfd),$PARAM[sep][COLOR yellow]csfd[/COLOR]: ]$INFO[ListItem.RatingAndVotes(tmdb),$PARAM[sep][COLOR yellow]tmdb[/COLOR]: ]$INFO[ListItem.RatingAndVotes(trakt),$PARAM[sep][COLOR yellow]trakt[/COLOR]: ]$INFO[ListItem.RatingAndVotes(tvdb),$PARAM[sep][COLOR yellow]tvdb[/COLOR]: ]$INFO[ListItem.RatingAndVotes(imdb),$PARAM[sep][COLOR yellow]imdb[/COLOR]: ]$INFO[ListItem.RatingAndVotes(Metacritic),$PARAM[sep][COLOR yellow]Metacritic[/COLOR]: ]$INFO[ListItem.RatingAndVotes(Rotten Tomatoes),$PARAM[sep][COLOR yellow]Rotten Tomatoes[/COLOR]: ]</label>
					<visible>$PARAM[empty] | !String.IsEmpty(ListItem.RatingAndVotes(csfd)) | !String.IsEmpty(ListItem.RatingAndVotes(tmdb)) | !String.IsEmpty(ListItem.RatingAndVotes(trakt)) | !String.IsEmpty(ListItem.RatingAndVotes(tvdb) ListItem.RatingAndVotes(imdb)) | !String.IsEmpty(ListItem.RatingAndVotes(Metacritic)) | !String.IsEmpty(ListItem.RatingAndVotes(Rotten Tomatoes))</visible>
					<scroll>true</scroll><scrollspeed>$PARAM[speed]</scrollspeed><scrollsuffix>$PARAM[sep]</scrollsuffix>
				</control>
				<control type="label">
					<height>20</height>
					<font>$PARAM[font]</font>
					<label>[COLOR=blue]DateAdded: [/COLOR]$INFO[ListItem.DateAdded]$PARAM[sep][COLOR=blue]Date: [/COLOR]$INFO[ListItem.Date]$PARAM[sep][COLOR=blue]PercentPlayed: [/COLOR]$INFO[ListItem.PercentPlayed]$PARAM[sep][COLOR=blue]LastPlayed: [/COLOR]$INFO[ListItem.LastPlayed]$PARAM[sep][COLOR=blue]PlayCount: [/COLOR]$INFO[ListItem.PlayCount]</label>
					<visible>$PARAM[empty] | !String.IsEmpty(ListItem.DateAdded) | !String.IsEmpty(ListItem.Date) | !String.IsEmpty(ListItem.PercentPlayed) | !String.IsEmpty(ListItem.LastPlayed) | !String.IsEmpty(ListItem.PlayCount)</visible>
					<scroll>true</scroll><scrollspeed>$PARAM[speed]</scrollspeed><scrollsuffix>$PARAM[sep]</scrollsuffix>
				</control>
				<control type="label">
					<height>20</height>
					<font>$PARAM[font]</font>
					<label>[COLOR=blue]PlayerProgressCache: [/COLOR]$INFO[Player.ProgressCache]%</label>
					<visible>$PARAM[empty] | Window.IsActive(FullscreenVideo) +  !String.IsEmpty(Player.ProgressCache)</visible>
					<scroll>true</scroll><scrollspeed>$PARAM[speed]</scrollspeed><scrollsuffix>$PARAM[sep]</scrollsuffix>
				</control>
				
				
				<control type="label">
					<height>20</height>
					<font>$PARAM[font]</font>
					<label>[COLOR=blue]VideoCodec: [/COLOR]$INFO[Player.Process(VideoDecoder)]$PARAM[sep][COLOR=blue]HdrType: [/COLOR]$INFO[ListItem.HdrType]$PARAM[sep][COLOR=blue]VideoResolution: [/COLOR]$INFO[Player.Process(videowidth)] x $INFO[Player.Process(videoheight)]$PARAM[sep][COLOR=blue]VideoAspect: [/COLOR]$INFO[Player.Process(videodar)]</label>
					<visible>$PARAM[empty] | [Window.IsActive(FullscreenVideo) + !String.IsEmpty(Player.Process(VideoDecoder) | !String.IsEmpty(ListItem.HdrType) | !String.IsEmpty(ListItem.VideoResolution) | !String.IsEmpty(ListItem.VideoAspect)]</visible>
					<scroll>true</scroll><scrollspeed>$PARAM[speed]</scrollspeed><scrollsuffix>$PARAM[sep]</scrollsuffix>
				</control>
				<control type="label">
					<height>20</height>
					<font>$PARAM[font]</font>
					<label>[COLOR=blue]AudioCodec: [/COLOR]$INFO[Player.Process(AudioDecoder)]$PARAM[sep][COLOR=blue]AudioChannels: [/COLOR]$INFO[Player.Process(audiochannels)]$PARAM[sep][COLOR=blue]AudioLanguage: [/COLOR]$INFO[VideoPlayer.AudioLanguage]$PARAM[sep][COLOR=blue]SubtitleLanguage: [/COLOR]$INFO[VideoPlayer.SubtitlesLanguage]</label>
					<visible>$PARAM[empty] | Window.IsActive(FullscreenVideo) + !String.IsEmpty(Player.Process(AudioDecoder) | !String.IsEmpty(ListItem.AudioChannels) | !String.IsEmpty(ListItem.AudioLanguage) | !String.IsEmpty(ListItem.SubtitleLanguage)</visible>
					<scroll>true</scroll><scrollspeed>$PARAM[speed]</scrollspeed><scrollsuffix>$PARAM[sep]</scrollsuffix>
				</control>
				<control type="label">
					<height>20</height>
					<font>$PARAM[font]</font>
					<label>[COLOR=blue]VideoCodec: [/COLOR]$INFO[ListItem.VideoCodec]$PARAM[sep][COLOR=blue]HdrType: [/COLOR]$INFO[ListItem.HdrType]$PARAM[sep][COLOR=blue]VideoResolution: [/COLOR]$INFO[ListItem.VideoResolution]$PARAM[sep][COLOR=blue]VideoAspect: [/COLOR]$INFO[ListItem.VideoAspect]</label>
					<visible>$PARAM[empty] | !String.IsEmpty(ListItem.VideoCodec) | !String.IsEmpty(ListItem.HdrType) | !String.IsEmpty(ListItem.VideoResolution) | !String.IsEmpty(ListItem.VideoAspect)</visible>
					<scroll>true</scroll><scrollspeed>$PARAM[speed]</scrollspeed><scrollsuffix>$PARAM[sep]</scrollsuffix>
				</control>
				<control type="label">
					<height>20</height>
					<font>$PARAM[font]</font>
					<label>[COLOR=blue]AudioCodec: [/COLOR]$INFO[ListItem.AudioCodec]$PARAM[sep][COLOR=blue]AudioChannels: [/COLOR]$INFO[ListItem.AudioChannels]$PARAM[sep][COLOR=blue]AudioLanguage: [/COLOR]$INFO[ListItem.AudioLanguage]$PARAM[sep][COLOR=blue]SubtitleLanguage: [/COLOR]$INFO[ListItem.SubtitleLanguage]</label>
					<visible>$PARAM[empty] | !String.IsEmpty(ListItem.AudioCodec) | !String.IsEmpty(ListItem.AudioChannels) | !String.IsEmpty(ListItem.AudioLanguage) | !String.IsEmpty(ListItem.SubtitleLanguage)</visible>
					<scroll>true</scroll><scrollspeed>$PARAM[speed]</scrollspeed><scrollsuffix>$PARAM[sep]</scrollsuffix>
				</control>
				
				
				<control type="label">
					<height>20</height>
					<font>$PARAM[font]</font>
					<label>[COLOR=blue]Thumb: [/COLOR]$INFO[ListItem.Thumb]</label>
					<visible>$PARAM[empty_picture] | !String.IsEmpty(ListItem.Thumb)</visible>
					<scroll>true</scroll><scrollspeed>$PARAM[speed]</scrollspeed><scrollsuffix>$PARAM[sep]</scrollsuffix>
				</control>
				<control type="label">
					<height>20</height>
					<font>$PARAM[font]</font>
					<label>[COLOR=blue]Icon: [/COLOR]$INFO[ListItem.Icon]</label>
					<visible>$PARAM[empty_picture] | !String.IsEmpty(ListItem.Icon)</visible>
					<scroll>true</scroll><scrollspeed>$PARAM[speed]</scrollspeed><scrollsuffix>$PARAM[sep]</scrollsuffix>
				</control>
				<control type="label">
					<height>20</height>
					<font>$PARAM[font]</font>
					<label>[COLOR=blue]ActualIcon: [/COLOR]$INFO[ListItem.ActualIcon]</label>
					<visible>$PARAM[empty_picture] | !String.IsEmpty(ListItem.ActualIcon)</visible>
					<scroll>true</scroll><scrollspeed>$PARAM[speed]</scrollspeed><scrollsuffix>$PARAM[sep]</scrollsuffix>
				</control>
				<control type="label">
					<height>20</height>
					<font>$PARAM[font]</font>
					<label>[COLOR=blue]Art(clearart): [/COLOR]$INFO[ListItem.Art(clearart)]</label>
					<visible>$PARAM[empty_picture] | !String.IsEmpty(ListItem.Art(clearart))</visible>
					<scroll>true</scroll><scrollspeed>$PARAM[speed]</scrollspeed><scrollsuffix>$PARAM[sep]</scrollsuffix>
				</control>
				<control type="label">
					<height>20</height>
					<font>$PARAM[font]</font>
					<label>[COLOR=blue]Art(clearlogo): [/COLOR]$INFO[ListItem.Art(clearlogo)]</label>
					<visible>$PARAM[empty_picture] | !String.IsEmpty(ListItem.Art(clearlogo))</visible>
					<scroll>true</scroll><scrollspeed>$PARAM[speed]</scrollspeed><scrollsuffix>$PARAM[sep]</scrollsuffix>
				</control>
				<control type="label">
					<height>20</height>
					<font>$PARAM[font]</font>
					<label>[COLOR=blue]Art(landscape): [/COLOR]$INFO[ListItem.Art(landscape)]</label>
					<visible>$PARAM[empty_picture] | !String.IsEmpty(ListItem.Art(landscape))</visible>
					<scroll>true</scroll><scrollspeed>$PARAM[speed]</scrollspeed><scrollsuffix>$PARAM[sep]</scrollsuffix>
				</control>
				<control type="label">
					<height>20</height>
					<font>$PARAM[font]</font>
					<label>[COLOR=blue]Art(thumb): [/COLOR]$INFO[ListItem.Art(thumb)]</label>
					<visible>$PARAM[empty_picture] | !String.IsEmpty(ListItem.Art(thumb))</visible>
					<scroll>true</scroll><scrollspeed>$PARAM[speed]</scrollspeed><scrollsuffix>$PARAM[sep]</scrollsuffix>
				</control>
				<control type="label">
					<height>20</height>
					<font>$PARAM[font]</font>
					<label>[COLOR=blue]Art(poster): [/COLOR]$INFO[ListItem.Art(poster)]</label>
					<visible>$PARAM[empty_picture] | !String.IsEmpty(ListItem.Art(poster))</visible>
					<scroll>true</scroll><scrollspeed>$PARAM[speed]</scrollspeed><scrollsuffix>$PARAM[sep]</scrollsuffix>
				</control>
				<control type="label">
					<height>20</height>
					<font>$PARAM[font]</font>
					<label>[COLOR=blue]Art(banner): [/COLOR]$INFO[ListItem.Art(banner)]</label>
					<visible>$PARAM[empty_picture] | !String.IsEmpty(ListItem.Art(banner))</visible>
					<scroll>true</scroll><scrollspeed>$PARAM[speed]</scrollspeed><scrollsuffix>$PARAM[sep]</scrollsuffix>
				</control>
				<control type="label">
					<height>20</height>
					<font>$PARAM[font]</font>
					<label>[COLOR=blue]Art(fanart): [/COLOR]$INFO[ListItem.Art(fanart)]</label>
					<visible>$PARAM[empty_picture] | !String.IsEmpty(ListItem.Art(fanart))</visible>
					<scroll>true</scroll><scrollspeed>$PARAM[speed]</scrollspeed><scrollsuffix>$PARAM[sep]</scrollsuffix>
				</control>
				<control type="label">
					<height>20</height>
					<font>$PARAM[font]</font>
					<label>[COLOR=blue]Art(set.fanart): [/COLOR]$INFO[ListItem.Art(set.fanart)]</label>
					<visible>$PARAM[empty_picture] | !String.IsEmpty(ListItem.Art(set.fanart))</visible>
					<scroll>true</scroll><scrollspeed>$PARAM[speed]</scrollspeed><scrollsuffix>$PARAM[sep]</scrollsuffix>
				</control>
			</control>
			<control type="scrollbar" id="$PARAM[pagecontrol]">
				<top>$PARAM[top]</top>
				<left>1165</left>
				<width>25</width>
				<bottom>10</bottom>
				<orientation>vertical</orientation>
				<showonepage>false</showonepage>
				<texturesliderbackground border="0,14,0,14">ScrollBarV.png</texturesliderbackground>
				<texturesliderbar border="0,14,0,14">ScrollBarV_bar.png</texturesliderbar>
				<texturesliderbarfocus border="0,14,0,14">ScrollBarV_bar_focus.png</texturesliderbarfocus>
				<textureslidernib>ScrollBarNib.png</textureslidernib>
				<textureslidernibfocus>ScrollBarNib.png</textureslidernibfocus>
				<onleft>9000</onleft>
				<onright>9000</onright>
			</control>
		</definition>
	</include>
</includes>
