<?xml version="1.0" encoding="UTF-8"?>
<includes>
<!-- HOMESCREEN MAIN MENU -->
	<include name="HomeItem">
		<item id="12">
			<label>SledováníTV</label>
			<onclick>ActivateWindow(TVChannels)</onclick>
			<icon/>
			<thumb/>
			<visible>PVR.HasTVChannels + System.HasAddon(pvr.sledovanitv.cz)</visible>
		</item>
		<item id="15">
			<label>S C C</label>
			<onclick>RunAddon(plugin.video.stream-cinema-2-release)</onclick>
			<onclick>RunAddon(script.vip)</onclick>
			<icon/>
			<thumb/>
			<visible>System.HasAddon(plugin.video.stream-cinema-2-release) + !Skin.HasSetting(HomeMenuNoSCCButton)</visible>
		</item>
		<!-- <item id="16"> -->
			<!-- <label>TRAKT</label> -->
			<!-- <onclick>ActivateWindow(10025,plugin://plugin.video.stream-cinema-2-release/trakt.tv/,return)</onclick> -->
			<!-- <icon/> -->
			<!-- <thumb/> -->
			<!-- <visible>System.AddonIsEnabled(plugin.video.stream-cinema-2-release) + !Skin.HasSetting(HomeMenuNoTraktButton)</visible> -->
		<!-- </item> -->
	</include>
	<include name="HomeEmuelec">
		<item id="9">
			<label>EMUELEC</label>
			<onclick>RunAddon(script.emuelec.amlogic-ng.launcher)</onclick>
			<icon/>
			<thumb/>
			<visible>System.HasAddon(script.emuelec.amlogic-ng.launcher) + Skin.HasSetting(EmuElecOn)</visible>
		</item>
	</include>
	<include name="IncludeSCC">
		<control type="grouplist" id="9019">
			<include>HomeSubMenuCommonValues</include>
			<onleft>9017</onleft>
			<onright>9017</onright>
			<visible>Container(9000).HasFocus(16)</visible>
			<!--Buttons for the grouplist -->
			<include>HomeSubMenuTrakt</include>
		</control>
		<control type="grouplist" id="9018">
			<include>HomeSubMenuCommonValues</include>
			<onleft>9017</onleft>
			<onright>9017</onright>
			<visible>Container(9000).HasFocus(15)</visible>
			<!--Buttons for the grouplist -->
			<include>HomeSubMenuSCC</include>
		</control>
	</include>
</includes>
