<?xml version="1.0" encoding="UTF-8" standalone="yes"?>
<addon id="script.mediainfo" name="Media Info" version="0.0.1" provider-name="jkmh">
	<requires>
		<import addon="xbmc.python" version="3.0.0"/>
		<import addon="xbmc.addon" version="14.0.0"/>
		<import addon="virtual.multimedia-tools" version="20.2.1"/>
	</requires>
	<extension point="xbmc.python.script" library="mediainfo.py" />
	<extension point="xbmc.addon.metadata">
		<summary lang="cs_CZ">Media Info</summary>
		<description lang="cs_CZ">Detailní informace o streamu</description>
		<platform>all</platform>
		<license>GPL 2.0</license>
		<assets>
			<icon>icon.png</icon>
		</assets>
	</extension>
</addon>

