<addon id="plugin.video.webshare" name="Webshare video" version="1.1.0" provider-name="jkmh">
    <requires>
        <import addon="xbmc.python" version="3.0.0"/>
		<import addon="script.module.requests" version="2.21.0" />
    </requires>
    <extension point="xbmc.python.pluginsource" library="default.py">
        <provides>video</provides>
    </extension>
    <extension point="xbmc.addon.metadata">
        <summary lang="cs">Vyhledávání videí na serveru Webshare</summary>
        <description lang="cs">Hledej a přehrávej videa z Webshare.cz jinak</description>
        <platform>all</platform>
    	<assets>
			<icon>icon.png</icon>
		</assets>
	</extension>
</addon>