<?xml version="1.0" encoding="UTF-8" standalone="yes"?>
<addon id="service.birthdays.reminder" name="Narozeniny" version="1.2.1" provider-name="jkmh">
  <requires>
    <import addon="xbmc.python" version="3.0.0"/>
  </requires>
  <extension point="xbmc.service" library="reminder.py"/>
  <extension point="xbmc.addon.metadata">
    <summary lang="en_GB"></summary>
    <description lang="en_GB">Kodi Birthday Reminder</description>
    <description lang="cs_CZ">Připomene narozeniny vašich blízkých. Určeno pro skin Confluence SCC.Pro jiné skiny nutný zásah do skinu.[CR][CR]Vytvořte textový soubor. Na každý řádek vložte jeden záznam ve formátu ddmm jméno. V nastavení addonu zadejte názex souboru, nastavte cestu k tomuto souboru a restartujte Kodi </description>
    <license>GPL-3.0-only</license>
    <platform>all</platform>
    <assets>
      <icon>icon.png</icon>
    </assets>
  </extension>
</addon>
