<window>
    <allowoverlay>yes</allowoverlay> 
    <coordinates>
        <system>1</system>
        <posx>0</posx>
        <posy>0</posy>
    </coordinates>
    <animation effect="fade" start="0" end="100" time="250">WindowOpen</animation>
    <animation effect="fade" start="100" end="0" time="250">WindowClose</animation>
    <controls>
        <control type="image">
            <width>100%</width> 
            <height>100%</height>
            <texture>black.png</texture>
            <aspectratio scalediffuse="false">stretch</aspectratio>
        </control>
		<control type="group" id=30000>
			<control type="image" id="30001">
				<aspectratio>scale</aspectratio>
				<colordiffuse>27FFFFFF</colordiffuse>
				<animation effect="fade" start="0" end="1000" time="6000" delay="200" reversible="true">VisibleChange</animation>
				<visible>String.isEqual(Window.Property(kindgirls_picturebackground),ON)</visible>
			</control>
			<control type="image" id="30002">
				<width>auto</width> 
				<height>auto</height>
				<aspectratio scalediffuse="false">keep</aspectratio>
				<animation effect="fade" start="0" end="1000" time="6000" delay="200" reversible="true">VisibleChange</animation>
				<animation effect="zoom" start="110" end="130" center="auto" time="25000" tween="cubic" easing="inout" condition="String.isEqual(Window.Property(kindgirls_pictureanimation),ON)" pulse="true">Conditional</animation>
				<animation effect="slide" start="-10,-10" end="20,20" time="9000" tween="cubic" easing="inout" condition="String.isEqual(Window.Property(kindgirls_pictureanimation),ON)" pulse="true">Conditional</animation>
			</control>
		</control>
		<control type="group" id=30005>
			<control type="image" id="30006">
				<aspectratio>scale</aspectratio>
				<colordiffuse>27FFFFFF</colordiffuse>
				<animation effect="fade" start="0" end="1000" time="6000" delay="200" reversible="true">VisibleChange</animation>
				<visible>String.isEqual(Window.Property(kindgirls_picturebackground),ON)</visible>
			</control>
			<control type="image" id="30007">
				<width>auto</width> 
				<height>auto</height> 
				<aspectratio scalediffuse="false">keep</aspectratio>
				<animation effect="fade" start="0" end="1000" time="6000" delay="200" reversible="true">VisibleChange</animation>
				<animation effect="zoom" start="110" end="130" center="auto" time="25000" tween="cubic" easing="inout" condition="String.isEqual(Window.Property(kindgirls_pictureanimation),ON)" pulse="true">Conditional</animation>
				<animation effect="slide" start="-10,-10" end="20,20" time="9000" tween="cubic" easing="inout" condition="String.isEqual(Window.Property(kindgirls_pictureanimation),ON)" pulse="true">Conditional</animation>
			</control>
		</control>
		<control type="image" id="30010">
			<width>auto</width> 
			<height>auto</height> 
			<texture>overlayfade.png</texture>
			<animation effect="fade" end="95" condition="True">Conditional</animation>
			<visible>String.isEqual(Window.Property(kindgirls_overlay),ON)</visible>
		</control>
		<control type="group" id="30011">
			<visible>String.isEqual(Window.Property(kindgirls_logodisplay),ON)</visible>
			<animation effect="slide" start="-30,-50" end="30,50" time="19000" tween="cubic" easing="inout" pulse="true" condition="String.isEqual(Window.Property(kindgirls_logoanimation),ON)">Conditional</animation>
			<animation effect="slide" start="30,-50" end="-30,50" time="7000" tween="cubic" easing="inout" pulse="true" condition="String.isEqual(Window.Property(kindgirls_logoanimation),ON)">Conditional</animation>
			<animation effect="slide" start="-30,0" end="30,0" time="11000" tween="cubic" easing="inout" pulse="true" condition="String.isEqual(Window.Property(kindgirls_logoanimation),ON)">Conditional</animation>
			<animation effect="slide" start="0,50" end="0,-50" time="17000" tween="cubic" easing="inout" pulse="true" condition="String.isEqual(Window.Property(kindgirls_logoanimation),ON)">Conditional</animation>
			<control type=image id="30012">
				<bottom>200</bottom>
				<left>100</left>
				<align>left</align>
				<aligny>bottom</aligny>
				<width>128</width> 
				<height>128</height> 
				<texture>icon.png</texture>
				<aspectratio scalediffuse="false">keep</aspectratio>
				<animation effect="fade" start="50" end="50" condition="True">Conditional</animation>
			</control>
			<control type="label" id="30003">
				<bottom>150</bottom>
				<left>100</left>
				<align>left</align>
				<aligny>bottom</aligny>
				<width>auto</width> 
				<height>50</height>
				<shadowcolor>FF000000</shadowcolor>
				<animation effect="fade" start="50" end="50" condition="True">Conditional</animation>
				<visible>String.isEqual(Window.Property(kindgirls_galleryinfo),ON)</visible>
				<visible>Control.IsVisible(30000)</visible>
			</control>
			<control type="label" id="30008">
				<bottom>150</bottom>
				<left>100</left>
				<align>left</align>
				<aligny>bottom</aligny>
				<width>auto</width> 
				<height>50</height>
				<shadowcolor>FF000000</shadowcolor>
				<animation effect="fade" start="50" end="50" condition="True">Conditional</animation>
				<visible>String.isEqual(Window.Property(kindgirls_galleryinfo),ON)</visible>
				<visible>Control.IsVisible(30005)</visible>
			</control>
		</control>
    </controls>
</window>
