<window>
    <allowoverlay>yes</allowoverlay> 
    <coordinates>
        <system>1</system>
        <posx>0</posx>
        <posy>0</posy>
    </coordinates>
    <animation effect="fade" start="0" end="100" time="250">WindowOpen</animation>
    <animation effect="fade" start="100" end="0" time="250">WindowClose</animation>
    <controls>
        <control type="image">
            <posx>0</posx>
            <posy>0</posy>
            <width>auto</width> 
            <height>auto</height>
            <texture>black.png</texture>
            <aspectratio scalediffuse="false">stretch</aspectratio>
        </control>
		<control type="image" id="30000">
            <posx>0</posx>
            <posy>0</posy>
			<!-- <include>FullScreenDimensions</include> -->
			<aspectratio>scale</aspectratio>
			<fadetime>400</fadetime>
			<!-- <animation effect="fade" time="400">VisibleChange</animation> -->
            <animation effect="fade" start="0" end="1000" time="6000" delay="200" reversible="true">VisibleChange</animation>
			<colordiffuse>27FFFFFF</colordiffuse>
			<!-- <texture background="true" colordiffuse="37FFFFFF">$VAR[MediaFanartVar]</texture> -->
		</control>
		<control type="image" id="30003">
            <posx>0</posx>
            <posy>0</posy>
			<!-- <include>FullScreenDimensions</include> -->
			<aspectratio>scale</aspectratio>
			<fadetime>400</fadetime>
			<!-- <animation effect="fade" time="400">VisibleChange</animation> -->
            <animation effect="fade" start="0" end="1000" time="6000" delay="200" reversible="true">VisibleChange</animation>
			<colordiffuse>27FFFFFF</colordiffuse>
			<!-- <texture background="true" colordiffuse="37FFFFFF">$VAR[MediaFanartVar]</texture> -->
		</control>
        <control type="image" id="30001">
            <posx>0</posx> 
            <posy>0</posy> 
            <width>auto</width> 
            <height>auto</height>
            <aspectratio scalediffuse="false">keep</aspectratio>
            <animation effect="fade" start="0" end="1000" time="6000" delay="200" reversible="true">VisibleChange</animation>
            <animation effect="zoom" start="110" end="130" center="auto" time="25000" tween="cubic" easing="inout" condition="String.isEqual(Window.Property(kindgirls_animation),ON)" pulse="true">Conditional</animation>
            <animation effect="slide" start="-10,-10" end="20,20" time="9000" tween="cubic" easing="inout" condition="String.isEqual(Window.Property(kindgirls_animation),ON)" pulse="true">Conditional</animation>
            <!-- <visible>Control.IsVisible(30000)</visible> -->
        </control>
        <control type="image" id="30004">
            <posx>0</posx> 
            <posy>0</posy> 
            <width>auto</width> 
            <height>auto</height> 
            <aspectratio scalediffuse="false">keep</aspectratio>
            <animation effect="fade" start="0" end="1000" time="6000" delay="200" reversible="true">VisibleChange</animation>
            <animation effect="zoom" start="110" end="130" center="auto" time="25000" tween="cubic" easing="inout" condition="String.isEqual(Window.Property(kindgirls_animation),ON)" pulse="true">Conditional</animation>
            <animation effect="slide" start="-10,-10" end="20,20" time="9000" tween="cubic" easing="inout" condition="String.isEqual(Window.Property(kindgirls_animation),ON)" pulse="true">Conditional</animation>
            <!-- <visible>Control.IsVisible(30003)</visible> -->
        </control>
        <control type="image">
            <posx>0</posx>
            <posy>0</posy>
            <width>auto</width> 
            <height>auto</height> 
            <texture>overlayfade.png</texture>
            <animation effect="fade" end="95" condition="True">Conditional</animation>
            <visible>String.isEqual(Window.Property(kindgirls_overlay),ON) + [Control.IsVisible(30000) | Control.IsVisible(30003)]</visible>
        </control>
		<control type="group">
			<control type="image">
				<bottom>100</bottom>
				<left>50</left>
				<align>left</align>
				<aligny>bottom</aligny>
				<width>128</width> 
				<height>128</height> 
				<texture>icon.png</texture>
				<aspectratio scalediffuse="false">keep</aspectratio>
				<animation effect="fade" start="50" end="50" condition="True">Conditional</animation>
				<visible>String.isEqual(Window.Property(kindgirls_logo),ON) + [Control.IsVisible(30000) | Control.IsVisible(30003)]</visible>
			</control>
			<control type="label" id="30002">
				<bottom>50</bottom>
				<left>50</left>
				<align>left</align>
				<aligny>bottom</aligny>
				<width>auto</width> 
				<height>50</height>
				<shadowcolor>FF000000</shadowcolor>
				<!-- <label>Model's name will be here!</label> -->
				<animation effect="fade" start="50" end="50" condition="True">Conditional</animation>
				<!-- <visible>String.isEqual(Window.Property(kindgirls_info),ON) + Control.IsVisible(30000)</visible> -->
				<visible>String.isEqual(Window.Property(kindgirls_info),ON)</visible>
			</control>
			<control type="label" id="30005">
				<bottom>50</bottom>
				<left>50</left>
				<align>left</align>
				<aligny>bottom</aligny>
				<width>auto</width> 
				<height>50</height>
				<shadowcolor>FF000000</shadowcolor>
				<!-- <label>Model's name will be here!</label> -->
				<animation effect="fade" start="50" end="50" condition="True">Conditional</animation>
				<!-- <visible>String.isEqual(Window.Property(kindgirls_info),ON) + Control.IsVisible(30003)</visible> -->
				<visible>String.isEqual(Window.Property(kindgirls_info),ON)</visible>
			</control>
		</control>
    </controls>
</window>
