<?xml version="1.0" encoding="UTF-8" standalone="yes"?>
<addon id="service.netspeed.monitor" name="Netspeed Monitor" version="1.0.4" provider-name="jkmh">
  <requires>
    <import addon="xbmc.python" version="3.0.0"/>
	<import addon="xbmc.addon" version="14.0.0"/>
  </requires>
  <extension point="xbmc.service" library="netspeed.py"/>
  <extension point="xbmc.addon.metadata">
    <summary lang="en_GB">Netspeed monitor for eth0/wlan0 interface</summary>
    <description lang="en_GB">Netspeed monitor for eth0/wlan0 interface</description>
    <description lang="cs_CZ">Addon k zobrazení datového toku rozhraním eth0/wlan0 pro skin Confluence SCC. Po nainstalování se automaticky rozšíří možnosti nastavení. K zobrazení informací v jiných skinech je nutná jejich dodatečná editace.</description>
    <license>GPL-3.0-only</license>
    <platform>all</platform>
    <assets>
      <icon>icon.png</icon>
    </assets>
  </extension>
</addon>
