<?xml version="1.0" encoding="UTF-8"?>
<window type="buttonMenu" id="1198">
	<defaultcontrol>9001</defaultcontrol>
	<include>dialogeffect</include>
	<coordinates>
		<left>0</left>
		<top>0</top>
	</coordinates>
	<controls>
		<control type="button" id="9001">
			<description>Make sure we hit the first button in the group list and not the close window button</description>
			<left>-32</left>
			<top>-32</top>
			<width>12</width>
			<height>12</height>
			<label />
			<font />
			<onfocus>down</onfocus>
			<texturefocus />
			<texturenofocus />
			<onleft>9000</onleft>
			<onright>9000</onright>
			<onup>10</onup>
			<ondown>2</ondown>
		</control>
		<control type="image">
			<left>0</left>
			<top>0</top>
			<width>3840</width>
			<height>2160</height>
			<texture>black-back.png</texture>
		</control>
		<control type="grouplist" id="9000">
			<visible>VideoPlayer.IsFullscreen</visible>
			<left>1410</left>
			<top>0</top>
			<width>1020</width>
			<height>2160</height>
			<onleft>9000</onleft>
			<onright>9000</onright>
			<onup>9000</onup>
			<ondown>9000</ondown>
			<itemgap>0</itemgap>
			<align>center</align>
			<control type="group" id="1">
				<width>680</width>
				<height>140</height>
				<include content="DialogBackgroundCommons">
					<param name="DialogBackgroundWidth" value="510" />
					<param name="DialogBackgroundHeight" value="120" />
					<param name="DialogHeaderWidth" value="375" />
					<param name="DialogHeaderLabel" value="Skip Ads" />
					<param name="DialogHeaderId" value="11" />
					<param name="CloseButtonLeft" value="395" />
					<param name="DialogHeaderLogoWidth" value="25" />
				</include>
			</control>
			<control type="button" id="2">
				<description>skip</description>
				<include>CommonMyButtons</include>
				<onclick>Seek(60)</onclick>
				<label>1 minuta</label>
			</control>
			<control type="button" id="3">
				<description>skip</description>
				<include>CommonMyButtons</include>
				<onclick>Seek(120)</onclick>
				<label>2 minuty</label>
			</control>
			<control type="button" id="4">
				<description>skip</description>
				<include>CommonMyButtons</include>
				<onclick>Seek(360)</onclick>
				<label>Nova</label>
			</control>
			<control type="button" id="5">
				<description>skip</description>
				<include>CommonMyButtons</include>
				<onclick>Seek(420)</onclick>
				<label>Prima</label>
			</control>
			<control type="button" id="6">
				<description>skip</description>
				<include>CommonMyButtons</include>
				<onclick>Seek(390)</onclick>
				<label>Paramount Network</label>
			</control>
			<control type="button" id="7">
				<description>skip</description>
				<include>CommonMyButtons</include>
				<onclick>Seek(300)</onclick>
				<label>National Geographic</label>
			</control>
			<control type="button" id="10">
				<description>skip</description>
				<include>CommonMyButtons</include>
				<onclick>Seek(360)</onclick>
				<label>CS Film</label>
			</control>
			<control type="image" id="14">
				<description>background bottom image</description>
				<left>0</left>
				<width>680</width>
				<height>50</height>
				<texture border="20,0,19,20">DialogContextBottom.png</texture>
			</control>
		</control>
	</controls>
</window>
