<?xml version="1.0" encoding="UTF-8"?>
<window type="buttonMenu" id="1107">
	<defaultcontrol>9001</defaultcontrol>
	<include>dialogeffect</include>
	<coordinates>
		<left>0</left>
		<top>0</top>
	</coordinates>
	<controls>
		<control type="button" id="9001">
			<description>Make sure we hit the first button in the group list and not the close window button</description>
			<left>-32</left>
			<top>-32</top>
			<width>8</width>
			<height>8</height>
			<label />
			<font />
			<onfocus>down</onfocus>
			<texturefocus />
			<texturenofocus />
			<onleft>9000</onleft>
			<onright>9000</onright>
			<onup>6</onup>
			<ondown>2</ondown>
		</control>
		<control type="image">
			<left>0</left>
			<top>0</top>
			<width>3840</width>
			<height>2160</height>
			<texture>black-back.png</texture>
		</control>
		<control type="grouplist" id="9000">
			<left>1410</left>
			<top>0</top>
			<width>1020</width>
			<height>2160</height>
			<onleft>9000</onleft>
			<onright>9000</onright>
			<onup>9000</onup>
			<ondown>9000</ondown>
			<itemgap>0</itemgap>
			<align>center</align>
			<control type="group" id="1">
				<width>680</width>
				<height>140</height>
				<include content="DialogBackgroundCommons">
					<param name="DialogBackgroundWidth" value="510" />
					<param name="DialogBackgroundHeight" value="120" />
					<param name="DialogHeaderWidth" value="375" />
					<param name="DialogHeaderLabel" value="Hledání" />
					<param name="DialogHeaderId" value="10" />
					<param name="CloseButtonLeft" value="397" />
					<param name="DialogHeaderLogoWidth" value="25" />
				</include>
			</control>
			<control type="button" id="2">
				<description>search ws</description>
				<include>CommonMyButtons</include>
				<label>Webshare</label>
				<onclick>PlayMedia("plugin://plugin.video.stream-cinema-2-release/command/?command=search-webshare",return)</onclick>
				<onclick>ActivateWindow(10025,plugin://plugin.video.stream-cinema-2-release/,return)</onclick>
			</control>
			<control type="button" id="3">
				<description>search scc</description>
				<include>CommonMyButtons</include>
				<label>Stream Cinema Community</label>
				<onclick>PlayMedia("plugin://plugin.video.stream-cinema-2-release/command/?command=search",return)</onclick>
				<onclick>ActivateWindow(10025,plugin://plugin.video.stream-cinema-2-release/,return)</onclick>
			</control>
			<control type="button" id="4">
				<description>search YT</description>
				<include>CommonMyButtons</include>
				<label>YouTube</label>
				<onclick condition="System.AddonIsEnabled(plugin.video.youtube)">ActivateWindow(10025,"plugin://plugin.video.youtube/kodion/search/list/",return)</onclick>
				<onclick condition="System.HasAddon(plugin.video.youtube) + !System.AddonIsEnabled(plugin.video.youtube)">EnableAddon(plugin.video.youtube)</onclick>
				<onclick condition="!System.HasAddon(plugin.video.youtube)">InstallAddon(plugin.video.youtube)</onclick>
			</control>
			<control type="button" id="5">
				<description>global search</description>
				<include>CommonMyButtons</include>
				<label>Knihovna</label>
				<onclick condition="System.AddonIsEnabled(script.globalsearch)">RunScript(script.globalsearch)</onclick>
				<onclick condition="System.HasAddon(script.globalsearch) + !System.AddonIsEnabled(script.globalsearch)">EnableAddon(script.globalsearch)</onclick>
				<onclick condition="!System.HasAddon(script.globalsearch)">InstallAddon(script.globalsearch)</onclick>
			</control>
			<control type="button" id="6">
				<description>addon search</description>
				<include>CommonMyButtons</include>
				<label>Doplňky</label>
				<onclick>ActivateWindow(addonbrowser,addons://search/,return)</onclick>
			</control>
			<control type="image" id="14">
				<description>background bottom image</description>
				<left>0</left>
				<width>680</width>
				<height>50</height>
				<texture border="20,0,19,20">DialogContextBottom.png</texture>
			</control>
		</control>
	</controls>
</window>
