<?xml version="1.0" encoding="UTF-8"?>
<window id="1112" type="dialog">
	<defaultcontrol always="true">100</defaultcontrol>
	<include>dialogeffect</include>
	<controls>
		<control type="image">
			<left>0</left>
			<top>0</top>
			<width>3840</width>
			<height>2160</height>
			<texture border="120,0,0,0">hint-overlay.png</texture>
		</control>
		<control type="image">
			<left>360</left>
			<top>900</top>
			<width>192</width>
			<height>192</height>
			<texture>arrow-big-left.png</texture>
		</control>
		<control type="image">
			<left>570</left>
			<top>300</top>
			<width>6</width>
			<height>1536</height>
			<texture>separator_vertical.png</texture>
		</control>
		<control type="label">
			<left>720</left>
			<top>450</top>
			<width>2040</width>
			<height>180</height>
			<font>font35_title</font>
			<textcolor>blue</textcolor>
			<align>left</align>
			<aligny>center</aligny>
			<label>31411</label>
		</control>
		<control type="textbox">
			<left>720</left>
			<top>726</top>
			<width>2040</width>
			<height>744</height>
			<font>font14</font>
			<textcolor>white</textcolor>
			<align>left</align>
			<label>31412</label>
		</control>
		<control type="button" id="100">
			<description>OK button</description>
			<left>2160</left>
			<top>1500</top>
			<width>600</width>
			<height>120</height>
			<label>12321</label>
			<font>font12_title</font>
			<textcolor>white</textcolor>
			<focusedcolor>white</focusedcolor>
			<align>center</align>
			<onclick>Skin.Setbool(FirstTimeRun)</onclick>
			<onclick>back</onclick>
			<onleft>100</onleft>
			<onright>100</onright>
			<onup>100</onup>
			<ondown>100</ondown>
		</control>
	</controls>
</window>
