<?xml version="1.0" encoding="UTF-8"?>
<window>
	<defaultcontrol>61</defaultcontrol>
	<controls>
		<control type="group">
			<depth>DepthDialog-</depth>
			<animation effect="slide" start="3300,0" end="0,0" time="300" tween="quadratic" easing="out">WindowOpen</animation>
			<animation effect="slide" start="0,0" end="3300,0" time="300" tween="quadratic" easing="out">WindowClose</animation>
			<control type="image">
				<left>540</left>
				<top>0</top>
				<width>3360</width>
				<height>2160</height>
				<texture border="15,0,0,0" flipx="true">MediaBladeSub.png</texture>
			</control>
			<control type="button">
				<description>Close Window button</description>
				<left>600</left>
				<top>0</top>
				<width>192</width>
				<height>96</height>
				<label />
				<font />
				<onclick>PreviousMenu</onclick>
				<texturefocus>DialogCloseButton-focus.png</texturefocus>
				<texturenofocus>DialogCloseButton.png</texturenofocus>
				<onleft>61</onleft>
				<onright>61</onright>
				<onup>61</onup>
				<ondown>61</ondown>
				<visible>system.getbool(input.enablemouse)</visible>
			</control>
			<control type="group">
				<animation effect="fade" delay="300" start="0" end="100" time="150">WindowOpen</animation>
				<animation effect="fade" start="100" end="0" time="150">WindowClose</animation>
				<control type="label" id="1">
					<description>header label</description>
					<left>630</left>
					<top>120</top>
					<width>3090</width>
					<height>90</height>
					<font>font13_title</font>
					<align>center</align>
					<aligny>center</aligny>
					<textcolor>selected</textcolor>
					<shadowcolor>black</shadowcolor>
				</control>
				<control type="textbox" id="5">
					<description>textarea</description>
					<left>630</left>
					<top>276</top>
					<width>3000</width>
					<height>1794</height>
					<label />
					<font>font13</font>
					<align>justify</align>
					<textcolor>white</textcolor>
					<shadowcolor>black</shadowcolor>
					<pagecontrol>61</pagecontrol>
				</control>
				<control type="scrollbar" id="61">
					<left>3660</left>
					<top>270</top>
					<width>76</width>
					<height>1800</height>
					<texturesliderbackground border="0,28,0,28">ScrollBarV.png</texturesliderbackground>
					<texturesliderbar border="0,28,0,28">ScrollBarV_bar.png</texturesliderbar>
					<texturesliderbarfocus border="0,28,0,28">ScrollBarV_bar_focus.png</texturesliderbarfocus>
					<textureslidernib>ScrollBarNib.png</textureslidernib>
					<textureslidernibfocus>ScrollBarNib.png</textureslidernibfocus>
					<onleft>61</onleft>
					<onright>61</onright>
					<ondown>61</ondown>
					<onup>61</onup>
					<showonepage>true</showonepage>
					<orientation>vertical</orientation>
				</control>
			</control>
		</control>
		<control type="group">
			<depth>DepthDialog-</depth>
			<include>Clock</include>
		</control>
	</controls>
</window>
