<?xml version="1.0" encoding="UTF-8"?>
<window>
	<defaultcontrol always="true">5</defaultcontrol>
	<coordinates>
		<left>720</left>
		<top>136</top>
	</coordinates>
	<include>dialogeffect</include>
	<controls>
		<control type="group">
			<control type="image">
				<description>background image</description>
				<left>0</left>
				<top>0</top>
				<width>2400</width>
				<height>1890</height>
				<texture border="40">DialogBack.png</texture>
				<visible>!Window.IsVisible(Slideshow)</visible>
			</control>
			<control type="image">
				<description>background image</description>
				<left>0</left>
				<top>0</top>
				<width>2400</width>
				<height>1890</height>
				<texture border="40">DialogBack2.png</texture>
				<visible>Window.IsVisible(Slideshow)</visible>
			</control>
			<control type="image">
				<description>Dialog Header image</description>
				<left>120</left>
				<top>48</top>
				<width>2160</width>
				<height>120</height>
				<texture>dialogheader.png</texture>
			</control>
			<control type="label">
				<description>header label</description>
				<left>120</left>
				<top>60</top>
				<width>2160</width>
				<height>90</height>
				<font>font13_title</font>
				<label>$LOCALIZE[13406]</label>
				<align>center</align>
				<aligny>center</aligny>
				<textcolor>selected</textcolor>
				<shadowcolor>black</shadowcolor>
			</control>
			<control type="button">
				<description>Close Window button</description>
				<left>2130</left>
				<top>46</top>
				<width>192</width>
				<height>96</height>
				<label />
				<font />
				<onclick>PreviousMenu</onclick>
				<texturefocus>DialogCloseButton-focus.png</texturefocus>
				<texturenofocus>DialogCloseButton.png</texturenofocus>
				<onleft>2</onleft>
				<onright>2</onright>
				<onup>2</onup>
				<ondown>2</ondown>
				<visible>system.getbool(input.enablemouse)</visible>
			</control>
			<control type="scrollbar" id="60">
				<left>2266</left>
				<top>210</top>
				<width>76</width>
				<height>1486</height>
				<texturesliderbackground border="0,28,0,28">ScrollBarV.png</texturesliderbackground>
				<texturesliderbar border="0,28,0,28">ScrollBarV_bar.png</texturesliderbar>
				<texturesliderbarfocus border="0,28,0,28">ScrollBarV_bar_focus.png</texturesliderbarfocus>
				<textureslidernib>ScrollBarNib.png</textureslidernib>
				<textureslidernibfocus>ScrollBarNib.png</textureslidernibfocus>
				<onleft>5</onleft>
				<onright>5</onright>
				<showonepage>false</showonepage>
				<orientation>vertical</orientation>
			</control>
			<control type="list" id="5">
				<animation effect="slide" start="0,0" end="30,0" time="0" condition="!Control.IsVisible(60)">Conditional</animation>
				<left>90</left>
				<top>210</top>
				<width>2160</width>
				<height>1486</height>
				<onleft>60</onleft>
				<onright>60</onright>
				<onup>5</onup>
				<ondown>5</ondown>
				<pagecontrol>60</pagecontrol>
				<scrolltime>200</scrolltime>
				<itemlayout height="136">
					<control type="image">
						<left>0</left>
						<top>0</top>
						<width>2160</width>
						<height>120</height>
						<texture border="5">button-nofocus.png</texture>
					</control>
					<control type="label">
						<left>30</left>
						<top>0</top>
						<width>1500</width>
						<height>120</height>
						<font>font13</font>
						<aligny>center</aligny>
						<textcolor>white</textcolor>
						<shadowcolor>black</shadowcolor>
						<selectedcolor>selected</selectedcolor>
						<align>left</align>
						<label>$INFO[ListItem.Label]</label>
					</control>
					<control type="label">
						<left>180</left>
						<top>0</top>
						<width>1950</width>
						<height>120</height>
						<font>font13</font>
						<aligny>center</aligny>
						<textcolor>grey2</textcolor>
						<shadowcolor>black</shadowcolor>
						<selectedcolor>selected</selectedcolor>
						<align>right</align>
						<info>ListItem.Label2</info>
					</control>
				</itemlayout>
				<focusedlayout height="136">
					<control type="image">
						<left>0</left>
						<top>0</top>
						<width>2160</width>
						<height>120</height>
						<visible>!Control.HasFocus(5)</visible>
						<texture border="5">button-nofocus.png</texture>
					</control>
					<control type="image">
						<left>0</left>
						<top>0</top>
						<width>2160</width>
						<height>120</height>
						<texture border="5">button-focus2.png</texture>
						<visible>Control.HasFocus(5)</visible>
					</control>
					<control type="label">
						<left>30</left>
						<top>0</top>
						<width>1500</width>
						<height>120</height>
						<font>font13</font>
						<aligny>center</aligny>
						<textcolor>white</textcolor>
						<shadowcolor>black</shadowcolor>
						<selectedcolor>selected</selectedcolor>
						<align>left</align>
						<label>$INFO[ListItem.Label]</label>
					</control>
					<control type="label">
						<left>180</left>
						<top>0</top>
						<width>1950</width>
						<height>120</height>
						<font>font13</font>
						<aligny>center</aligny>
						<textcolor>grey2</textcolor>
						<shadowcolor>black</shadowcolor>
						<selectedcolor>selected</selectedcolor>
						<align>right</align>
						<info>ListItem.Label2</info>
					</control>
				</focusedlayout>
			</control>
			<control type="label">
				<description>number of files/pages in list text label</description>
				<left>1380</left>
				<top>1710</top>
				<width>900</width>
				<height>106</height>
				<font>font12</font>
				<align>right</align>
				<aligny>center</aligny>
				<scroll>true</scroll>
				<textcolor>grey</textcolor>
				<label>([COLOR=blue]$INFO[Container(5).NumItems][/COLOR]) $LOCALIZE[31025] - $LOCALIZE[31024] ([COLOR=blue]$INFO[Container(5).CurrentPage]/$INFO[Container(5).NumPages][/COLOR])</label>
			</control>
		</control>
	</controls>
</window>
