<?xml version="1.0" encoding="UTF-8"?>
<window>
	<animation effect="fade" time="75">WindowOpen</animation>
	<animation effect="fade" time="150">WindowClose</animation>
	<coordinates>
		<left>0</left>
		<top>0</top>
	</coordinates>
	<controls>
		<control type="group">
			<depth>DepthDialog+</depth>
			<left>3210</left>
			<top>1920</top>
			<control type="image">
				<description>background image</description>
				<left>0</left>
				<top>0</top>
				<width>600</width>
				<height>210</height>
				<texture border="20">OverlayDialogBackground.png</texture>
			</control>
			<control type="image">
				<description>Busy animation</description>
				<left>60</left>
				<top>60</top>
				<width>96</width>
				<height>96</height>
				<texture>busy.png</texture>
				<aspectratio>keep</aspectratio>
				<animation effect="rotate" start="0" end="360" center="108,108" time="900" loop="true" condition="true">conditional</animation>
			</control>
			<control type="label">
				<description>Busy label</description>
				<left>180</left>
				<top>60</top>
				<width>360</width>
				<height>96</height>
				<align>left</align>
				<aligny>center</aligny>
				<label>$LOCALIZE[31004]</label>
				<font>font12</font>
			</control>
			<control type="progress" id="10">
				<description>Progressbar</description>
				<left>60</left>
				<top>160</top>
				<width>480</width>
				<height>24</height>
				<texturebg border="4,5,4,5">ProgressBack.png</texturebg>
				<midtexture border="4,5,4,5">ProgressMid.png</midtexture>
			</control>
		</control>
	</controls>
</window>
