<?xml version="1.0" encoding="UTF-8"?>
<window>
	<defaultcontrol>1</defaultcontrol>
	<animation effect="slide" start="0,-120" end="0,0" time="75">WindowOpen</animation>
	<animation effect="slide" start="0,0" end="0,-120" delay="300" time="75">WindowClose</animation>
	<controls>
		<control type="group">
			<depth>DepthOSD</depth>
			<left>2460</left>
			<top>0</top>
			<include>VisibleFadeEffect</include>
			<visible>!Player.Muted</visible>
			<control type="image">
				<left>0</left>
				<top>-30</top>
				<width>900</width>
				<height>150</height>
				<texture flipy="true" border="12,2,12,12">InfoMessagePanel.png</texture>
			</control>
			<control type="group">
				<visible>!player.passthrough</visible>
				<control type="image">
					<description>Lite Volume Logo</description>
					<left>30</left>
					<top>0</top>
					<width>120</width>
					<height>106</height>
					<aspectratio>keep</aspectratio>
					<texture>VolumeIcon.png</texture>
				</control>
				<control type="progress" id="1">
					<description>progress control</description>
					<left>150</left>
					<top>24</top>
					<width>690</width>
					<height>54</height>
					<info>Player.Volume</info>
				</control>
			</control>
			<control type="group">
				<visible>player.passthrough</visible>
				<control type="image">
					<description>Lite Volume Logo</description>
					<left>30</left>
					<top>0</top>
					<width>120</width>
					<height>106</height>
					<aspectratio>keep</aspectratio>
					<colordiffuse>CCFF0000</colordiffuse>
					<texture>VolumeIcon.png</texture>
				</control>
				<control type="label">
					<description>Passthrough Label</description>
					<left>150</left>
					<top>18</top>
					<width>690</width>
					<height>60</height>
					<label>$LOCALIZE[29802]</label>
					<font>font10_title</font>
					<textcolor>white</textcolor>
					<shadowcolor>black</shadowcolor>
					<align>left</align>
					<aligny>center</aligny>
				</control>
			</control>
		</control>
		<control type="image">
			<left>150r</left>
			<top>6</top>
			<width>136</width>
			<height>136</height>
			<aspectratio>keep</aspectratio>
			<texture>icon-mute.png</texture>
			<include>VisibleFadeEffect</include>
			<visible>Player.Muted</visible>
		</control>
	</controls>
</window>
