<?xml version="1.0" encoding="UTF-8"?>
<window>
	<defaultcontrol always="true">21</defaultcontrol>
	<include>dialogeffect</include>
	<depth>DepthDialog+</depth>
	<coordinates>
		<left>1260</left>
		<top>526</top>
	</coordinates>
	<controls>
		<control type="image">
			<left>0</left>
			<top>0</top>
			<width>1140</width>
			<height>1290</height>
			<texture border="40">DialogBack.png</texture>
		</control>
		<control type="image">
			<description>Dialog Header image</description>
			<left>120</left>
			<top>54</top>
			<width>900</width>
			<height>150</height>
			<texture>dialogheader.png</texture>
		</control>
		<control type="button">
			<description>Close Window button</description>
			<left>870</left>
			<top>46</top>
			<width>192</width>
			<height>96</height>
			<label />
			<font />
			<onclick>PreviousMenu</onclick>
			<texturefocus>DialogCloseButton-focus.png</texturefocus>
			<texturenofocus>DialogCloseButton.png</texturenofocus>
			<visible>system.getbool(input.enablemouse)</visible>
		</control>
		<control type="label" id="1">
			<description>dialog Heading</description>
			<left>60</left>
			<top>84</top>
			<width>1020</width>
			<height>106</height>
			<font>font12_title</font>
			<textcolor>selected</textcolor>
			<shadowcolor>black</shadowcolor>
			<align>center</align>
			<aligny>center</aligny>
			<wrapmultiline>true</wrapmultiline>
		</control>
		<control type="image">
			<left>90</left>
			<top>210</top>
			<width>960</width>
			<height>150</height>
			<aspectratio>stretch</aspectratio>
			<texture border="20">KeyboardEditArea.png</texture>
		</control>
		<control type="label" id="4">
			<description>Edit Text</description>
			<left>106</left>
			<top>210</top>
			<width>930</width>
			<height>150</height>
			<font>font13</font>
			<textcolor>selected</textcolor>
			<disabledcolor>grey2</disabledcolor>
			<align>center</align>
			<aligny>center</aligny>
		</control>
		<control type="image">
			<left>120</left>
			<top>360</top>
			<width>900</width>
			<height>90</height>
			<aspectratio>stretch</aspectratio>
			<texture>dialogheader.png</texture>
		</control>
		<control type="group">
			<left>166</left>
			<top>466</top>
			<control type="button" id="11">
				<description>1 button</description>
				<left>0</left>
				<top>0</top>
				<width>180</width>
				<height>180</height>
				<font>font13</font>
				<align>center</align>
				<aligny>center</aligny>
				<texturenofocus border="25,25,5,5">KeyboardCornerTopNF.png</texturenofocus>
				<texturefocus border="25,25,5,5">KeyboardCornerTop.png</texturefocus>
				<label>12311</label>
				<focusedcolor>black</focusedcolor>
				<onleft>23</onleft>
				<onright>12</onright>
				<onup>20</onup>
				<ondown>14</ondown>
			</control>
			<control type="button" id="12">
				<description>2 button</description>
				<left>180</left>
				<top>0</top>
				<width>180</width>
				<height>180</height>
				<font>font13</font>
				<align>center</align>
				<aligny>center</aligny>
				<texturenofocus border="3">KeyboardKeyNF.png</texturenofocus>
				<texturefocus border="5">KeyboardKey.png</texturefocus>
				<label>12312</label>
				<focusedcolor>black</focusedcolor>
				<onleft>11</onleft>
				<onright>13</onright>
				<onup>10</onup>
				<ondown>15</ondown>
			</control>
			<control type="button" id="13">
				<description>3 button</description>
				<left>360</left>
				<top>0</top>
				<width>180</width>
				<height>180</height>
				<font>font13</font>
				<align>center</align>
				<aligny>center</aligny>
				<texturenofocus border="3">KeyboardKeyNF.png</texturenofocus>
				<texturefocus border="5">KeyboardKey.png</texturefocus>
				<label>12313</label>
				<focusedcolor>black</focusedcolor>
				<onleft>12</onleft>
				<onright>23</onright>
				<onup>22</onup>
				<ondown>16</ondown>
			</control>
			<control type="button" id="23">
				<description>Backspace button</description>
				<left>540</left>
				<top>0</top>
				<width>270</width>
				<height>360</height>
				<font>font12</font>
				<align>center</align>
				<aligny>center</aligny>
				<texturenofocus flipx="true" border="5,25,25,5">KeyboardCornerTopNF.png</texturenofocus>
				<texturefocus flipx="true" border="5,25,25,5">KeyboardCornerTop.png</texturefocus>
				<textwidth>360</textwidth>
				<label />
				<focusedcolor>black</focusedcolor>
				<onleft>13</onleft>
				<onright>11</onright>
				<onup>21</onup>
				<ondown>21</ondown>
			</control>
			<control type="image">
				<description>Backspace icon</description>
				<left>630</left>
				<top>136</top>
				<width>90</width>
				<height>90</height>
				<texture>KeyboardBackKey.png</texture>
			</control>
			<control type="button" id="14">
				<description>4 button</description>
				<left>0</left>
				<top>180</top>
				<width>180</width>
				<height>180</height>
				<font>font13</font>
				<align>center</align>
				<aligny>center</aligny>
				<texturenofocus border="3">KeyboardKeyNF.png</texturenofocus>
				<texturefocus border="5">KeyboardKey.png</texturefocus>
				<label>12314</label>
				<focusedcolor>black</focusedcolor>
				<onleft>23</onleft>
				<onright>15</onright>
				<onup>11</onup>
				<ondown>17</ondown>
			</control>
			<control type="button" id="15">
				<description>5 button</description>
				<left>180</left>
				<top>180</top>
				<width>180</width>
				<height>180</height>
				<font>font13</font>
				<align>center</align>
				<aligny>center</aligny>
				<texturenofocus border="3">KeyboardKeyNF.png</texturenofocus>
				<texturefocus border="5">KeyboardKey.png</texturefocus>
				<label>12315</label>
				<focusedcolor>black</focusedcolor>
				<onleft>14</onleft>
				<onright>16</onright>
				<onup>12</onup>
				<ondown>18</ondown>
			</control>
			<control type="button" id="16">
				<description>6 button</description>
				<left>360</left>
				<top>180</top>
				<width>180</width>
				<height>180</height>
				<font>font13</font>
				<align>center</align>
				<aligny>center</aligny>
				<texturenofocus border="3">KeyboardKeyNF.png</texturenofocus>
				<texturefocus border="5">KeyboardKey.png</texturefocus>
				<label>12316</label>
				<focusedcolor>black</focusedcolor>
				<onleft>15</onleft>
				<onright>23</onright>
				<onup>13</onup>
				<ondown>19</ondown>
			</control>
			<control type="button" id="17">
				<description>7 button</description>
				<left>0</left>
				<top>360</top>
				<width>180</width>
				<height>180</height>
				<font>font13</font>
				<align>center</align>
				<aligny>center</aligny>
				<texturenofocus border="3">KeyboardKeyNF.png</texturenofocus>
				<texturefocus border="5">KeyboardKey.png</texturefocus>
				<label>12317</label>
				<focusedcolor>black</focusedcolor>
				<onleft>21</onleft>
				<onright>18</onright>
				<onup>14</onup>
				<ondown>20</ondown>
			</control>
			<control type="button" id="18">
				<description>8 button</description>
				<left>180</left>
				<top>360</top>
				<width>180</width>
				<height>180</height>
				<font>font13</font>
				<align>center</align>
				<aligny>center</aligny>
				<texturenofocus border="3">KeyboardKeyNF.png</texturenofocus>
				<texturefocus border="5">KeyboardKey.png</texturefocus>
				<label>12318</label>
				<focusedcolor>black</focusedcolor>
				<onleft>17</onleft>
				<onright>19</onright>
				<onup>15</onup>
				<ondown>10</ondown>
			</control>
			<control type="button" id="19">
				<description>9 button</description>
				<left>360</left>
				<top>360</top>
				<width>180</width>
				<height>180</height>
				<font>font13</font>
				<align>center</align>
				<aligny>center</aligny>
				<texturenofocus border="3">KeyboardKeyNF.png</texturenofocus>
				<texturefocus border="5">KeyboardKey.png</texturefocus>
				<label>12319</label>
				<focusedcolor>black</focusedcolor>
				<onleft>18</onleft>
				<onright>21</onright>
				<onup>16</onup>
				<ondown>22</ondown>
			</control>
			<control type="button" id="21">
				<description>Done button</description>
				<left>540</left>
				<top>360</top>
				<width>270</width>
				<height>360</height>
				<font>font12</font>
				<align>center</align>
				<aligny>center</aligny>
				<texturenofocus flipx="true" border="25,5,5,25">KeyboardCornerBottomNF.png</texturenofocus>
				<texturefocus flipx="true" border="5,5,25,25">KeyboardCornerBottom.png</texturefocus>
				<textwidth>360</textwidth>
				<label />
				<focusedcolor>black</focusedcolor>
				<onleft>19</onleft>
				<onright>17</onright>
				<onup>23</onup>
				<ondown>23</ondown>
			</control>
			<control type="image">
				<description>Done icon</description>
				<left>630</left>
				<top>496</top>
				<width>90</width>
				<height>90</height>
				<texture>KeyboardDoneKey.png</texture>
			</control>
			<control type="button" id="20">
				<description>prev button</description>
				<left>0</left>
				<top>540</top>
				<width>180</width>
				<height>180</height>
				<font>font30</font>
				<label>&lt;</label>
				<focusedcolor>black</focusedcolor>
				<align>center</align>
				<aligny>center</aligny>
				<texturenofocus border="5,25,25,5">KeyboardCornerBottomNF.png</texturenofocus>
				<texturefocus border="5,25,25,5">KeyboardCornerBottom.png</texturefocus>
				<onleft>21</onleft>
				<onright>10</onright>
				<onup>17</onup>
				<ondown>11</ondown>
			</control>
			<control type="button" id="10">
				<description>0 button</description>
				<left>180</left>
				<top>540</top>
				<width>180</width>
				<height>180</height>
				<font>font13</font>
				<align>center</align>
				<aligny>center</aligny>
				<texturenofocus border="3">KeyboardKeyNF.png</texturenofocus>
				<texturefocus border="5">KeyboardKey.png</texturefocus>
				<label>12310</label>
				<focusedcolor>black</focusedcolor>
				<onleft>20</onleft>
				<onright>22</onright>
				<onup>18</onup>
				<ondown>12</ondown>
			</control>
			<control type="button" id="22">
				<description>next button</description>
				<left>360</left>
				<top>540</top>
				<width>180</width>
				<height>180</height>
				<font>font30</font>
				<label>&gt;</label>
				<focusedcolor>black</focusedcolor>
				<align>center</align>
				<aligny>center</aligny>
				<texturenofocus border="3">KeyboardKeyNF.png</texturenofocus>
				<texturefocus border="5">KeyboardKey.png</texturefocus>
				<onleft>10</onleft>
				<onright>21</onright>
				<onup>19</onup>
				<ondown>13</ondown>
			</control>
		</control>
	</controls>
</window>
