<?xml version="1.0" encoding="UTF-8"?>
<window>
	<defaultcontrol always="true">6</defaultcontrol>
	<coordinates>
		<left>330</left>
		<top>180</top>
	</coordinates>
	<include>dialogeffect</include>
	<controls>
		<control type="group">
			<control type="image">
				<description>background image</description>
				<left>0</left>
				<top>0</top>
				<width>3180</width>
				<height>1740</height>
				<texture border="40">DialogBack.png</texture>
				<visible>!Window.IsVisible(Slideshow)</visible>
			</control>
			<control type="image">
				<description>background image</description>
				<left>0</left>
				<top>0</top>
				<width>3180</width>
				<height>1740</height>
				<texture border="40">DialogBack2.png</texture>
				<visible>Window.IsVisible(Slideshow)</visible>
			</control>
			<control type="image">
				<description>Dialog Header image</description>
				<left>120</left>
				<top>48</top>
				<width>2940</width>
				<height>120</height>
				<texture>dialogheader.png</texture>
			</control>
			<control type="label">
				<description>header label</description>
				<left>120</left>
				<top>60</top>
				<width>2940</width>
				<height>90</height>
				<font>font13_title</font>
				<label>$LOCALIZE[737]</label>
				<align>center</align>
				<aligny>center</aligny>
				<textcolor>selected</textcolor>
				<shadowcolor>black</shadowcolor>
			</control>
			<control type="button">
				<description>Close Window button</description>
				<left>2910</left>
				<top>46</top>
				<width>192</width>
				<height>96</height>
				<label />
				<font />
				<onclick>PreviousMenu</onclick>
				<texturefocus>DialogCloseButton-focus.png</texturefocus>
				<texturenofocus>DialogCloseButton.png</texturenofocus>
				<onleft>2</onleft>
				<onright>2</onright>
				<onup>2</onup>
				<ondown>2</ondown>
				<visible>system.getbool(input.enablemouse)</visible>
			</control>
			<!-- Color picker panel -->
			<control type="panel" id="6">
				<left>46</left>
				<top>180</top>
				<width>3060</width>
				<bottom>78</bottom>
				<onup>6</onup>
				<ondown>6</ondown>
				<onleft>9001</onleft>
				<onright>61</onright>
				<orientation>vertical</orientation>
				<pagecontrol>61</pagecontrol>
				<viewtype label="100">icon</viewtype>
				<itemlayout height="150" width="180">
					<control type="group">
						<control type="image">
							<top>10</top>
							<left>24</left>
							<width>168</width>
							<height>138</height>
							<texture border="0">colors/white.png</texture>
							<colordiffuse>$INFO[ListItem.Label2]</colordiffuse>
							<aspectratio>stretch</aspectratio>
						</control>
					</control>
				</itemlayout>
				<focusedlayout height="150" width="180">
					<control type="group">
						<animation effect="zoom" time="200" tween="sine" easing="inout" start="150" end="372" center="auto">Focus</animation>
						<control type="image">
							<top>10</top>
							<left>24</left>
							<width>168</width>
							<height>138</height>
							<texture border="0">colors/white.png</texture>
							<colordiffuse>$INFO[ListItem.Label2]</colordiffuse>
							<aspectratio>stretch</aspectratio>
						</control>
					</control>
				</focusedlayout>
			</control>
			<control type="label">
				<description>name of colour</description>
				<left>2190</left>
				<top>1590</top>
				<width>900</width>
				<height>106</height>
				<font>font12</font>
				<align>right</align>
				<aligny>center</aligny>
				<scroll>true</scroll>
				<textcolor>grey</textcolor>
				<label>[COLOR button_focus]$LOCALIZE[737]: [/COLOR]$INFO[Container(6).ListItem.Label,, - ]$INFO[Container(6).ListItem.Label2,#,]</label>
			</control>
		</control>
	</controls>
</window>
