<?xml version="1.0" encoding="UTF-8"?>
<window>
	<defaultcontrol always="true">11</defaultcontrol>
	<coordinates>
		<left>2340</left>
		<top>90</top>
	</coordinates>
	<include>dialogeffect</include>
	<controls>
		<control type="group">
			<control type="image">
				<description>background image</description>
				<left>0</left>
				<top>0</top>
				<width>1440</width>
				<height>1980</height>
				<texture border="40">DialogBack2.png</texture>
			</control>
			<control type="button">
				<description>Close Window button</description>
				<left>1170</left>
				<top>46</top>
				<width>192</width>
				<height>96</height>
				<label />
				<font />
				<onclick>PreviousMenu</onclick>
				<texturefocus>DialogCloseButton-focus.png</texturefocus>
				<texturenofocus>DialogCloseButton.png</texturenofocus>
				<onleft>2</onleft>
				<onright>2</onright>
				<onup>2</onup>
				<ondown>2</ondown>
				<visible>system.getbool(input.enablemouse)</visible>
			</control>
			<control type="image">
				<description>Dialog Header image</description>
				<left>120</left>
				<top>48</top>
				<width>1200</width>
				<height>150</height>
				<texture>dialogheader.png</texture>
			</control>
			<control type="label">
				<description>header label</description>
				<left>120</left>
				<top>48</top>
				<width>1290</width>
				<height>120</height>
				<font>font12_title</font>
				<label>$LOCALIZE[19023] - $INFO[VideoPlayer.ChannelGroup]</label>
				<align>center</align>
				<aligny>center</aligny>
				<textcolor>blue</textcolor>
				<shadowcolor>black</shadowcolor>
				<visible>!pvr.IsPlayingRadio</visible>
			</control>
			<control type="label">
				<description>header label</description>
				<left>120</left>
				<top>48</top>
				<width>1290</width>
				<height>120</height>
				<font>font12_title</font>
				<label>$LOCALIZE[19024] - $INFO[MusicPlayer.ChannelGroup]</label>
				<align>center</align>
				<aligny>center</aligny>
				<textcolor>blue</textcolor>
				<shadowcolor>black</shadowcolor>
				<visible>pvr.IsPlayingRadio</visible>
			</control>
			<control type="label">
				<description>header label</description>
				<left>120</left>
				<top>-22</top>
				<width>1290</width>
				<height>360</height>
				<font>font10_title</font>
				<label>$INFO[System.Date(DDD)], $INFO[System.Date(d)] $INFO[System.Date(mmm)] $INFO[System.Date(yyyy)] • $INFO[System.Time]</label>
				<align>center</align>
				<aligny>center</aligny>
				<textcolor>grey</textcolor>
				<shadowcolor>black</shadowcolor>
			</control>
			<control type="list" id="11">
				<left>90</left>
				<top>210</top>
				<width>1230</width>
				<height>1560</height>
				<onleft>PreviousChannelGroup</onleft>
				<onright>60</onright>
				<onup>11</onup>
				<ondown>11</ondown>
				<viewtype label="535">list</viewtype>
				<pagecontrol>60</pagecontrol>
				<scrolltime>200</scrolltime>
				<itemlayout height="210" width="1230">
					<control type="image">
						<left>0</left>
						<top>0</top>
						<width>1230</width>
						<height>196</height>
						<texture border="5">button-nofocus.png</texture>
						<include>VisibleFadeEffect</include>
					</control>
					<control type="label">
						<left>16</left>
						<top>0</top>
						<width>120</width>
						<height>90</height>
						<font>font12</font>
						<align>left</align>
						<aligny>center</aligny>
						<textcolor>grey</textcolor>
						<selectedcolor>grey</selectedcolor>
						<info>ListItem.ChannelNumberLabel</info>
					</control>
					<control type="image">
						<left>16</left>
						<top>106</top>
						<width>60</width>
						<height>60</height>
						<texture>PVR-IsRecording.png</texture>
						<visible>ListItem.IsRecording</visible>
					</control>
					<control type="image">
						<left>16</left>
						<top>106</top>
						<width>60</width>
						<height>60</height>
						<texture>PVR-HasArchive.png</texture>
						<visible>!ListItem.IsRecording + ListItem.HasArchive</visible>
					</control>
					<control type="label">
						<left>150</left>
						<top>0</top>
						<width>1050</width>
						<height>76</height>
						<font>font13</font>
						<textcolor>white</textcolor>
						<selectedcolor>selected</selectedcolor>
						<align>left</align>
						<aligny>center</aligny>
						<label>$INFO[ListItem.Label]</label>
					</control>
					<control type="label">
						<left>150</left>
						<top>76</top>
						<width>1050</width>
						<height>60</height>
						<font>font12</font>
						<textcolor>grey</textcolor>
						<selectedcolor>grey</selectedcolor>
						<align>left</align>
						<aligny>center</aligny>
						<label>$INFO[ListItem.Title]</label>
						<visible>String.IsEmpty(Listitem.Icon)</visible>
					</control>
					<control type="label">
						<left>150</left>
						<top>76</top>
						<width>900</width>
						<height>60</height>
						<font>font12</font>
						<textcolor>grey</textcolor>
						<selectedcolor>grey</selectedcolor>
						<align>left</align>
						<aligny>center</aligny>
						<label>$INFO[ListItem.Title]</label>
						<visible>!String.IsEmpty(Listitem.Icon)</visible>
					</control>
					<control type="label">
						<left>150</left>
						<top>132</top>
						<width>180</width>
						<height>60</height>
						<font>font10_title</font>
						<textcolor>blue</textcolor>
						<selectedcolor>blue</selectedcolor>
						<aligny>center</aligny>
						<label>$INFO[ListItem.StartTime]</label>
						<visible>ListItem.HasEpg</visible>
					</control>
					<control type="progress">
						<description>Progressbar</description>
						<left>330</left>
						<top>160</top>
						<width>690</width>
						<height>18</height>
						<colordiffuse>88FFFFFF</colordiffuse>
						<info>ListItem.Progress</info>
						<texturebg border="4,5,4,5">ProgressBack.png</texturebg>
						<midtexture border="4,5,4,5">ProgressMid.png</midtexture>
						<visible>ListItem.HasEpg</visible>
					</control>
					<control type="label">
						<left>1066</left>
						<top>132</top>
						<width>180</width>
						<height>60</height>
						<font>font10_title</font>
						<textcolor>blue</textcolor>
						<selectedcolor>blue</selectedcolor>
						<aligny>center</aligny>
						<label>$INFO[ListItem.EndTime]</label>
						<visible>ListItem.HasEpg</visible>
					</control>
					<control type="image">
						<left>1080</left>
						<top>12</top>
						<width>120</width>
						<height>120</height>
						<texture>$INFO[ListItem.Icon]</texture>
						<aspectratio>keep</aspectratio>
					</control>
				</itemlayout>
				<focusedlayout height="210" width="1230">
					<control type="image">
						<left>0</left>
						<top>0</top>
						<width>1230</width>
						<height>196</height>
						<texture border="5">button-nofocus.png</texture>
						<visible>!Control.HasFocus(11)</visible>
						<include>VisibleFadeEffect</include>
					</control>
					<control type="image">
						<left>0</left>
						<top>0</top>
						<width>1230</width>
						<height>196</height>
						<texture border="5">button-focus2.png</texture>
						<visible>Control.HasFocus(11)</visible>
						<include>VisibleFadeEffect</include>
					</control>
					<control type="label">
						<left>16</left>
						<top>0</top>
						<width>120</width>
						<height>90</height>
						<font>font12</font>
						<align>left</align>
						<aligny>center</aligny>
						<textcolor>grey</textcolor>
						<selectedcolor>grey</selectedcolor>
						<info>ListItem.ChannelNumberLabel</info>
					</control>
					<control type="image">
						<left>16</left>
						<top>106</top>
						<width>60</width>
						<height>60</height>
						<texture>PVR-IsRecording.png</texture>
						<visible>ListItem.IsRecording</visible>
					</control>
					<control type="image">
						<left>16</left>
						<top>106</top>
						<width>60</width>
						<height>60</height>
						<texture>PVR-HasArchive.png</texture>
						<visible>!ListItem.IsRecording + ListItem.HasArchive</visible>
					</control>
					<control type="label">
						<left>150</left>
						<top>0</top>
						<width>1050</width>
						<height>76</height>
						<font>font13</font>
						<textcolor>white</textcolor>
						<selectedcolor>selected</selectedcolor>
						<align>left</align>
						<aligny>center</aligny>
						<label>$INFO[ListItem.Label]</label>
					</control>
					<control type="label">
						<left>150</left>
						<top>76</top>
						<width>1050</width>
						<height>60</height>
						<font>font12</font>
						<textcolor>grey</textcolor>
						<selectedcolor>grey</selectedcolor>
						<align>left</align>
						<aligny>center</aligny>
						<label>$INFO[ListItem.Title]</label>
						<visible>String.IsEmpty(Listitem.Icon)</visible>
					</control>
					<control type="label">
						<left>150</left>
						<top>76</top>
						<width>900</width>
						<height>60</height>
						<font>font12</font>
						<textcolor>grey</textcolor>
						<selectedcolor>grey</selectedcolor>
						<align>left</align>
						<aligny>center</aligny>
						<label>$INFO[ListItem.Title]</label>
						<visible>!String.IsEmpty(Listitem.Icon)</visible>
					</control>
					<control type="label">
						<left>150</left>
						<top>132</top>
						<width>180</width>
						<height>60</height>
						<font>font10_title</font>
						<textcolor>blue</textcolor>
						<selectedcolor>blue</selectedcolor>
						<aligny>center</aligny>
						<label>$INFO[ListItem.StartTime]</label>
						<visible>ListItem.HasEpg</visible>
					</control>
					<control type="progress">
						<description>Progressbar</description>
						<left>330</left>
						<top>160</top>
						<width>690</width>
						<height>18</height>
						<colordiffuse>88FFFFFF</colordiffuse>
						<info>ListItem.Progress</info>
						<texturebg border="4,5,4,5">ProgressBack.png</texturebg>
						<midtexture border="4,5,4,5">ProgressMid.png</midtexture>
						<visible>ListItem.HasEpg</visible>
					</control>
					<control type="label">
						<left>1066</left>
						<top>132</top>
						<width>180</width>
						<height>60</height>
						<font>font10_title</font>
						<textcolor>blue</textcolor>
						<selectedcolor>blue</selectedcolor>
						<aligny>center</aligny>
						<label>$INFO[ListItem.EndTime]</label>
						<visible>ListItem.HasEpg</visible>
					</control>
					<control type="image">
						<left>1080</left>
						<top>12</top>
						<width>120</width>
						<height>120</height>
						<texture>$INFO[ListItem.Icon]</texture>
						<aspectratio>keep</aspectratio>
					</control>
				</focusedlayout>
			</control>
			<control type="scrollbar" id="60">
				<left>1320</left>
				<top>210</top>
				<width>76</width>
				<height>1560</height>
				<texturesliderbackground border="0,28,0,28">ScrollBarV.png</texturesliderbackground>
				<texturesliderbar border="0,28,0,28">ScrollBarV_bar.png</texturesliderbar>
				<texturesliderbarfocus border="0,28,0,28">ScrollBarV_bar_focus.png</texturesliderbarfocus>
				<textureslidernib>ScrollBarNib.png</textureslidernib>
				<textureslidernibfocus>ScrollBarNib.png</textureslidernibfocus>
				<onleft>11</onleft>
				<onright>NextChannelGroup</onright>
				<ondown>61</ondown>
				<onup>61</onup>
				<showonepage>false</showonepage>
				<orientation>vertical</orientation>
			</control>
			<control type="label">
				<description>Page Count Label</description>
				<left>150</left>
				<top>1830</top>
				<width>1200</width>
				<height>60</height>
				<font>font12</font>
				<textcolor>grey</textcolor>
				<scroll>false</scroll>
				<align>right</align>
				<aligny>center</aligny>
				<label>([COLOR=blue]$INFO[Container(11).NumItems][/COLOR]) $LOCALIZE[19019] - $LOCALIZE[31024] ([COLOR=blue]$INFO[Container(11).CurrentPage]/$INFO[Container(11).NumPages][/COLOR])</label>
				<include>Window_OpenClose_Animation</include>
			</control>
		</control>
	</controls>
</window>
