<?xml version="1.0" encoding="UTF-8"?>
<window>
	<defaultcontrol always="true">8</defaultcontrol>
	<controls>
		<control type="group">
			<depth>DepthSideBlade</depth>
			<visible>!Window.IsVisible(FileBrowser)</visible>
			<animation effect="slide" start="3300,0" end="0,0" time="300" tween="quadratic" easing="out">WindowOpen</animation>
			<animation effect="slide" start="0,0" end="3300,0" time="300" tween="quadratic" easing="out">WindowClose</animation>
			<control type="image">
				<left>540</left>
				<top>0</top>
				<width>3360</width>
				<height>2160</height>
				<texture border="15,0,0,0" flipx="true">MediaBladeSub.png</texture>
			</control>
			<control type="button">
				<description>Close Window button</description>
				<left>690</left>
				<top>0</top>
				<width>192</width>
				<height>96</height>
				<label />
				<font />
				<onclick>PreviousMenu</onclick>
				<texturefocus>DialogCloseButton-focus.png</texturefocus>
				<texturenofocus>DialogCloseButton.png</texturenofocus>
				<onleft>9000</onleft>
				<onright>9000</onright>
				<onup>9000</onup>
				<ondown>9000</ondown>
				<visible>system.getbool(input.enablemouse)</visible>
			</control>
			<control type="group">
				<animation effect="fade" delay="300" start="0" end="100" time="150">WindowOpen</animation>
				<animation effect="fade" start="100" end="0" time="150">WindowClose</animation>
				<control type="label">
					<description>header label</description>
					<left>630</left>
					<top>120</top>
					<width>3090</width>
					<height>90</height>
					<font>font24_title</font>
					<label>$INFO[Listitem.Title]</label>
					<align>center</align>
					<aligny>center</aligny>
					<textcolor>white</textcolor>
					<shadowcolor>black</shadowcolor>
				</control>
				<control type="grouplist">
					<description>Media Codec Flagging Images</description>
					<left>600</left>
					<top>1440</top>
					<width>1800</width>
					<align>left</align>
					<itemgap>6</itemgap>
					<orientation>horizontal</orientation>
					<include>VisibleFadeEffect</include>
					<visible>!Control.IsVisible(50) + [String.IsEqual(ListItem.DBTYPE,movie) | String.IsEqual(ListItem.DBTYPE,episode) | String.IsEqual(ListItem.DBTYPE,musicvideo)]</visible>
					<include>VideoCodecFlaggingConditions</include>
					<include>AudioCodecFlaggingConditions</include>
					<include>AudioChannelsFlaggingConditions</include>
					<include>AspectCodecFlaggingConditions</include>
					<include>VideoStereoscopicsFlaggingConditions</include>
					<include>VideoTypeHackFlaggingConditions</include>
				</control>
				<control type="group">
					<top>270</top>
					<left>1162</left>
					<visible>Control.HasFocus(16)</visible>
					<include>VisibleFadeEffect</include>
					<control type="image">
						<description>Border</description>
						<left>0</left>
						<top>0</top>
						<width>2026</width>
						<height>1140</height>
						<texture border="5">button-nofocus.png</texture>
					</control>
					<control type="image">
						<description>background</description>
						<left>16</left>
						<top>16</top>
						<width>1996</width>
						<height>1110</height>
						<texture>black-back.png</texture>
					</control>
					<control type="label">
						<left>0</left>
						<top>0</top>
						<width>2026</width>
						<height>1140</height>
						<font>font30_title</font>
						<textcolor>grey2</textcolor>
						<shadowcolor>black</shadowcolor>
						<align>center</align>
						<aligny>center</aligny>
						<label>31330</label>
						<visible>!Player.HasVideo</visible>
					</control>
					<control type="videowindow">
						<description>No Fanart Back</description>
						<left>16</left>
						<top>16</top>
						<width>1996</width>
						<height>1110</height>
						<visible>Player.HasVideo</visible>
					</control>
				</control>
				<control type="group">
					<visible>[!String.IsEqual(ListItem.DBTYPE,tvshow) + !String.IsEqual(ListItem.DBTYPE,episode) + !String.IsEqual(ListItem.DBTYPE,musicvideo)] + ![Control.HasFocus(12) | Control.HasFocus(16)]</visible>
					<top>270</top>
					<left>630</left>
					<include>VisibleFadeEffect</include>
					<control type="image">
						<left>0</left>
						<top>0</top>
						<width>810</width>
						<height>1140</height>
						<aspectratio>stretch</aspectratio>
						<bordertexture infill="false" border="5">button-nofocus.png</bordertexture>
						<bordersize>5</bordersize>
						<texture background="true">$VAR[PosterThumb]</texture>
					</control>
					<control type="image">
						<left>10</left>
						<top>10</top>
						<width>600</width>
						<height>690</height>
						<aspectratio>stretch</aspectratio>
						<texture>GlassOverlay.png</texture>
						<colordiffuse>AAFFFFFF</colordiffuse>
					</control>
					<control type="list" id="49">
						<left>870</left>
						<top>-12</top>
						<width>2220</width>
						<height>1170</height>
						<onleft>49</onleft>
						<onright>49</onright>
						<onup>9000</onup>
						<ondown>61</ondown>
						<pagecontrol />
						<scrolltime>200</scrolltime>
						<itemlayout height="90">
							<control type="label">
								<left>16</left>
								<top>0</top>
								<width>480</width>
								<height>90</height>
								<font>font13</font>
								<align>right</align>
								<aligny>center</aligny>
								<textcolor>blue</textcolor>
								<selectedcolor>selected</selectedcolor>
								<info>ListItem.Label</info>
							</control>
							<control type="label">
								<left>526</left>
								<top>0</top>
								<width>1696</width>
								<height>90</height>
								<font>font13</font>
								<align>left</align>
								<aligny>center</aligny>
								<textcolor>white</textcolor>
								<selectedcolor>white</selectedcolor>
								<info>ListItem.Label2</info>
							</control>
						</itemlayout>
						<focusedlayout height="90">
							<control type="image">
								<left>0</left>
								<top>0</top>
								<width>2220</width>
								<height>90</height>
								<visible>Control.HasFocus(49)</visible>
								<texture>MenuItemFO.png</texture>
								<include>VisibleFadeEffect</include>
							</control>
							<control type="label">
								<left>16</left>
								<top>0</top>
								<width>480</width>
								<height>90</height>
								<font>font13</font>
								<align>right</align>
								<aligny>center</aligny>
								<textcolor>blue</textcolor>
								<selectedcolor>selected</selectedcolor>
								<info>ListItem.Label</info>
							</control>
							<control type="label">
								<left>526</left>
								<top>0</top>
								<width>1696</width>
								<height>90</height>
								<font>font13</font>
								<align>left</align>
								<aligny>center</aligny>
								<textcolor>white</textcolor>
								<selectedcolor>white</selectedcolor>
								<info>ListItem.Label2</info>
							</control>
						</focusedlayout>
						<content>
							<item>
								<label>$LOCALIZE[40003]:</label>
								<label2>$INFO[ListItem.VideoVersionName]</label2>
								<visible>!String.IsEmpty(ListItem.VideoVersionName)</visible>
							</item>
							<item>
								<label>$LOCALIZE[20376]:</label>
								<label2>$INFO[ListItem.OriginalTitle]</label2>
								<visible>!String.IsEmpty(ListItem.OriginalTitle) + !String.IsEqual(ListItem.OriginalTitle,Listitem.Title)</visible>
							</item>
							<item>
								<label>$LOCALIZE[20339]:</label>
								<label2>$INFO[ListItem.Director]</label2>
								<onclick>SendClick(2003,13)</onclick>
								<visible>!String.IsEmpty(ListItem.Director)</visible>
							</item>
							<item>
								<label>$LOCALIZE[20417]:</label>
								<label2>$INFO[ListItem.Writer]</label2>
								<visible>!String.IsEmpty(ListItem.Writer)</visible>
							</item>
							<item>
								<label>$LOCALIZE[572]:</label>
								<label2>$INFO[ListItem.Studio]</label2>
								<visible>!String.IsEmpty(ListItem.Studio)</visible>
							</item>
							<item>
								<label>$LOCALIZE[515]:</label>
								<label2>$INFO[ListItem.Genre]</label2>
								<visible>!String.IsEmpty(ListItem.Genre)</visible>
							</item>
							<item>
								<label>$LOCALIZE[562]:</label>
								<label2>$INFO[ListItem.Year]</label2>
								<visible>!String.IsEmpty(ListItem.Year)</visible>
							</item>
							<item>
								<label>$LOCALIZE[2050]:</label>
								<label2>$VAR[DurationInMinutes]</label2>
								<visible>!String.IsEmpty(ListItem.Duration)</visible>
							</item>
							<item>
								<label>$LOCALIZE[38018]:</label>
								<label2>$INFO[ListItem.Userrating]</label2>
								<visible>!String.IsEmpty(ListItem.Userrating)</visible>
							</item>
							<item>
								<label>$LOCALIZE[563]:</label>
								<label2>$INFO[ListItem.RatingAndVotes]</label2>
								<visible>!String.IsEmpty(ListItem.RatingAndVotes)</visible>
							</item>
							<item>
								<label>$LOCALIZE[202]:</label>
								<label2>$INFO[ListItem.TagLine]</label2>
								<visible>!String.IsEmpty(ListItem.TagLine)</visible>
							</item>
							<item>
								<label>$LOCALIZE[203]:</label>
								<label2>$INFO[ListItem.PlotOutline]</label2>
								<visible>!String.IsEmpty(ListItem.PlotOutline)</visible>
							</item>
							<item>
								<label>$LOCALIZE[20074]:</label>
								<label2>$INFO[ListItem.mpaa]</label2>
								<visible>!String.IsEmpty(ListItem.mpaa)</visible>
							</item>
							<item>
								<label>$LOCALIZE[15311]</label>
								<label2>$INFO[ListItem.FilenameAndPath]</label2>
								<visible>!String.IsEmpty(ListItem.FilenameAndPath)</visible>
							</item>
						</content>
					</control>
					<control type="image">
						<left>870</left>
						<top>1146</top>
						<width>2220</width>
						<height>12</height>
						<aspectratio>stretch</aspectratio>
						<texture>separator.png</texture>
					</control>
				</control>
				<control type="group">
					<visible>String.IsEqual(ListItem.DBTYPE,tvshow) + !Control.HasFocus(12)</visible>
					<top>270</top>
					<left>630</left>
					<include>VisibleFadeEffect</include>
					<control type="image">
						<left>0</left>
						<top>0</top>
						<width>810</width>
						<height>1140</height>
						<aspectratio>stretch</aspectratio>
						<bordertexture infill="false" border="5">button-nofocus.png</bordertexture>
						<bordersize>5</bordersize>
						<texture background="true">$VAR[PosterThumb]</texture>
					</control>
					<control type="image">
						<left>12</left>
						<top>12</top>
						<width>600</width>
						<height>690</height>
						<aspectratio>stretch</aspectratio>
						<texture>GlassOverlay.png</texture>
						<colordiffuse>AAFFFFFF</colordiffuse>
					</control>
					<control type="list" id="49">
						<left>870</left>
						<top>60</top>
						<width>2220</width>
						<height>990</height>
						<onleft>49</onleft>
						<onright>49</onright>
						<onup>9000</onup>
						<ondown>61</ondown>
						<pagecontrol />
						<scrolltime>200</scrolltime>
						<itemlayout height="90">
							<control type="label">
								<left>16</left>
								<top>0</top>
								<width>480</width>
								<height>90</height>
								<font>font13</font>
								<align>right</align>
								<aligny>center</aligny>
								<textcolor>blue</textcolor>
								<selectedcolor>selected</selectedcolor>
								<info>ListItem.Label</info>
							</control>
							<control type="label">
								<left>526</left>
								<top>0</top>
								<width>1696</width>
								<height>90</height>
								<font>font13</font>
								<align>left</align>
								<aligny>center</aligny>
								<textcolor>white</textcolor>
								<selectedcolor>white</selectedcolor>
								<info>ListItem.Label2</info>
							</control>
						</itemlayout>
						<focusedlayout height="90">
							<control type="image">
								<left>0</left>
								<top>0</top>
								<width>2220</width>
								<height>90</height>
								<visible>Control.HasFocus(49)</visible>
								<texture>MenuItemFO.png</texture>
								<include>VisibleFadeEffect</include>
							</control>
							<control type="label">
								<left>16</left>
								<top>0</top>
								<width>480</width>
								<height>90</height>
								<font>font13</font>
								<align>right</align>
								<aligny>center</aligny>
								<textcolor>blue</textcolor>
								<selectedcolor>selected</selectedcolor>
								<info>ListItem.Label</info>
							</control>
							<control type="label">
								<left>526</left>
								<top>0</top>
								<width>1696</width>
								<height>90</height>
								<font>font13</font>
								<align>left</align>
								<aligny>center</aligny>
								<textcolor>white</textcolor>
								<selectedcolor>white</selectedcolor>
								<info>ListItem.Label2</info>
							</control>
						</focusedlayout>
						<content>
							<item>
								<label>$LOCALIZE[20376]:</label>
								<label2>$INFO[ListItem.OriginalTitle]</label2>
								<visible>!String.IsEmpty(ListItem.OriginalTitle) + !String.IsEqual(ListItem.OriginalTitle,Listitem.Title)</visible>
							</item>
							<item>
								<label>$LOCALIZE[20360]:</label>
								<label2>$INFO[listitem.episode] [COLOR=grey] ($INFO[ListItem.Property(WatchedEpisodes),, $LOCALIZE[16102]] - $INFO[ListItem.Property(UnWatchedEpisodes), , $LOCALIZE[16101]])[/COLOR]</label2>
								<visible>!String.IsEmpty(ListItem.Episode)</visible>
							</item>
							<item>
								<label>$LOCALIZE[31322]:</label>
								<label2>$INFO[ListItem.Premiered]</label2>
								<visible>!String.IsEmpty(ListItem.Premiered)</visible>
							</item>
							<item>
								<label>$LOCALIZE[515]:</label>
								<label2>$INFO[ListItem.Genre]</label2>
								<visible>!String.IsEmpty(ListItem.Genre)</visible>
							</item>
							<item>
								<label>$LOCALIZE[562]:</label>
								<label2>$INFO[ListItem.Year]</label2>
								<visible>!String.IsEmpty(ListItem.Year)</visible>
							</item>
							<item>
								<label>$LOCALIZE[38018]:</label>
								<label2>$INFO[ListItem.Userrating]</label2>
								<visible>!String.IsEmpty(ListItem.Userrating)</visible>
							</item>
							<item>
								<label>$LOCALIZE[563]:</label>
								<label2>$INFO[ListItem.RatingAndVotes]</label2>
								<visible>!String.IsEmpty(ListItem.RatingAndVotes)</visible>
							</item>
							<item>
								<label>$LOCALIZE[15311]</label>
								<label2>$INFO[ListItem.FilenameAndPath]</label2>
								<visible>!String.IsEmpty(ListItem.FilenameAndPath)</visible>
							</item>
						</content>
					</control>
					<control type="image">
						<left>870</left>
						<top>1110</top>
						<width>2220</width>
						<height>12</height>
						<aspectratio>stretch</aspectratio>
						<texture>separator.png</texture>
					</control>
				</control>
				<control type="group">
					<visible>String.IsEqual(ListItem.DBTYPE,episode) + !Control.HasFocus(12)</visible>
					<top>270</top>
					<left>630</left>
					<include>VisibleFadeEffect</include>
					<control type="image">
						<left>0</left>
						<top>0</top>
						<width>1140</width>
						<height>750</height>
						<aspectratio aligny="bottom">keep</aspectratio>
						<bordertexture infill="false" border="5">button-nofocus.png</bordertexture>
						<bordersize>4</bordersize>
						<texture background="true">$INFO[ListItem.Icon]</texture>
					</control>
					<control type="image">
						<left>0</left>
						<top>750</top>
						<width>1140</width>
						<height>750</height>
						<aspectratio aligny="top">keep</aspectratio>
						<bordertexture infill="false" border="5" flipy="true" diffuse="diffuse_mirror2.png">button-nofocus.png</bordertexture>
						<bordersize>4</bordersize>
						<texture background="true" flipy="true" diffuse="diffuse_mirror2.png">$INFO[ListItem.Icon]</texture>
					</control>
					<control type="list" id="49">
						<left>1170</left>
						<top>0</top>
						<width>1920</width>
						<height>1080</height>
						<onleft>49</onleft>
						<onright>49</onright>
						<onup>9000</onup>
						<ondown>61</ondown>
						<pagecontrol />
						<scrolltime>200</scrolltime>
						<itemlayout height="90">
							<control type="label">
								<left>16</left>
								<top>0</top>
								<width>480</width>
								<height>90</height>
								<font>font13</font>
								<align>right</align>
								<aligny>center</aligny>
								<textcolor>blue</textcolor>
								<selectedcolor>selected</selectedcolor>
								<info>ListItem.Label</info>
							</control>
							<control type="label">
								<left>526</left>
								<top>0</top>
								<width>1396</width>
								<height>90</height>
								<font>font13</font>
								<align>left</align>
								<aligny>center</aligny>
								<textcolor>white</textcolor>
								<selectedcolor>white</selectedcolor>
								<info>ListItem.Label2</info>
							</control>
						</itemlayout>
						<focusedlayout height="90">
							<control type="image">
								<left>0</left>
								<top>0</top>
								<width>1920</width>
								<height>90</height>
								<visible>Control.HasFocus(49)</visible>
								<texture>MenuItemFO.png</texture>
								<include>VisibleFadeEffect</include>
							</control>
							<control type="label">
								<left>16</left>
								<top>0</top>
								<width>480</width>
								<height>90</height>
								<font>font13</font>
								<align>right</align>
								<aligny>center</aligny>
								<textcolor>blue</textcolor>
								<selectedcolor>selected</selectedcolor>
								<info>ListItem.Label</info>
							</control>
							<control type="label">
								<left>526</left>
								<top>0</top>
								<width>1396</width>
								<height>90</height>
								<font>font13</font>
								<align>left</align>
								<aligny>center</aligny>
								<textcolor>white</textcolor>
								<selectedcolor>white</selectedcolor>
								<info>ListItem.Label2</info>
							</control>
						</focusedlayout>
						<content>
							<item>
								<label>$LOCALIZE[20364]:</label>
								<label2>$INFO[ListItem.TVShowTitle]</label2>
								<visible>!String.IsEmpty(ListItem.TVShowTitle)</visible>
							</item>
							<item>
								<label>$LOCALIZE[20373]:</label>
								<label2>$INFO[ListItem.Season]</label2>
								<visible>!String.IsEmpty(ListItem.Season)</visible>
							</item>
							<item>
								<label>$LOCALIZE[20359]:</label>
								<label2>$INFO[ListItem.Episode]</label2>
								<visible>!String.IsEmpty(ListItem.Episode)</visible>
							</item>
							<item>
								<label>$LOCALIZE[31322]:</label>
								<label2>$INFO[ListItem.Premiered]</label2>
								<visible>!String.IsEmpty(ListItem.Premiered)</visible>
							</item>
							<item>
								<label>$LOCALIZE[515]:</label>
								<label2>$INFO[ListItem.Genre]</label2>
								<visible>!String.IsEmpty(ListItem.Genre)</visible>
							</item>
							<item>
								<label>$LOCALIZE[20339]:</label>
								<label2>$INFO[ListItem.Director]</label2>
								<onclick>SendClick(2003,13)</onclick>
								<visible>!String.IsEmpty(ListItem.Director)</visible>
							</item>
							<item>
								<label>$LOCALIZE[20417]:</label>
								<label2>$INFO[ListItem.Writer]</label2>
								<visible>!String.IsEmpty(ListItem.Writer)</visible>
							</item>
							<item>
								<label>$LOCALIZE[562]:</label>
								<label2>$INFO[ListItem.Year]</label2>
								<visible>!String.IsEmpty(ListItem.Year)</visible>
							</item>
							<item>
								<label>$LOCALIZE[2050]:</label>
								<label2>$VAR[DurationInMinutes]</label2>
								<visible>!String.IsEmpty(ListItem.Duration)</visible>
							</item>
							<item>
								<label>$LOCALIZE[38018]:</label>
								<label2>$INFO[ListItem.Userrating]</label2>
								<visible>!String.IsEmpty(ListItem.Userrating)</visible>
							</item>
							<item>
								<label>$LOCALIZE[563]:</label>
								<label2>$INFO[ListItem.RatingAndVotes]</label2>
								<visible>!String.IsEmpty(ListItem.RatingAndVotes)</visible>
							</item>
							<item>
								<label>$LOCALIZE[15311]</label>
								<label2>$INFO[ListItem.FilenameAndPath]</label2>
								<visible>!String.IsEmpty(ListItem.FilenameAndPath)</visible>
							</item>
						</content>
					</control>
					<control type="image">
						<left>870</left>
						<top>1110</top>
						<width>2220</width>
						<height>12</height>
						<aspectratio>stretch</aspectratio>
						<texture>separator.png</texture>
					</control>
				</control>
				<control type="group">
					<visible>String.IsEqual(ListItem.DBTYPE,musicvideo) + !Control.HasFocus(12)</visible>
					<top>270</top>
					<left>630</left>
					<include>VisibleFadeEffect</include>
					<control type="image">
						<left>0</left>
						<top>0</top>
						<width>1140</width>
						<height>1080</height>
						<aspectratio>keep</aspectratio>
						<bordertexture infill="false" border="5">button-nofocus.png</bordertexture>
						<bordersize>4</bordersize>
						<texture background="true">$INFO[ListItem.Icon]</texture>
					</control>
					<control type="list" id="49">
						<left>1170</left>
						<top>60</top>
						<width>1920</width>
						<height>990</height>
						<onleft>49</onleft>
						<onright>49</onright>
						<onup>9000</onup>
						<ondown>61</ondown>
						<pagecontrol />
						<scrolltime>200</scrolltime>
						<itemlayout height="90">
							<control type="label">
								<left>16</left>
								<top>0</top>
								<width>480</width>
								<height>90</height>
								<font>font13</font>
								<align>right</align>
								<aligny>center</aligny>
								<textcolor>blue</textcolor>
								<selectedcolor>selected</selectedcolor>
								<info>ListItem.Label</info>
							</control>
							<control type="label">
								<left>526</left>
								<top>0</top>
								<width>1396</width>
								<height>90</height>
								<font>font13</font>
								<align>left</align>
								<aligny>center</aligny>
								<textcolor>white</textcolor>
								<selectedcolor>white</selectedcolor>
								<info>ListItem.Label2</info>
							</control>
						</itemlayout>
						<focusedlayout height="90">
							<control type="image">
								<left>0</left>
								<top>0</top>
								<width>1920</width>
								<height>90</height>
								<visible>Control.HasFocus(49)</visible>
								<texture>MenuItemFO.png</texture>
								<include>VisibleFadeEffect</include>
							</control>
							<control type="label">
								<left>16</left>
								<top>0</top>
								<width>480</width>
								<height>90</height>
								<font>font13</font>
								<align>right</align>
								<aligny>center</aligny>
								<textcolor>blue</textcolor>
								<selectedcolor>selected</selectedcolor>
								<info>ListItem.Label</info>
							</control>
							<control type="label">
								<left>526</left>
								<top>0</top>
								<width>1396</width>
								<height>90</height>
								<font>font13</font>
								<align>left</align>
								<aligny>center</aligny>
								<textcolor>white</textcolor>
								<selectedcolor>white</selectedcolor>
								<info>ListItem.Label2</info>
							</control>
						</focusedlayout>
						<content>
							<item>
								<label>$LOCALIZE[557]:</label>
								<label2>$INFO[ListItem.Artist]</label2>
								<visible>!String.IsEmpty(ListItem.Artist)</visible>
							</item>
							<item>
								<label>$LOCALIZE[558]:</label>
								<label2>$INFO[ListItem.Album]</label2>
								<visible>!String.IsEmpty(ListItem.Album)</visible>
							</item>
							<item>
								<label>$LOCALIZE[515]:</label>
								<label2>$INFO[ListItem.Genre]</label2>
								<visible>!String.IsEmpty(ListItem.Genre)</visible>
							</item>
							<item>
								<label>$LOCALIZE[572]:</label>
								<label2>$INFO[ListItem.Studio]</label2>
								<visible>!String.IsEmpty(ListItem.Studio)</visible>
							</item>
							<item>
								<label>$LOCALIZE[20417]:</label>
								<label2>$INFO[ListItem.Writer]</label2>
								<visible>!String.IsEmpty(ListItem.Writer)</visible>
							</item>
							<item>
								<label>$LOCALIZE[20339]:</label>
								<label2>$INFO[ListItem.Director]</label2>
								<visible>!String.IsEmpty(ListItem.Director)</visible>
							</item>
							<item>
								<label>$LOCALIZE[562]:</label>
								<label2>$INFO[ListItem.Year]</label2>
								<visible>!String.IsEmpty(ListItem.Year)</visible>
							</item>
							<item>
								<label>$LOCALIZE[2050]:</label>
								<label2>$VAR[DurationInMinutes]</label2>
								<visible>!String.IsEmpty(ListItem.Duration)</visible>
							</item>
							<item>
								<label>$LOCALIZE[38018]:</label>
								<label2>$INFO[ListItem.Userrating]</label2>
								<visible>!String.IsEmpty(ListItem.Userrating)</visible>
							</item>
							<item>
								<label>$LOCALIZE[15311]</label>
								<label2>$INFO[ListItem.FilenameAndPath]</label2>
								<visible>!String.IsEmpty(ListItem.FilenameAndPath)</visible>
							</item>
						</content>
					</control>
					<control type="image">
						<left>1170</left>
						<top>1110</top>
						<width>1920</width>
						<height>12</height>
						<aspectratio>stretch</aspectratio>
						<texture>separator.png</texture>
					</control>
				</control>
				<control type="label">
					<right>390</right>
					<top>1440</top>
					<width>1200</width>
					<height>90</height>
					<font>font13_title</font>
					<textcolor>grey2</textcolor>
					<shadowcolor>black</shadowcolor>
					<scroll>true</scroll>
					<align>right</align>
					<aligny>center</aligny>
					<label>[COLOR=blue]$LOCALIZE[207][/COLOR]$INFO[Container(400).CurrentPage, ( $LOCALIZE[31024] ]$INFO[Container(400).NumPages,/, )]</label>
					<visible>Control.IsVisible(400)</visible>
				</control>
				<control type="label">
					<right>390</right>
					<top>1440</top>
					<width>1200</width>
					<height>90</height>
					<font>font13_title</font>
					<textcolor>grey2</textcolor>
					<shadowcolor>black</shadowcolor>
					<scroll>true</scroll>
					<align>right</align>
					<aligny>center</aligny>
					<label>[COLOR=blue]$LOCALIZE[206][/COLOR]$INFO[Container(50).CurrentPage, ( $LOCALIZE[31024] ]$INFO[Container(50).NumPages,/, )]</label>
					<visible>Control.IsVisible(50)</visible>
				</control>
				<control type="spincontrol" id="61">
					<description>Next page button</description>
					<left>360r</left>
					<top>1456</top>
					<subtype>page</subtype>
					<font />
					<onleft>61</onleft>
					<onright>61</onright>
					<ondown>9000</ondown>
					<onup>49</onup>
					<textcolor />
					<showonepage>true</showonepage>
				</control>
				<control type="textbox" id="400">
					<description>Description Value for Movies</description>
					<left>630</left>
					<top>1582</top>
					<width>3090</width>
					<height>360</height>
					<font>font13</font>
					<align>justify</align>
					<textcolor>white</textcolor>
					<pagecontrol>61</pagecontrol>
					<label>$INFO[ListItem.Plot]</label>
					<autoscroll time="3000" delay="4000" repeat="5000">!Control.HasFocus(61) + Skin.HasSetting(AutoScroll)</autoscroll>
					<visible>!Control.IsVisible(50)</visible>
				</control>
				<control type="image">
					<description>Actor image</description>
					<left>630</left>
					<top>1440</top>
					<width>480</width>
					<height>480</height>
					<texture>$INFO[Container(50).Listitem.Icon]</texture>
					<aspectratio>keep</aspectratio>
					<visible>Control.IsVisible(50)</visible>
				</control>
				<control type="panel" id="50">
					<left>1140</left>
					<top>1560</top>
					<width>2580</width>
					<height>360</height>
					<onleft>9000</onleft>
					<onright>61</onright>
					<onup>61</onup>
					<ondown>9000</ondown>
					<viewtype label="">list</viewtype>
					<pagecontrol>61</pagecontrol>
					<scrolltime>200</scrolltime>
					<orientation>vertical</orientation>
					<itemlayout height="120" width="1290">
						<control type="image">
							<left>0</left>
							<top>0</top>
							<width>1290</width>
							<height>120</height>
							<texture border="5">button-nofocus.png</texture>
						</control>
						<control type="label">
							<description>Actor and Role</description>
							<left>30</left>
							<top>0</top>
							<width>1230</width>
							<height>120</height>
							<font>font12</font>
							<align>left</align>
							<aligny>center</aligny>
							<selectedcolor>white</selectedcolor>
							<label>$INFO[ListItem.Label]$INFO[ListItem.Label2, $LOCALIZE[20347] ,]</label>
						</control>
					</itemlayout>
					<focusedlayout height="120" width="1290">
						<control type="image">
							<left>0</left>
							<top>0</top>
							<width>1290</width>
							<height>120</height>
							<visible>!Control.HasFocus(50)</visible>
							<texture border="5">button-nofocus.png</texture>
						</control>
						<control type="image">
							<left>0</left>
							<top>0</top>
							<width>1290</width>
							<height>120</height>
							<visible>Control.HasFocus(50)</visible>
							<texture border="5">button-focus2.png</texture>
						</control>
						<control type="label">
							<description>Actor and Role</description>
							<left>30</left>
							<top>0</top>
							<width>1230</width>
							<height>120</height>
							<font>font12</font>
							<align>left</align>
							<aligny>center</aligny>
							<selectedcolor>white</selectedcolor>
							<label>$INFO[ListItem.Label]$INFO[ListItem.Label2, $LOCALIZE[20347] ,]</label>
						</control>
					</focusedlayout>
				</control>
				<control type="grouplist" id="9000">
					<left>630</left>
					<top>1980</top>
					<width>3090</width>
					<height>120</height>
					<itemgap>6</itemgap>
					<align>center</align>
					<orientation>horizontal</orientation>
					<onleft>9000</onleft>
					<onright>9000</onright>
					<onup>50</onup>
					<ondown>49</ondown>
					<control type="togglebutton" id="8">
						<description>Play/browse to Show</description>
						<include>ButtonInfoDialogsCommonValues</include>
						<label>208</label>
						<alttexturefocus border="2">button-focus.png</alttexturefocus>
						<alttexturenofocus border="2">button-nofocus.png</alttexturenofocus>
						<altlabel>1024</altlabel>
						<usealttexture>String.IsEqual(ListItem.DBTYPE,tvshow) | String.IsEqual(ListItem.DBTYPE,set)</usealttexture>
					</control>
					<control type="button" id="5">
						<description>Cast/Review</description>
						<include>ButtonInfoDialogsCommonValues</include>
						<label>206</label>
					</control>
					<control type="button" id="6">
						<description>Refresh</description>
						<include>ButtonInfoDialogsCommonValues</include>
						<label>184</label>
					</control>
					<control type="button" id="10">
						<description>Get Thumb</description>
						<include>ButtonInfoDialogsCommonValues</include>
						<label>13511</label>
					</control>
					<control type="button" id="11">
						<description>Play Trailer</description>
						<include>ButtonInfoDialogsCommonValues</include>
						<label>20410</label>
						<visible>!String.IsEmpty(ListItem.Trailer) + !Skin.HasSetting(WindowedTrailer)</visible>
					</control>
					<control type="button" id="16">
						<description>Play Trailer Windowed</description>
						<include>ButtonInfoDialogsCommonValues</include>
						<label>20410</label>
						<onclick>PlayMedia($INFO[ListItem.Trailer],1)</onclick>
						<visible>!String.IsEmpty(ListItem.Trailer) + Skin.HasSetting(WindowedTrailer)</visible>
					</control>
					<control type="button" id="7">
						<description>Set my rating</description>
						<include>ButtonInfoDialogsCommonValues</include>
						<label>38023</label>
						<visible>Control.IsEnabled(7)</visible>
					</control>
					<control type="button" id="14">
						<description>Manage versions</description>
						<include>ButtonInfoDialogsCommonValues</include>
						<label>40000</label>
						<visible>String.IsEqual(ListItem.DBType,movie)</visible>
					</control>
					<control type="button" id="15">
						<description>Manage extras</description>
						<include>ButtonInfoDialogsCommonValues</include>
						<label>40211</label>
						<visible>String.IsEqual(ListItem.DBType,movie)</visible>
					</control>
				</control>
			</control>
		</control>
		<control type="group">
			<depth>DepthSideBlade</depth>
			<include>Clock</include>
		</control>
	</controls>
</window>
