<?xml version="1.0" encoding="UTF-8"?>
<window>
	<defaultcontrol />
	<animation effect="slide" start="0,-210" end="0,0" time="75">WindowOpen</animation>
	<animation effect="slide" start="0,0" end="0,-210" delay="300" time="75">WindowClose</animation>
	<controls>
		<control type="group">
			<depth>DepthHeader</depth>
			<left>2160</left>
			<top>0</top>
			<animation effect="slide" end="0,-240" time="150" condition="Window.IsVisible(FullscreenVideo) | Window.IsVisible(Visualisation)">conditional</animation>
			<control type="image">
				<left>0</left>
				<top>-30</top>
				<width>1200</width>
				<height>210</height>
				<texture flipy="true" border="12,2,12,12">InfoMessagePanel.png</texture>
			</control>
			<control type="label" id="30">
				<description>Header Label</description>
				<left>46</left>
				<top>12</top>
				<width>1110</width>
				<height>54</height>
				<font>font10_title</font>
				<textcolor>selected</textcolor>
				<align>left</align>
				<aligny>center</aligny>
			</control>
			<control type="label" id="31">
				<description>Title Label</description>
				<left>46</left>
				<top>60</top>
				<width>1110</width>
				<height>60</height>
				<font>font10</font>
				<align>left</align>
				<aligny>center</aligny>
			</control>
			<control type="progress" id="32">
				<description>progress control</description>
				<left>46</left>
				<top>126</top>
				<width>1110</width>
				<height>24</height>
				<texturebg border="4,5,4,5">ProgressBack.png</texturebg>
				<midtexture border="4,5,4,5">ProgressMid.png</midtexture>
			</control>
		</control>
	</controls>
</window>
