<?xml version="1.0" encoding="UTF-8"?>
<window>
	<coordinates>
		<left>946</left>
		<top>660</top>
	</coordinates>
	<include>dialogeffect</include>
	<depth>DepthDialog+</depth>
	<controls>
		<include content="DialogBackgroundCommons">
			<param name="DialogBackgroundWidth" value="975" />
			<param name="DialogBackgroundHeight" value="390" />
			<param name="DialogHeaderWidth" value="855" />
			<param name="DialogHeaderLabel" value="" />
			<param name="DialogHeaderId" value="1" />
			<param name="CloseButtonLeft" value="840" />
			<param name="CloseButtonNav" value="9000" />
		</include>
		<control type="textbox" id="9">
			<description>text</description>
			<left>90</left>
			<top>186</top>
			<width>1770</width>
			<height>294</height>
			<align>left</align>
			<label />
			<font>font13</font>
			<autoscroll time="3000" delay="4000" repeat="5000">true</autoscroll>
		</control>
		<control type="progress" id="20">
			<description>Progressbar</description>
			<left>90</left>
			<top>504</top>
			<width>1770</width>
			<height>48</height>
			<info>System.Progressbar</info>
		</control>
		<control type="grouplist" id="9000">
			<left>76</left>
			<top>586</top>
			<width>1800</width>
			<height>120</height>
			<align>center</align>
			<itemgap>0</itemgap>
			<orientation>horizontal</orientation>
			<control type="button" id="11">
				<description>OK button</description>
				<width>600</width>
				<height>120</height>
				<label>107</label>
				<font>font12_title</font>
				<textcolor>white</textcolor>
				<focusedcolor>white</focusedcolor>
				<align>center</align>
			</control>
			<control type="button" id="10">
				<description>Cancel button</description>
				<width>600</width>
				<height>120</height>
				<label>106</label>
				<font>font12_title</font>
				<textcolor>white</textcolor>
				<focusedcolor>white</focusedcolor>
				<align>center</align>
			</control>
			<control type="button" id="12">
				<description>Custom button</description>
				<width>600</width>
				<height>120</height>
				<label>106</label>
				<font>font12_title</font>
				<textcolor>white</textcolor>
				<focusedcolor>white</focusedcolor>
				<align>center</align>
			</control>
		</control>
	</controls>
</window>
