<?xml version="1.0" encoding="UTF-8"?>
<window type="dialog">
	<coordinates>
		<left>1140</left>
		<top>0</top>
	</coordinates>
	<controls>
		<control type="group" id="250">
			<depth>DepthDialog-</depth>
			<animation effect="slide" start="0,0" end="2700,0" time="375" tween="quadratic" easing="out">WindowClose</animation>
			<animation type="Conditional" condition="Control.HasFocus(150) | Control.HasFocus(160)" reversible="true">
				<effect type="slide" end="-750,0" time="300" />
			</animation>
			<control type="button" id="8999">
				<description>Fake button for mouse control</description>
				<left>2640</left>
				<top>0</top>
				<width>240</width>
				<height>2160</height>
				<label />
				<font />
				<texturenofocus />
				<texturefocus />
				<visible>true</visible>
				<onfocus>SetFocus(150)</onfocus>
			</control>
			<control type="image">
				<description>media info background image</description>
				<left>0</left>
				<top>0</top>
				<width>3450</width>
				<height>2160</height>
				<colordiffuse>BBFFFFFF</colordiffuse>
				<texture border="20,0,0,0" flipx="true">MediaBladeSub.png</texture>
			</control>
			<control type="button">
				<description>Close Window button</description>
				<left>60</left>
				<top>0</top>
				<width>192</width>
				<height>96</height>
				<label />
				<font />
				<onclick>PreviousMenu</onclick>
				<texturefocus>DialogCloseButton-focus.png</texturefocus>
				<texturenofocus>DialogCloseButton.png</texturenofocus>
				<onleft>101</onleft>
				<onright>101</onright>
				<onup>101</onup>
				<ondown>101</ondown>
				<visible>system.getbool(input.enablemouse)</visible>
			</control>
			<control type="group">
				<control type="label" id="100">
					<description>header label</description>
					<left>990</left>
					<top>240</top>
					<width>1650</width>
					<height>90</height>
					<font>font30_title</font>
					<align>right</align>
					<aligny>center</aligny>
					<textcolor>white</textcolor>
					<shadowcolor>black</shadowcolor>
				</control>
				<control type="label">
					<description>Video label</description>
					<left>766</left>
					<top>330</top>
					<width>1876</width>
					<height>90</height>
					<font>font13_title</font>
					<label>$INFO[Player.Filename]</label>
					<align>right</align>
					<aligny>center</aligny>
					<textcolor>grey</textcolor>
					<shadowcolor>black</shadowcolor>
					<scroll>true</scroll>
				</control>
				<control type="image">
					<left>90</left>
					<top>420</top>
					<width>2460</width>
					<height>12</height>
					<texture>separator.png</texture>
				</control>
				<control type="image" id="110">
					<description>Service Logo</description>
					<left>0</left>
					<top>240</top>
					<width>750</width>
					<height>120</height>
					<aspectratio>keep</aspectratio>
				</control>
				<control type="label" id="140">
					<description>textarea</description>
					<left>150</left>
					<top>420</top>
					<width>2340</width>
					<height>120</height>
					<font>font13</font>
					<textcolor>white</textcolor>
					<align>center</align>
					<aligny>center</aligny>
					<wrapmultiline>true</wrapmultiline>
				</control>
				<control type="image">
					<left>90</left>
					<top>528</top>
					<width>2460</width>
					<height>12</height>
					<texture>separator.png</texture>
				</control>
			</control>
			<control type="group">
				<control type="list" id="120">
					<left>150</left>
					<top>618</top>
					<width>2400</width>
					<height>1302</height>
					<onleft>121</onleft>
					<onright>150</onright>
					<onup>120</onup>
					<ondown>120</ondown>
					<viewtype label="535">list</viewtype>
					<pagecontrol>121</pagecontrol>
					<scrolltime>200</scrolltime>
					<itemlayout width="2400" height="108">
						<control type="image">
							<left>0</left>
							<top>0</top>
							<width>2340</width>
							<height>114</height>
							<texture>MenuItemNF.png</texture>
						</control>
						<control type="image">
							<left>16</left>
							<top>16</top>
							<width>78</width>
							<height>78</height>
							<texture>Subtitles/flags/$INFO[ListItem.Thumb].png</texture>
							<aspectratio>keep</aspectratio>
						</control>
						<control type="label">
							<left>120</left>
							<top>0</top>
							<width>270</width>
							<height>114</height>
							<font>font13</font>
							<aligny>center</aligny>
							<textcolor>white</textcolor>
							<selectedcolor>selected</selectedcolor>
							<align>left</align>
							<info>ListItem.Label</info>
						</control>
						<control type="image">
							<left>406</left>
							<top>40</top>
							<width>60</width>
							<height>36</height>
							<texture>Subtitles/icon_close_caption.png</texture>
							<visible>ListItem.property(hearing_imp)</visible>
						</control>
						<control type="image">
							<left>480</left>
							<top>40</top>
							<width>120</width>
							<height>36</height>
							<texture>Subtitles/icon_sync.png</texture>
							<visible>ListItem.property(sync)</visible>
						</control>
						<control type="label">
							<left>616</left>
							<top>0</top>
							<width>1486</width>
							<height>114</height>
							<font>font13</font>
							<aligny>center</aligny>
							<textcolor>white</textcolor>
							<selectedcolor>selected</selectedcolor>
							<align>left</align>
							<info>ListItem.Label2</info>
						</control>
						<control type="image">
							<left>2130</left>
							<top>34</top>
							<width>270</width>
							<height>52</height>
							<texture>LeftRating/rating$INFO[ListItem.ActualIcon].png</texture>
							<aspectratio>keep</aspectratio>
						</control>
					</itemlayout>
					<focusedlayout width="2400" height="108">
						<control type="image">
							<left>0</left>
							<top>0</top>
							<width>2340</width>
							<height>114</height>
							<texture>MenuItemNF.png</texture>
						</control>
						<control type="image">
							<left>0</left>
							<top>0</top>
							<width>2340</width>
							<height>114</height>
							<texture>MenuItemFO.png</texture>
							<visible>Control.HasFocus(120)</visible>
						</control>
						<control type="image">
							<left>16</left>
							<top>16</top>
							<width>78</width>
							<height>78</height>
							<texture>Subtitles/flags/$INFO[ListItem.Thumb].png</texture>
							<aspectratio>keep</aspectratio>
						</control>
						<control type="label">
							<left>120</left>
							<top>0</top>
							<width>270</width>
							<height>114</height>
							<font>font13</font>
							<aligny>center</aligny>
							<textcolor>white</textcolor>
							<selectedcolor>selected</selectedcolor>
							<align>left</align>
							<info>ListItem.Label</info>
						</control>
						<control type="image">
							<left>406</left>
							<top>40</top>
							<width>60</width>
							<height>36</height>
							<texture>Subtitles/icon_close_caption.png</texture>
							<visible>ListItem.property(hearing_imp)</visible>
						</control>
						<control type="image">
							<left>480</left>
							<top>40</top>
							<width>120</width>
							<height>36</height>
							<texture>Subtitles/icon_sync.png</texture>
							<visible>ListItem.property(sync)</visible>
						</control>
						<control type="label">
							<left>616</left>
							<top>0</top>
							<width>1486</width>
							<height>114</height>
							<font>font13</font>
							<aligny>center</aligny>
							<textcolor>white</textcolor>
							<selectedcolor>selected</selectedcolor>
							<align>left</align>
							<info>ListItem.Label2</info>
						</control>
						<control type="image">
							<left>2130</left>
							<top>34</top>
							<width>270</width>
							<height>52</height>
							<texture>LeftRating/rating$INFO[ListItem.ActualIcon].png</texture>
							<aspectratio>keep</aspectratio>
						</control>
					</focusedlayout>
				</control>
				<control type="spincontrol" id="121">
					<description>Next page button</description>
					<left>2424</left>
					<top>1992</top>
					<width>60</width>
					<height>60</height>
					<font>font13</font>
					<align>right</align>
					<aligny>center</aligny>
					<subtype>page</subtype>
					<textcolor>white</textcolor>
					<onleft>120</onleft>
					<onright>120</onright>
					<ondown>120</ondown>
					<onup>120</onup>
					<textoffsetx>30</textoffsetx>
					<textureup>scroll-up.png</textureup>
					<texturedown>scroll-down.png</texturedown>
					<textureupfocus>scroll-up-focus.png</textureupfocus>
					<texturedownfocus>scroll-down-focus.png</texturedownfocus>
					<showonepage>false</showonepage>
					<visible>Control.IsVisible(120)</visible>
				</control>
				<control type="group" id="130">
					<control type="grouplist">
						<left>150</left>
						<top>1978</top>
						<width>1816</width>
						<height>90</height>
						<orientation>horizontal</orientation>
						<itemgap>16</itemgap>
						<control type="image">
							<width>90</width>
							<height>90</height>
							<texture>DefaultIconInfo.png</texture>
						</control>
						<control type="label">
							<description>notification</description>
							<width min="30" max="1680">auto</width>
							<height>90</height>
							<font>font13</font>
							<textcolor>white</textcolor>
							<label>$LOCALIZE[31413]</label>
							<aligny>center</aligny>
						</control>
					</control>
				</control>
				<control type="image">
					<left>2598</left>
					<top>1044</top>
					<width>72</width>
					<height>72</height>
					<texture>scroll-right-focus.png</texture>
				</control>
			</control>
			<control type="group">
				<control type="image">
					<description>separator</description>
					<left>1626</left>
					<top>1080</top>
					<width>2160</width>
					<height>12</height>
					<texture>separator.png</texture>
					<animation effect="rotate" start="0" end="90" center="auto" time="0" condition="true">Conditional</animation>
				</control>
				<control type="label">
					<left>2716</left>
					<top>450</top>
					<width>720</width>
					<height>78</height>
					<label>[B]$LOCALIZE[24018][/B]</label>
					<font>font13</font>
					<align>center</align>
					<aligny>top</aligny>
					<textcolor>blue</textcolor>
					<shadowcolor>black</shadowcolor>
					<wrapmultiline>true</wrapmultiline>
				</control>
				<control type="image">
					<description>separator</description>
					<left>2700</left>
					<top>528</top>
					<width>720</width>
					<height>12</height>
					<texture>separator.png</texture>
				</control>
				<control type="list" id="150">
					<left>2700</left>
					<top>618</top>
					<width>750</width>
					<height>1198</height>
					<onleft>120</onleft>
					<onright>120</onright>
					<onup>160</onup>
					<ondown>160</ondown>
					<viewtype label="535">list</viewtype>
					<scrolltime>200</scrolltime>
					<itemlayout width="1200" height="108">
						<control type="image">
							<left>0</left>
							<top>0</top>
							<width>690</width>
							<height>114</height>
							<texture>MenuItemNF.png</texture>
						</control>
						<control type="label">
							<left>120</left>
							<top>0</top>
							<width>690</width>
							<height>114</height>
							<font>font13</font>
							<aligny>center</aligny>
							<textcolor>white</textcolor>
							<selectedcolor>selected</selectedcolor>
							<align>left</align>
							<info>ListItem.Label</info>
						</control>
					</itemlayout>
					<focusedlayout width="1200" height="108">
						<control type="image">
							<left>0</left>
							<top>0</top>
							<width>690</width>
							<height>114</height>
							<texture>MenuItemNF.png</texture>
						</control>
						<control type="image">
							<left>30</left>
							<top>0</top>
							<width>690</width>
							<height>114</height>
							<texture>MenuItemFO.png</texture>
							<visible>Control.HasFocus(150)</visible>
						</control>
						<control type="label">
							<left>120</left>
							<top>0</top>
							<width>690</width>
							<height>114</height>
							<font>font13</font>
							<aligny>center</aligny>
							<textcolor>white</textcolor>
							<selectedcolor>selected</selectedcolor>
							<align>left</align>
							<info>ListItem.Label</info>
						</control>
					</focusedlayout>
				</control>
				<control type="button" id="160">
					<description>Manual search button</description>
					<left>2776</left>
					<top>1920</top>
					<width>600</width>
					<height>120</height>
					<onleft>120</onleft>
					<onright>120</onright>
					<onup>150</onup>
					<ondown>150</ondown>
					<label>$LOCALIZE[24120]</label>
					<font>font12_title</font>
					<textcolor>white</textcolor>
					<focusedcolor>white</focusedcolor>
					<align>center</align>
					<hitrect x="2776" y="1816" w="600" h="300" />
				</control>
			</control>
		</control>
	</controls>
</window>
