<?xml version="1.0" encoding="UTF-8"?>
<window>
	<defaultcontrol always="true">450</defaultcontrol>
	<coordinates>
		<left>0</left>
		<top>0</top>
	</coordinates>
	<controls>
		<control type="group">
			<depth>DepthDialog+</depth>
			<left>1080</left>
			<animation effect="slide" start="2100,0" end="0,0" time="300" tween="quadratic" easing="out" condition="![Window.IsVisible(MovieInformation) | Window.IsVisible(MusicInformation)]">WindowOpen</animation>
			<animation effect="slide" start="-540,0" end="0,0" time="300" tween="quadratic" easing="out" condition="[Window.IsVisible(MovieInformation) | Window.IsVisible(MusicInformation)]">WindowOpen</animation>
			<animation effect="slide" start="0,0" end="2100,0" time="300" tween="quadratic" easing="out" condition="![Window.IsVisible(MovieInformation) | Window.IsVisible(MusicInformation)]">WindowClose</animation>
			<animation effect="slide" start="0,0" end="-1200,0" time="300" tween="quadratic" easing="out" condition="[Window.IsVisible(MovieInformation) | Window.IsVisible(MusicInformation)]">WindowClose</animation>
			<control type="image">
				<left>0</left>
				<top>0</top>
				<width>3960</width>
				<height>2160</height>
				<texture border="15,0,0,0" flipx="true">MediaBladeSub.png</texture>
			</control>
			<control type="image">
				<description>background image</description>
				<left>2002</left>
				<top>-30</top>
				<width>2026</width>
				<height>2220</height>
				<texture border="10">KeyboardEditArea.png</texture>
				<animation effect="fade" end="30" time="0" condition="true">conditional</animation>
			</control>
			<control type="image">
				<description>Dialog Header image</description>
				<left>120</left>
				<top>48</top>
				<width>1786</width>
				<height>120</height>
				<texture>dialogheader.png</texture>
			</control>
			<control type="button">
				<description>Close Window button</description>
				<left>60</left>
				<top>0</top>
				<width>192</width>
				<height>96</height>
				<label />
				<font />
				<onclick>PreviousMenu</onclick>
				<texturefocus>DialogCloseButton-focus.png</texturefocus>
				<texturenofocus>DialogCloseButton.png</texturenofocus>
				<onleft>450</onleft>
				<onright>450</onright>
				<onup>450</onup>
				<ondown>450</ondown>
				<visible>system.getbool(input.enablemouse)</visible>
			</control>
			<control type="group">
				<animation effect="fade" delay="300" start="0" end="100" time="150">WindowOpen</animation>
				<animation effect="fade" start="100" end="0" time="150">WindowClose</animation>
				<control type="label" id="411">
					<description>header label</description>
					<left>120</left>
					<top>60</top>
					<width>1786</width>
					<height>90</height>
					<font>font13_title</font>
					<label>1023</label>
					<align>center</align>
					<aligny>center</aligny>
					<textcolor>selected</textcolor>
					<shadowcolor>black</shadowcolor>
				</control>
				<control type="label" id="412">
					<description>Path label</description>
					<left>120</left>
					<top>2040</top>
					<width>1786</width>
					<height>90</height>
					<font>font13</font>
					<haspath>true</haspath>
					<align>right</align>
					<aligny>center</aligny>
					<textcolor>white</textcolor>
					<shadowcolor>black</shadowcolor>
				</control>
				<control type="grouplist" id="9000">
					<left>2056</left>
					<top>390</top>
					<width>664</width>
					<height>676</height>
					<itemgap>16</itemgap>
					<orientation>vertical</orientation>
					<onleft>450</onleft>
					<onright>450</onright>
					<onup>9000</onup>
					<ondown>9000</ondown>
					<control type="button" id="413">
						<description>OK button</description>
						<height>144</height>
						<align>center</align>
						<include>ButtonMediaSubCommonValues</include>
						<label>186</label>
					</control>
					<control type="button" id="414">
						<description>Cancel button</description>
						<height>144</height>
						<align>center</align>
						<include>ButtonMediaSubCommonValues</include>
						<label>222</label>
					</control>
					<control type="button" id="415">
						<description>Create folder button</description>
						<height>144</height>
						<align>center</align>
						<include>ButtonMediaSubCommonValues</include>
						<label>119</label>
					</control>
					<control type="radiobutton" id="416">
						<description>Flip Image button</description>
						<height>144</height>
						<align>center</align>
						<include>ButtonMediaSubCommonValues</include>
						<label>749</label>
					</control>
				</control>
				<control type="image">
					<left>2056</left>
					<top>1200</top>
					<width>664</width>
					<height>664</height>
					<texture border="5">button-nofocus.png</texture>
				</control>
				<control type="image">
					<left>2070</left>
					<top>1216</top>
					<width>634</width>
					<height>634</height>
					<aspectratio>keep</aspectratio>
					<texture background="true">$INFO[ListItem.Icon]</texture>
					<visible>!String.Contains(Control.GetLabel(416),*)</visible>
				</control>
				<control type="image">
					<left>2070</left>
					<top>1216</top>
					<width>634</width>
					<height>634</height>
					<aspectratio>keep</aspectratio>
					<texture background="true" flipx="true">$INFO[ListItem.Icon]</texture>
					<visible>String.Contains(Control.GetLabel(416),*)</visible>
				</control>
				<control type="panel" id="450">
					<left>60</left>
					<top>270</top>
					<width>1860</width>
					<height>1686</height>
					<onleft>9000</onleft>
					<onright>60</onright>
					<onup>450</onup>
					<ondown>450</ondown>
					<pagecontrol>60</pagecontrol>
					<scrolltime>200</scrolltime>
					<itemlayout height="120" width="1860">
						<control type="image">
							<left>0</left>
							<top>0</top>
							<width>1860</width>
							<height>124</height>
							<texture border="5">MenuItemNF.png</texture>
						</control>
						<control type="image">
							<left>30</left>
							<top>6</top>
							<width>114</width>
							<height>114</height>
							<texture>$INFO[ListItem.Icon]</texture>
							<aspectratio>keep</aspectratio>
						</control>
						<control type="label">
							<left>166</left>
							<top>0</top>
							<width>1680</width>
							<height>120</height>
							<font>font13</font>
							<align>left</align>
							<aligny>center</aligny>
							<selectedcolor>green</selectedcolor>
							<info>ListItem.Label</info>
						</control>
					</itemlayout>
					<focusedlayout height="120" width="1860">
						<control type="image">
							<left>0</left>
							<top>0</top>
							<width>1860</width>
							<height>124</height>
							<visible>!Control.HasFocus(450)</visible>
							<texture border="5">MenuItemNF.png</texture>
						</control>
						<control type="image">
							<left>0</left>
							<top>0</top>
							<width>1860</width>
							<height>124</height>
							<visible>Control.HasFocus(450)</visible>
							<texture border="5">MenuItemFO.png</texture>
						</control>
						<control type="image">
							<left>30</left>
							<top>6</top>
							<width>114</width>
							<height>114</height>
							<texture>$INFO[ListItem.Icon]</texture>
							<aspectratio>keep</aspectratio>
						</control>
						<control type="label">
							<left>166</left>
							<top>0</top>
							<width>1680</width>
							<height>120</height>
							<font>font13</font>
							<align>left</align>
							<aligny>center</aligny>
							<selectedcolor>green</selectedcolor>
							<info>ListItem.Label</info>
						</control>
					</focusedlayout>
				</control>
				<control type="panel" id="451">
					<left>60</left>
					<top>270</top>
					<width>1860</width>
					<height>1686</height>
					<onleft>9000</onleft>
					<onright>60</onright>
					<onup>451</onup>
					<ondown>451</ondown>
					<pagecontrol>60</pagecontrol>
					<scrolltime>200</scrolltime>
					<itemlayout height="120" width="1860">
						<control type="image">
							<left>0</left>
							<top>0</top>
							<width>1860</width>
							<height>124</height>
							<texture border="5">MenuItemNF.png</texture>
						</control>
						<control type="image">
							<left>30</left>
							<top>6</top>
							<width>114</width>
							<height>114</height>
							<texture>$INFO[ListItem.Icon]</texture>
							<aspectratio>keep</aspectratio>
						</control>
						<control type="label">
							<left>166</left>
							<top>0</top>
							<width>1680</width>
							<height>120</height>
							<font>font13</font>
							<align>left</align>
							<aligny>center</aligny>
							<selectedcolor>green</selectedcolor>
							<info>ListItem.Label</info>
						</control>
					</itemlayout>
					<focusedlayout height="120" width="1860">
						<control type="image">
							<left>0</left>
							<top>0</top>
							<width>1860</width>
							<height>124</height>
							<visible>!Control.HasFocus(451)</visible>
							<texture border="5">MenuItemNF.png</texture>
						</control>
						<control type="image">
							<left>0</left>
							<top>0</top>
							<width>1860</width>
							<height>124</height>
							<visible>Control.HasFocus(451)</visible>
							<texture border="5">MenuItemFO.png</texture>
						</control>
						<control type="image">
							<left>30</left>
							<top>6</top>
							<width>114</width>
							<height>114</height>
							<texture>$INFO[ListItem.Icon]</texture>
							<aspectratio>keep</aspectratio>
						</control>
						<control type="label">
							<left>166</left>
							<top>0</top>
							<width>1680</width>
							<height>120</height>
							<font>font13</font>
							<align>left</align>
							<aligny>center</aligny>
							<selectedcolor>green</selectedcolor>
							<info>ListItem.Label</info>
						</control>
					</focusedlayout>
				</control>
				<control type="scrollbar" id="60">
					<left>1920</left>
					<top>270</top>
					<width>76</width>
					<height>1684</height>
					<texturesliderbackground border="0,28,0,28">ScrollBarV.png</texturesliderbackground>
					<texturesliderbar border="0,28,0,28">ScrollBarV_bar.png</texturesliderbar>
					<texturesliderbarfocus border="0,28,0,28">ScrollBarV_bar_focus.png</texturesliderbarfocus>
					<textureslidernib>ScrollBarNib.png</textureslidernib>
					<textureslidernibfocus>ScrollBarNib.png</textureslidernibfocus>
					<onleft>450</onleft>
					<onright>9000</onright>
					<showonepage>false</showonepage>
					<orientation>vertical</orientation>
				</control>
				<control type="label">
					<description>Page label</description>
					<left>2056</left>
					<top>2040</top>
					<width>664</width>
					<height>90</height>
					<align>right</align>
					<aligny>center</aligny>
					<textcolor>grey</textcolor>
					<font>font12</font>
					<label>([COLOR=blue]$INFO[Container(450).NumItems][/COLOR]) $LOCALIZE[31025] - $LOCALIZE[31024] ([COLOR=blue]$INFO[Container(450).CurrentPage]/$INFO[Container(450).NumPages][/COLOR])</label>
					<wrapmultiline>true</wrapmultiline>
					<visible>!Control.IsVisible(451)</visible>
				</control>
				<control type="label">
					<description>Page label</description>
					<left>2056</left>
					<top>2040</top>
					<width>664</width>
					<height>90</height>
					<align>right</align>
					<aligny>center</aligny>
					<textcolor>grey</textcolor>
					<font>font12</font>
					<label>([COLOR=blue]$INFO[Container(451).NumItems][/COLOR]) $LOCALIZE[31025] - $LOCALIZE[31024] ([COLOR=blue]$INFO[Container(451).CurrentPage]/$INFO[Container(451).NumPages][/COLOR])</label>
					<wrapmultiline>true</wrapmultiline>
					<visible>Control.IsVisible(451)</visible>
				</control>
			</control>
		</control>
		<control type="group">
			<depth>DepthDialog+</depth>
			<include>Clock</include>
		</control>
	</controls>
</window>
