<?xml version="1.0" encoding="UTF-8"?>
<includes>
	<include name="DialogDefaultSelectLayout">
		<control type="group">
			<left>706</left>
			<top>226</top>
			<animation effect="slide" start="0,0" end="0,138" time="0" condition="[Control.IsVisible(3) + !Integer.IsGreater(Container(3).NumItems,4)] | [Control.IsVisible(6) + !Integer.IsGreater(Container(6).NumItems,2)]">Conditional</animation>
			<animation effect="slide" start="0,0" end="0,138" time="0" condition="[Control.IsVisible(3) + !Integer.IsGreater(Container(3).NumItems,6)] | [Control.IsVisible(6) + !Integer.IsGreater(Container(6).NumItems,3)]">Conditional</animation>
			<animation effect="slide" start="0,0" end="0,138" time="0" condition="[Control.IsVisible(3) + !Integer.IsGreater(Container(3).NumItems,8)] | [Control.IsVisible(6) + !Integer.IsGreater(Container(6).NumItems,4)]">Conditional</animation>
			<control type="image">
				<description>background image</description>
				<left>0</left>
				<top>0</top>
				<width>2550</width>
				<height>1650</height>
				<texture border="40">$VAR[SelectBack]</texture>
				<visible>[Control.IsVisible(3) + Integer.IsGreater(Container(3).NumItems,8)] | [Control.IsVisible(6) + Integer.IsGreater(Container(6).NumItems,4)]</visible>
			</control>
			<control type="image">
				<description>background image</description>
				<left>0</left>
				<top>0</top>
				<width>2550</width>
				<height>1374</height>
				<texture border="40">$VAR[SelectBack]</texture>
				<visible>[Control.IsVisible(3) + Integer.IsGreater(Container(3).NumItems,6) + !Integer.IsGreater(Container(3).NumItems,8)] | [Control.IsVisible(6) + Integer.IsGreater(Container(6).NumItems,3) + !Integer.IsGreater(Container(6).NumItems,4)]</visible>
			</control>
			<control type="image">
				<description>background image</description>
				<left>0</left>
				<top>0</top>
				<width>2550</width>
				<height>1098</height>
				<texture border="40">$VAR[SelectBack]</texture>
				<visible>[Control.IsVisible(3) + Integer.IsGreater(Container(3).NumItems,4) + !Integer.IsGreater(Container(3).NumItems,6)] | [Control.IsVisible(6) + Integer.IsGreater(Container(6).NumItems,2) + !Integer.IsGreater(Container(6).NumItems,3)]</visible>
			</control>
			<control type="image">
				<description>background image</description>
				<left>0</left>
				<top>0</top>
				<width>2550</width>
				<height>822</height>
				<texture border="40">$VAR[SelectBack]</texture>
				<visible>[Control.IsVisible(3) + !Integer.IsGreater(Container(3).NumItems,4)] | [Control.IsVisible(6) + !Integer.IsGreater(Container(6).NumItems,2)]</visible>
			</control>
			<control type="image">
				<description>Dialog Header image</description>
				<left>120</left>
				<top>48</top>
				<width>2310</width>
				<height>120</height>
				<texture>dialogheader.png</texture>
			</control>
			<control type="label" id="1">
				<description>header label</description>
				<left>120</left>
				<top>60</top>
				<width>2310</width>
				<height>90</height>
				<font>font13_title</font>
				<label>$LOCALIZE[13406]</label>
				<align>center</align>
				<aligny>center</aligny>
				<textcolor>selected</textcolor>
				<shadowcolor>black</shadowcolor>
			</control>
			<control type="label" id="4">
				<description>No Settings Label</description>
				<left>60</left>
				<top>360</top>
				<width>1650</width>
				<align>center</align>
				<font>font13</font>
			</control>
			<control type="button">
				<description>Close Window button</description>
				<left>2280</left>
				<top>46</top>
				<width>192</width>
				<height>96</height>
				<label />
				<font />
				<onclick>PreviousMenu</onclick>
				<texturefocus>DialogCloseButton-focus.png</texturefocus>
				<texturenofocus>DialogCloseButton.png</texturenofocus>
				<visible>system.getbool(input.enablemouse)</visible>
			</control>
			<control type="list" id="3">
				<left>60</left>
				<top>202</top>
				<width>1650</width>
				<height>1380</height>
				<onup>3</onup>
				<ondown>3</ondown>
				<onleft>7</onleft>
				<onright>61</onright>
				<pagecontrol>61</pagecontrol>
				<scrolltime>200</scrolltime>
				<itemlayout height="138" width="1650">
					<control type="image">
						<left>0</left>
						<top>0</top>
						<width>1650</width>
						<height>120</height>
						<texture border="5">button-nofocus.png</texture>
					</control>
					<control type="label">
						<left>60</left>
						<top>0</top>
						<width>1530</width>
						<height>120</height>
						<font>font13</font>
						<textcolor>grey2</textcolor>
						<selectedcolor>selected</selectedcolor>
						<align>left</align>
						<aligny>center</aligny>
						<label>$INFO[ListItem.Label]</label>
					</control>
				</itemlayout>
				<focusedlayout height="138" width="1650">
					<control type="image">
						<left>0</left>
						<top>0</top>
						<width>1650</width>
						<height>120</height>
						<texture border="5">button-nofocus.png</texture>
						<visible>!Control.HasFocus(3)</visible>
						<include>VisibleFadeEffect</include>
					</control>
					<control type="image">
						<left>0</left>
						<top>0</top>
						<width>1650</width>
						<height>120</height>
						<texture border="5">button-focus2.png</texture>
						<visible>Control.HasFocus(3)</visible>
						<include>VisibleFadeEffect</include>
					</control>
					<control type="label">
						<left>60</left>
						<top>0</top>
						<width>1530</width>
						<height>120</height>
						<font>font13</font>
						<textcolor>white</textcolor>
						<selectedcolor>selected</selectedcolor>
						<align>left</align>
						<aligny>center</aligny>
						<label>$INFO[ListItem.Label]</label>
					</control>
				</focusedlayout>
			</control>
			<control type="list" id="6">
				<left>60</left>
				<top>202</top>
				<width>1650</width>
				<height>1380</height>
				<onup>6</onup>
				<ondown>6</ondown>
				<onleft>7</onleft>
				<onright>61</onright>
				<pagecontrol>61</pagecontrol>
				<scrolltime>200</scrolltime>
				<itemlayout height="276" width="1650">
					<control type="image">
						<left>0</left>
						<top>0</top>
						<width>1650</width>
						<height>258</height>
						<texture border="5">button-nofocus.png</texture>
					</control>
					<control type="image">
						<left>6</left>
						<top>10</top>
						<width>240</width>
						<height>240</height>
						<texture>$VAR[DialogSelectImage]</texture>
						<aspectratio>keep</aspectratio>
						<bordertexture infill="false" border="3">black-back2.png</bordertexture>
						<bordersize>2</bordersize>
					</control>
					<control type="label">
						<left>270</left>
						<top>6</top>
						<width>1350</width>
						<height>90</height>
						<font>font13</font>
						<textcolor>grey</textcolor>
						<selectedcolor>selected</selectedcolor>
						<align>left</align>
						<aligny>center</aligny>
						<label>[B]$INFO[ListItem.Label][/B]</label>
					</control>
					<control type="textbox">
						<left>270</left>
						<top>102</top>
						<width>1350</width>
						<height>136</height>
						<font>font12</font>
						<textcolor>grey</textcolor>
						<selectedcolor>selected</selectedcolor>
						<align>left</align>
						<label>$INFO[ListItem.Label2]</label>
					</control>
				</itemlayout>
				<focusedlayout height="276" width="1650">
					<control type="image">
						<left>0</left>
						<top>0</top>
						<width>1650</width>
						<height>258</height>
						<texture border="5">button-nofocus.png</texture>
						<visible>!Control.HasFocus(6)</visible>
						<include>VisibleFadeEffect</include>
					</control>
					<control type="image">
						<left>0</left>
						<top>0</top>
						<width>1650</width>
						<height>258</height>
						<texture border="5">button-focus2.png</texture>
						<visible>Control.HasFocus(6)</visible>
						<include>VisibleFadeEffect</include>
					</control>
					<control type="image">
						<left>6</left>
						<top>10</top>
						<width>240</width>
						<height>240</height>
						<texture>$VAR[DialogSelectImage]</texture>
						<aspectratio>keep</aspectratio>
						<bordertexture infill="false" border="3">black-back2.png</bordertexture>
						<bordersize>2</bordersize>
					</control>
					<control type="label">
						<left>270</left>
						<top>6</top>
						<width>1350</width>
						<height>90</height>
						<font>font13</font>
						<textcolor>white</textcolor>
						<selectedcolor>selected</selectedcolor>
						<align>left</align>
						<aligny>center</aligny>
						<label>[B]$INFO[ListItem.Label][/B]</label>
					</control>
					<control type="textbox">
						<left>270</left>
						<top>102</top>
						<width>1350</width>
						<height>136</height>
						<font>font12</font>
						<textcolor>grey</textcolor>
						<selectedcolor>selected</selectedcolor>
						<align>left</align>
						<label>$INFO[ListItem.Label2]</label>
					</control>
				</focusedlayout>
			</control>
			<control type="scrollbar" id="61">
				<left>1710</left>
				<top>196</top>
				<width>76</width>
				<height>1392</height>
				<texturesliderbackground border="0,28,0,28">ScrollBarV.png</texturesliderbackground>
				<texturesliderbar border="0,28,0,28">ScrollBarV_bar.png</texturesliderbar>
				<texturesliderbarfocus border="0,28,0,28">ScrollBarV_bar_focus.png</texturesliderbarfocus>
				<textureslidernib>ScrollBarNib.png</textureslidernib>
				<textureslidernibfocus>ScrollBarNib.png</textureslidernibfocus>
				<onleft condition="Control.IsVisible(3)">3</onleft>
				<onleft condition="Control.IsVisible(6)">6</onleft>
				<onright>90</onright>
				<ondown>61</ondown>
				<onup>61</onup>
				<showonepage>false</showonepage>
				<orientation>vertical</orientation>
			</control>
			<control type="group">
				<control type="label">
					<description>number of files/pages in list text label</description>
					<left>1776</left>
					<top>1470</top>
					<width>720</width>
					<height>106</height>
					<font>font12</font>
					<align>center</align>
					<aligny>center</aligny>
					<textcolor>grey</textcolor>
					<label>$VAR[SelectLabel]</label>
					<animation effect="slide" start="0,0" end="0,-276" time="0" condition="[Control.IsVisible(3) + !Integer.IsGreater(Container(3).NumItems,4)] | [Control.IsVisible(6) + !Integer.IsGreater(Container(6).NumItems,2)]">Conditional</animation>
					<animation effect="slide" start="0,0" end="0,-276" time="0" condition="[Control.IsVisible(3) + !Integer.IsGreater(Container(3).NumItems,6)] | [Control.IsVisible(6) + !Integer.IsGreater(Container(6).NumItems,3)]">Conditional</animation>
					<animation effect="slide" start="0,0" end="0,-276" time="0" condition="[Control.IsVisible(3) + !Integer.IsGreater(Container(3).NumItems,8)] | [Control.IsVisible(6) + !Integer.IsGreater(Container(6).NumItems,4)]">Conditional</animation>
				</control>
				<control type="grouplist" id="90">
					<left>1836</left>
					<top>300</top>
					<onleft condition="Control.IsVisible(3)">3</onleft>
					<onleft condition="Control.IsVisible(6)">6</onleft>
					<onright condition="Control.IsVisible(3)">3</onright>
					<onright condition="Control.IsVisible(6)">6</onright>
					<control type="button" id="5">
						<description>Manual button</description>
						<width>600</width>
						<height>120</height>
						<label />
						<font>font12_title</font>
						<textcolor>white</textcolor>
						<focusedcolor>white</focusedcolor>
						<align>center</align>
					</control>
					<control type="button" id="7">
						<description>Cancel button</description>
						<width>600</width>
						<height>120</height>
						<label />
						<font>font12_title</font>
						<textcolor>white</textcolor>
						<focusedcolor>white</focusedcolor>
						<align>center</align>
					</control>
				</control>
			</control>
		</control>
	</include>
	<include name="DialogGameSelectLayout">
		<control type="group">
			<left>60</left>
			<top>1224</top>
			<control type="image">
				<description>background image</description>
				<left>0</left>
				<top>0</top>
				<width>3720</width>
				<height>906</height>
				<texture border="40">DialogBack2.png</texture>
			</control>
			<control type="image">
				<description>Dialog Header image</description>
				<left>120</left>
				<top>48</top>
				<width>3720</width>
				<height>120</height>
				<texture>dialogheader.png</texture>
			</control>
			<control type="label">
				<description>header label</description>
				<left>120</left>
				<top>60</top>
				<width>3720</width>
				<height>90</height>
				<font>font13_title</font>
				<label>$VAR[GameSelectHeader]</label>
				<align>center</align>
				<aligny>center</aligny>
				<textcolor>selected</textcolor>
				<shadowcolor>black</shadowcolor>
			</control>
			<control type="button">
				<description>Close Window button</description>
				<left>3462</left>
				<top>46</top>
				<width>192</width>
				<height>96</height>
				<label />
				<font />
				<onclick>PreviousMenu</onclick>
				<texturefocus>DialogCloseButton-focus.png</texturefocus>
				<texturenofocus>DialogCloseButton.png</texturenofocus>
				<onleft>3</onleft>
				<onright>3</onright>
				<onup>3</onup>
				<ondown>3</ondown>
				<visible>system.getbool(input.enablemouse)</visible>
			</control>
			<control type="panel" id="10811">
				<left>60</left>
				<top>196</top>
				<width>3600</width>
				<height>646</height>
				<onleft>10811</onleft>
				<onright>10811</onright>
				<ondown>noop</ondown>
				<onup>noop</onup>
				<scrolltime>200</scrolltime>
				<viewtype label="536">icon</viewtype>
				<orientation>horizontal</orientation>
				<pagecontrol />
				<itemlayout height="646" width="720">
					<control type="image">
						<left>6</left>
						<top>6</top>
						<width>706</width>
						<height>634</height>
						<texture border="3">button-nofocus.png</texture>
					</control>
					<control type="gamewindow">
						<left>22</left>
						<top>60</top>
						<width>660</width>
						<height>450</height>
						<videofilter>$INFO[ListItem.Property(game.videofilter)]</videofilter>
						<stretchmode>$INFO[ListItem.Property(game.stretchmode)]</stretchmode>
						<rotation>$INFO[ListItem.Property(game.videorotation)]</rotation>
					</control>
					<control type="label">
						<left>22</left>
						<top>556</top>
						<width>678</width>
						<height>46</height>
						<font>font12</font>
						<selectedcolor>selected</selectedcolor>
						<align>center</align>
						<aligny>center</aligny>
						<label>$INFO[ListItem.Label]$INFO[ListItem.Label2, (,)]</label>
					</control>
				</itemlayout>
				<focusedlayout height="646" width="720">
					<control type="image">
						<left>6</left>
						<top>6</top>
						<width>706</width>
						<height>634</height>
						<texture border="3">folder-focus.png</texture>
					</control>
					<control type="gamewindow">
						<left>22</left>
						<top>60</top>
						<width>660</width>
						<height>450</height>
						<videofilter>$INFO[ListItem.Property(game.videofilter)]</videofilter>
						<stretchmode>$INFO[ListItem.Property(game.stretchmode)]</stretchmode>
						<rotation>$INFO[ListItem.Property(game.videorotation)]</rotation>
					</control>
					<control type="label">
						<left>22</left>
						<top>556</top>
						<width>678</width>
						<height>46</height>
						<font>font12</font>
						<selectedcolor>selected</selectedcolor>
						<align>center</align>
						<aligny>center</aligny>
						<label>$INFO[ListItem.Label]$INFO[ListItem.Label2, (,)]</label>
					</control>
				</focusedlayout>
			</control>
		</control>
	</include>
	<include name="DialogGameSelectSaveLayout">
		<control type="group">
			<left>706</left>
			<top>364</top>
			<control type="image">
				<description>background image</description>
				<left>0</left>
				<top>0</top>
				<width>2550</width>
				<height>1374</height>
				<texture border="40">DialogBack.png</texture>
			</control>
			<control type="image">
				<description>Dialog Header image</description>
				<left>120</left>
				<top>48</top>
				<width>2310</width>
				<height>120</height>
				<texture>dialogheader.png</texture>
			</control>
			<control type="label" id="1">
				<description>header label</description>
				<left>120</left>
				<top>60</top>
				<width>2310</width>
				<height>90</height>
				<font>font13_title</font>
				<label>$LOCALIZE[35260]</label>
				<align>center</align>
				<aligny>center</aligny>
				<textcolor>selected</textcolor>
				<shadowcolor>black</shadowcolor>
			</control>
			<control type="label" id="4">
				<description>No Settings Label</description>
				<left>60</left>
				<top>360</top>
				<width>1650</width>
				<align>center</align>
				<font>font13</font>
			</control>
			<control type="button">
				<description>Close Window button</description>
				<left>2280</left>
				<top>46</top>
				<width>192</width>
				<height>96</height>
				<label />
				<font />
				<onclick>PreviousMenu</onclick>
				<texturefocus>DialogCloseButton-focus.png</texturefocus>
				<texturenofocus>DialogCloseButton.png</texturenofocus>
				<visible>system.getbool(input.enablemouse)</visible>
			</control>
			<control type="list" id="3">
				<left>60</left>
				<top>202</top>
				<width>1650</width>
				<height>1104</height>
				<onup>6</onup>
				<ondown>6</ondown>
				<onleft>7</onleft>
				<onright>61</onright>
				<pagecontrol>61</pagecontrol>
				<scrolltime>200</scrolltime>
				<itemlayout height="276" width="1650">
					<control type="image">
						<left>0</left>
						<top>0</top>
						<width>1650</width>
						<height>258</height>
						<texture border="5">button-nofocus.png</texture>
					</control>
					<control type="image">
						<left>6</left>
						<top>10</top>
						<width>240</width>
						<height>240</height>
						<texture>$INFO[ListItem.Art(screenshot)]</texture>
						<aspectratio>keep</aspectratio>
						<bordertexture infill="false" border="3">black-back2.png</bordertexture>
						<bordersize>2</bordersize>
					</control>
					<control type="label">
						<left>270</left>
						<top>36</top>
						<width>1350</width>
						<height>90</height>
						<font>font13</font>
						<textcolor>grey</textcolor>
						<selectedcolor>selected</selectedcolor>
						<align>left</align>
						<aligny>center</aligny>
						<label>[B]$INFO[ListItem.Label][/B]</label>
					</control>
					<control type="textbox">
						<left>270</left>
						<top>132</top>
						<width>1350</width>
						<height>136</height>
						<font>font12</font>
						<textcolor>grey</textcolor>
						<selectedcolor>selected</selectedcolor>
						<align>left</align>
						<label>$INFO[ListItem.Label2]</label>
					</control>
				</itemlayout>
				<focusedlayout height="276" width="1650">
					<control type="image">
						<left>0</left>
						<top>0</top>
						<width>1650</width>
						<height>258</height>
						<texture border="5">button-nofocus.png</texture>
						<visible>!Control.HasFocus(3)</visible>
						<include>VisibleFadeEffect</include>
					</control>
					<control type="image">
						<left>0</left>
						<top>0</top>
						<width>1650</width>
						<height>258</height>
						<texture border="5">button-focus2.png</texture>
						<visible>Control.HasFocus(3)</visible>
						<include>VisibleFadeEffect</include>
					</control>
					<control type="image">
						<left>6</left>
						<top>10</top>
						<width>240</width>
						<height>240</height>
						<texture>$INFO[ListItem.Art(screenshot)]</texture>
						<aspectratio>keep</aspectratio>
						<bordertexture infill="false" border="3">black-back2.png</bordertexture>
						<bordersize>2</bordersize>
					</control>
					<control type="label">
						<left>270</left>
						<top>36</top>
						<width>1350</width>
						<height>90</height>
						<font>font13</font>
						<textcolor>white</textcolor>
						<selectedcolor>selected</selectedcolor>
						<align>left</align>
						<aligny>center</aligny>
						<label>[B]$INFO[ListItem.Label][/B]</label>
					</control>
					<control type="textbox">
						<left>270</left>
						<top>132</top>
						<width>1350</width>
						<height>136</height>
						<font>font12</font>
						<textcolor>grey</textcolor>
						<selectedcolor>selected</selectedcolor>
						<align>left</align>
						<label>$INFO[ListItem.Label2]</label>
					</control>
				</focusedlayout>
			</control>
			<control type="scrollbar" id="61">
				<left>1710</left>
				<top>196</top>
				<width>76</width>
				<height>1116</height>
				<texturesliderbackground border="0,28,0,28">ScrollBarV.png</texturesliderbackground>
				<texturesliderbar border="0,28,0,28">ScrollBarV_bar.png</texturesliderbar>
				<texturesliderbarfocus border="0,28,0,28">ScrollBarV_bar_focus.png</texturesliderbarfocus>
				<textureslidernib>ScrollBarNib.png</textureslidernib>
				<textureslidernibfocus>ScrollBarNib.png</textureslidernibfocus>
				<onleft>3</onleft>
				<onright>90</onright>
				<ondown>61</ondown>
				<onup>61</onup>
				<showonepage>false</showonepage>
				<orientation>vertical</orientation>
			</control>
			<control type="image">
				<left>1836</left>
				<top>570</top>
				<width>600</width>
				<height>600</height>
				<texture border="5">button-nofocus.png</texture>
			</control>
			<control type="label" id="10823">
				<description>Emulator name</description>
				<left>1852</left>
				<top>586</top>
				<width>540</width>
				<height>106</height>
				<font>font12</font>
				<align>center</align>
				<aligny>center</aligny>
				<textcolor>blue</textcolor>
			</control>
			<control type="image" id="10824">
				<description>Emulator icon</description>
				<left>1972</left>
				<top>736</top>
				<width>360</width>
				<height>360</height>
				<aspectratio>keep</aspectratio>
			</control>
			<control type="group">
				<control type="label">
					<description>number of files/pages in list text label</description>
					<left>1776</left>
					<top>1194</top>
					<width>720</width>
					<height>106</height>
					<font>font12</font>
					<align>center</align>
					<aligny>center</aligny>
					<textcolor>grey</textcolor>
					<label>$VAR[SelectLabel]</label>
				</control>
				<control type="grouplist" id="90">
					<left>1836</left>
					<top>300</top>
					<onleft>3</onleft>
					<onright>3</onright>
					<control type="button" id="10825">
						<description>New button</description>
						<width>600</width>
						<height>120</height>
						<label>$LOCALIZE[35261]</label>
						<font>font12_title</font>
						<textcolor>white</textcolor>
						<focusedcolor>white</focusedcolor>
						<align>center</align>
					</control>
					<control type="button" id="10826">
						<description>Cancel button</description>
						<width>600</width>
						<height>120</height>
						<label>$LOCALIZE[222]</label>
						<font>font12_title</font>
						<textcolor>white</textcolor>
						<focusedcolor>white</focusedcolor>
						<align>center</align>
					</control>
				</control>
			</control>
		</control>
	</include>
</includes>
