<?xml version="1.0" encoding="UTF-8"?>
<includes>
	<include name="CommonBackground">
		<control type="image">
			<depth>DepthBackground</depth>
			<description>Normal Default Background Image</description>
			<include>BackgroundDimensions</include>
			<aspectratio>scale</aspectratio>
			<texture fallback="special://skin/backgrounds/SKINDEFAULT.jpg">$INFO[Skin.CurrentTheme,special://skin/backgrounds/,.jpg]</texture>
			<visible>![Skin.HasSetting(UseCustomBackground) + !String.IsEmpty(Skin.String(CustomBackgroundPath))]</visible>
			<include>VisibleFadeEffect</include>
		</control>
		<control type="image">
			<depth>DepthBackground</depth>
			<description>User Set Background Image</description>
			<include>BackgroundDimensions</include>
			<aspectratio>scale</aspectratio>
			<texture>$INFO[Skin.String(CustomBackgroundPath)]</texture>
			<visible>!System.IsMaster + Skin.HasSetting(UseCustomBackground) + !String.IsEmpty(Skin.String(CustomBackgroundPath))</visible>
			<include>VisibleFadeEffect</include>
		</control>
		<control type="image">
			<depth>DepthBackground</depth>
			<description>User Set Background Image Master</description>
			<include>BackgroundDimensions</include>
			<aspectratio>scale</aspectratio>
			<texture fallback="special://skin/backgrounds/SKINDEFAULT.jpg">$INFO[Skin.String(MasterCustomBackgroundPath)]</texture>
			<visible>System.IsMaster + Skin.HasSetting(UseCustomBackground) + !String.IsEmpty(Skin.String(MasterCustomBackgroundPath))</visible>
			<include>VisibleFadeEffect</include>
		</control>
		<control type="image">
			<depth>DepthBackground</depth>
			<include>BackgroundDimensions</include>
			<aspectratio>scale</aspectratio>
			<texture background="true">$INFO[ListItem.Art(fanart)]</texture>
			<include>backgroundfade</include>
			<fadetime>FanartCrossfadeTime</fadetime>
			<visible>!Skin.HasSetting(HideBackGroundFanart) + !String.IsEmpty(ListItem.Property(Fanart_Image))</visible>
			<include>Window_OpenClose_Animation</include>
			<visible>![Player.HasVideo + !Skin.HasSetting(ShowBackgroundVideo)] | [Player.HasVideo + Window.IsActive(movieinformation)]</visible>
		</control>
		<control type="image">
			<include>BackgroundDimensions</include>
			<texture>special://skin/backgrounds/media-overlay.jpg</texture>
			<visible>[Player.HasVideo + !Slideshow.IsActive + !Window.IsActive(movieinformation) + !Skin.HasSetting(ShowBackgroundVideo)] + !Window.IsVisible(TVChannels) + !Window.IsVisible(RadioChannels)</visible>
			<include>VisibleFadeEffect</include>
		</control>
		<control type="visualisation">
			<left>0</left>
			<top>0</top>
			<width>3840</width>
			<height>2160</height>
			<visible>Player.HasAudio + !Skin.HasSetting(ShowBackgroundVis)</visible>
			<visible>String.IsEmpty(Window(Videos).Property(PlayingBackgroundMedia))</visible>
		</control>
		<control type="videowindow">
			<depth>DepthBackground</depth>
			<left>0</left>
			<top>0</top>
			<width>3840</width>
			<height>2160</height>
			<visible>Player.HasVideo + !Slideshow.IsActive + !Window.IsActive(movieinformation) + !Skin.HasSetting(ShowBackgroundVideo) + !Window.IsVisible(TVChannels) + !Window.IsVisible(RadioChannels)</visible>
		</control>
		<control type="image">
			<depth>DepthBackground</depth>
			<left>-60</left>
			<top>-120</top>
			<width>3960</width>
			<height>360</height>
			<texture flipy="true" border="1">HomeNowPlayingBack.png</texture>
			<visible>[Player.HasVideo + !Slideshow.IsActive + !Window.IsActive(movieinformation) + !Skin.HasSetting(ShowBackgroundVideo)] | [Player.HasAudio + ![Skin.HasSetting(ShowBackgroundVis) | !String.IsEmpty(Window(Videos).Property(PlayingBackgroundMedia))]] | [!Skin.HasSetting(HideBackGroundFanart) + !String.IsEmpty(ListItem.Property(Fanart_Image))]</visible>
			<include>VisibleFadeEffect</include>
		</control>
	</include>
	<include name="ContentPanelBackgrounds">
		<control type="image">
			<depth>DepthFloor</depth>
			<left>-60</left>
			<top />
			<bottom>0</bottom>
			<width>3960</width>
			<height>300</height>
			<texture>floor.png</texture>
			<animation effect="rotatex" end="45" time="0" center="1860,0" condition="true">Conditional</animation>
			<animation effect="slide" start="0,30" end="0,0" time="150" condition="Window.Previous(Home)">WindowOpen</animation>
			<animation effect="slide" start="0,0" end="0,30" time="150" condition="Window.Next(Home)">WindowClose</animation>
		</control>
		<control type="group">
			<include>Window_OpenClose_Animation</include>
			<control type="group">
				<include>VisibleFadeEffect</include>
				<visible>Control.IsVisible(50)</visible>
				<control type="image">
					<left>150</left>
					<top>180</top>
					<width>2250</width>
					<height>1800</height>
					<texture border="15">ContentPanel.png</texture>
				</control>
				<control type="image">
					<left>150</left>
					<top>1956</top>
					<width>2250</width>
					<height>192</height>
					<texture border="15">ContentPanelMirror.png</texture>
				</control>
			</control>
			<control type="group">
				<include>VisibleFadeEffect</include>
				<visible>Control.IsVisible(504) | Control.IsVisible(550) | Control.IsVisible(512)</visible>
				<control type="image">
					<left>150</left>
					<top>180</top>
					<width>1920</width>
					<height>1800</height>
					<texture border="15">ContentPanel.png</texture>
				</control>
				<control type="image">
					<left>150</left>
					<top>1956</top>
					<width>1920</width>
					<height>192</height>
					<texture border="15">ContentPanelMirror.png</texture>
				</control>
				<control type="image">
					<left>2100</left>
					<top>180</top>
					<width>1590</width>
					<height>1800</height>
					<texture border="15">ContentPanel.png</texture>
				</control>
				<control type="image">
					<left>2100</left>
					<top>1956</top>
					<width>1590</width>
					<height>192</height>
					<texture border="15">ContentPanelMirror.png</texture>
				</control>
			</control>
			<control type="group">
				<include>VisibleFadeEffect</include>
				<visible>Control.IsVisible(551) | Control.IsVisible(560) | Control.IsVisible(511) | Control.IsVisible(506) | Control.IsVisible(507) | Control.IsVisible(513)</visible>
				<control type="image">
					<left>150</left>
					<top>180</top>
					<width>2520</width>
					<height>1800</height>
					<texture border="15">ContentPanel.png</texture>
				</control>
				<control type="image">
					<left>150</left>
					<top>1956</top>
					<width>2520</width>
					<height>192</height>
					<texture border="15">ContentPanelMirror.png</texture>
				</control>
				<control type="image">
					<left>2700</left>
					<top>180</top>
					<width>990</width>
					<height>1800</height>
					<texture border="15">ContentPanel.png</texture>
				</control>
				<control type="image">
					<left>2700</left>
					<top>1956</top>
					<width>990</width>
					<height>192</height>
					<texture border="15">ContentPanelMirror.png</texture>
				</control>
			</control>
			<control type="group">
				<include>VisibleFadeEffect</include>
				<visible>Control.IsVisible(501)</visible>
				<control type="image">
					<left>150</left>
					<top>150</top>
					<width>3540</width>
					<height>1830</height>
					<texture border="15">ContentPanel.png</texture>
				</control>
				<control type="image">
					<left>150</left>
					<top>1956</top>
					<width>3540</width>
					<height>192</height>
					<texture border="15">ContentPanelMirror.png</texture>
				</control>
			</control>
			<control type="group">
				<include>VisibleFadeEffect</include>
				<visible>Control.IsVisible(503)</visible>
				<control type="image">
					<left>150</left>
					<top>690</top>
					<width>1920</width>
					<height>1290</height>
					<texture border="15">ContentPanel.png</texture>
				</control>
				<control type="image">
					<left>150</left>
					<top>1956</top>
					<width>1920</width>
					<height>192</height>
					<texture border="15">ContentPanelMirror.png</texture>
				</control>
				<control type="image">
					<left>2100</left>
					<top>690</top>
					<width>1650</width>
					<height>1290</height>
					<texture border="15">ContentPanel.png</texture>
				</control>
				<control type="image">
					<left>2100</left>
					<top>1956</top>
					<width>1650</width>
					<height>192</height>
					<texture border="15">ContentPanelMirror.png</texture>
				</control>
			</control>
			<control type="group">
				<include>VisibleFadeEffect</include>
				<visible>Control.IsVisible(51) | Control.IsVisible(500) | Control.IsVisible(505)</visible>
				<control type="image">
					<left>226</left>
					<top>180</top>
					<width>3390</width>
					<height>1800</height>
					<texture border="15">ContentPanel.png</texture>
				</control>
				<control type="image">
					<left>226</left>
					<top>1956</top>
					<width>3390</width>
					<height>192</height>
					<texture border="15">ContentPanelMirror.png</texture>
				</control>
			</control>
			<control type="group">
				<include>VisibleFadeEffect</include>
				<visible>Control.IsVisible(514)</visible>
				<control type="image">
					<left>150</left>
					<top>180</top>
					<width>1470</width>
					<height>1800</height>
					<texture border="15">ContentPanel.png</texture>
				</control>
				<control type="image">
					<left>150</left>
					<top>1956</top>
					<width>1470</width>
					<height>192</height>
					<texture border="15">ContentPanelMirror.png</texture>
				</control>
				<control type="image">
					<left>1650</left>
					<top>180</top>
					<width>2040</width>
					<height>1800</height>
					<texture border="15">ContentPanel.png</texture>
				</control>
				<control type="image">
					<left>1650</left>
					<top>1956</top>
					<width>2040</width>
					<height>192</height>
					<texture border="15">ContentPanelMirror.png</texture>
				</control>
			</control>
			<control type="group">
				<include>VisibleFadeEffect</include>
				<visible>Control.IsVisible(515)</visible>
				<control type="image">
					<left>150</left>
					<top>180</top>
					<width>1200</width>
					<height>1800</height>
					<texture border="15">ContentPanel.png</texture>
				</control>
				<control type="image">
					<left>150</left>
					<top>1956</top>
					<width>1200</width>
					<height>192</height>
					<texture border="15">ContentPanelMirror.png</texture>
				</control>
				<control type="image">
					<left>1380</left>
					<top>180</top>
					<width>2310</width>
					<height>1800</height>
					<texture border="15">ContentPanel.png</texture>
				</control>
				<control type="image">
					<left>1380</left>
					<top>1956</top>
					<width>2310</width>
					<height>192</height>
					<texture border="15">ContentPanelMirror.png</texture>
				</control>
			</control>
		</control>
	</include>
</includes>
