<?xml version="1.0" encoding="UTF-8"?>
<window>
	<defaultcontrol always="true">52</defaultcontrol>
	<coordinates>
		<left>0</left>
		<top>0</top>
	</coordinates>
	<controls>
		<include>CommonBackground</include>
		<control type="group">
			<include>Window_OpenClose_Animation</include>
			<control type="image">
				<left>0</left>
				<top>300r</top>
				<width>3840</width>
				<height>300</height>
				<texture>floor.png</texture>
				<animation effect="slide" start="0,30" end="0,0" time="150" condition="Window.Previous(Home)">WindowOpen</animation>
				<animation effect="slide" start="0,0" end="0,30" time="150" condition="Window.Next(Home)">WindowClose</animation>
			</control>
			<control type="image">
				<description>LOGO</description>
				<left>30</left>
				<top>30</top>
				<width>300</width>
				<height>150</height>
				<aspectratio aligny="top" align="left">keep</aspectratio>
				<texture>kodi-logo.png</texture>
				<include>Window_OpenClose_Animation</include>
			</control>
			<control type="image">
				<left>796</left>
				<top>180</top>
				<width>2250</width>
				<height>1800</height>
				<texture border="10">ContentPanel.png</texture>
			</control>
			<control type="image">
				<left>796</left>
				<top>1956</top>
				<width>2250</width>
				<height>192</height>
				<texture border="10">ContentPanelMirror.png</texture>
			</control>
			<control type="label">
				<left>886</left>
				<top>300</top>
				<width>2070</width>
				<height>120</height>
				<font>font13</font>
				<textcolor>grey2</textcolor>
				<align>center</align>
				<aligny>center</aligny>
				<label>$LOCALIZE[31421]</label>
			</control>
			<control type="list" id="52">
				<left>886</left>
				<top>510</top>
				<width>2070</width>
				<height>1204</height>
				<onleft>20</onleft>
				<onright>20</onright>
				<onup>52</onup>
				<ondown>52</ondown>
				<viewtype label="535">list</viewtype>
				<pagecontrol>60</pagecontrol>
				<scrolltime>200</scrolltime>
				<itemlayout height="300" width="2070">
					<control type="image">
						<left>0</left>
						<top>0</top>
						<width>2070</width>
						<height>286</height>
						<texture border="5">button-nofocus.png</texture>
					</control>
					<control type="image">
						<left>30</left>
						<top>30</top>
						<width>240</width>
						<height>226</height>
						<texture>$INFO[ListItem.Icon]</texture>
						<aspectratio>keep</aspectratio>
					</control>
					<control type="label">
						<left>330</left>
						<top>30</top>
						<width>1740</width>
						<height>120</height>
						<font>font24_title</font>
						<textcolor>grey2</textcolor>
						<selectedcolor>selected</selectedcolor>
						<align>left</align>
						<aligny>center</aligny>
						<label>$INFO[ListItem.Label]</label>
					</control>
					<control type="label">
						<left>330</left>
						<top>150</top>
						<width>1740</width>
						<height>76</height>
						<font>font13</font>
						<textcolor>grey2</textcolor>
						<selectedcolor>selected</selectedcolor>
						<align>left</align>
						<aligny>center</aligny>
						<label>$INFO[ListItem.Label2]</label>
					</control>
				</itemlayout>
				<focusedlayout height="300" width="1740">
					<control type="image">
						<left>0</left>
						<top>0</top>
						<width>2070</width>
						<height>286</height>
						<texture border="5">button-nofocus.png</texture>
						<visible>!Control.HasFocus(52)</visible>
						<include>VisibleFadeEffect</include>
					</control>
					<control type="image">
						<left>0</left>
						<top>0</top>
						<width>2070</width>
						<height>286</height>
						<texture border="5">button-focus2.png</texture>
						<visible>Control.HasFocus(52)</visible>
						<include>VisibleFadeEffect</include>
					</control>
					<control type="image">
						<left>30</left>
						<top>30</top>
						<width>240</width>
						<height>226</height>
						<texture>$INFO[ListItem.Icon]</texture>
						<aspectratio>keep</aspectratio>
					</control>
					<control type="label">
						<left>330</left>
						<top>30</top>
						<width>1740</width>
						<height>120</height>
						<font>font24_title</font>
						<textcolor>white</textcolor>
						<selectedcolor>selected</selectedcolor>
						<align>left</align>
						<aligny>center</aligny>
						<label>$INFO[ListItem.Label]</label>
					</control>
					<control type="label">
						<left>330</left>
						<top>150</top>
						<width>1740</width>
						<height>76</height>
						<font>font13</font>
						<textcolor>grey2</textcolor>
						<selectedcolor>selected</selectedcolor>
						<align>left</align>
						<aligny>center</aligny>
						<label>$INFO[ListItem.Label2]</label>
					</control>
				</focusedlayout>
			</control>
			<control type="image">
				<description>LOGO</description>
				<left>796</left>
				<top>1740</top>
				<width>660</width>
				<height>240</height>
				<aspectratio>keep</aspectratio>
				<texture>Confluence_Logo.png</texture>
			</control>
			<control type="group">
				<left>2820</left>
				<top>1800</top>
				<control type="label">
					<left>-1740</left>
					<top>0</top>
					<width>1740</width>
					<height>136</height>
					<font>font12</font>
					<textcolor>grey2</textcolor>
					<align>right</align>
					<aligny>center</aligny>
					<label>$LOCALIZE[31003]</label>
				</control>
				<control type="button" id="20">
					<description>Power push button</description>
					<left>30</left>
					<top>0</top>
					<width>136</width>
					<height>136</height>
					<label />
					<font />
					<onclick>ActivateWindow(ShutdownMenu)</onclick>
					<texturefocus border="5">floor_buttonFO.png</texturefocus>
					<texturenofocus border="5">floor_button.png</texturenofocus>
					<onleft>52</onleft>
					<onright>52</onright>
					<onup>52</onup>
					<ondown>52</ondown>
					<colordiffuse>CCFFFFFF</colordiffuse>
				</control>
				<control type="image">
					<description>Power Icon</description>
					<left>46</left>
					<top>16</top>
					<width>106</width>
					<height>106</height>
					<aspectratio>keep</aspectratio>
					<texture>icon_power.png</texture>
				</control>
			</control>
		</control>
		<control type="group">
			<depth>DepthHeader</depth>
			<include>Clock</include>
			<control type="label">
				<description>Date label</description>
				<right>60</right>
				<top>106</top>
				<width>600</width>
				<height>46</height>
				<align>right</align>
				<aligny>center</aligny>
				<font>font10</font>
				<textcolor>white</textcolor>
				<shadowcolor>black</shadowcolor>
				<label>$INFO[System.Date]</label>
				<include>Window_OpenClose_Animation</include>
				<animation effect="slide" start="0,0" end="-120,0" time="75" condition="Player.Muted">conditional</animation>
			</control>
		</control>
	</controls>
</window>
