<?xml version="1.0" encoding="UTF-8"?>
<includes>
	<!-- HOMESCREEN SETTINGS -->
	<include name="Items">
		<item id="5">
			<label>Rozšířená nastavení</label>
			<label2>Možnosti</label2>
			<visible>Skin.HasSetting(AdvancedSettingsOn)</visible>
		</item>
		<item id="6">
			<label>Nastavení SCC</label>
			<label2>Výběr položek k zobrazení</label2>
			<visible>!Skin.HasSetting(HomeMenuNoSCCButton) + System.AddonIsEnabled(plugin.video.stream-cinema-2-release)</visible>
		</item>
		<item id="8">
			<label>OSD Setting</label>
		</item>
	</include>
	<include name="Ads">
		<item id="9">
			<label>Nepovinné doplňky</label>
			<visible>Skin.HasSetting(AdvancedSettingsOn)</visible>
		</item>
		<item id="7">
			<label>TV reklamy</label>
			<label2>Tip k přeskočení</label2>
		</item>
	</include>
	<!-- GENERAL -->
	<include name="Rating">
		<control type="radiobutton" id="2002">
			<description>Show Rating</description>
			<width>2250</width>
			<height>120</height>
			<font>font13</font>
			<textcolor>grey2</textcolor>
			<focusedcolor>white</focusedcolor>
			<label>Zobrazit hodnocení</label>
			<onclick>Skin.ToggleSetting(RatingOn)</onclick>
			<selected>Skin.HasSetting(RatingOn)</selected>
			<texturefocus>MenuItemFO.png</texturefocus>
			<texturenofocus>MenuItemNF.png</texturenofocus>
		</control>
		<control type="radiobutton" id="2003">
			<description>Splash</description>
			<width>2250</width>
			<height>120</height>
			<font>font13</font>
			<textcolor>grey2</textcolor>
			<focusedcolor>white</focusedcolor>
			<label>Zakázat splash</label>
			<onclick>Skin.ToggleSetting(HomeMenuNoSplash)</onclick>
			<selected>Skin.HasSetting(HomeMenuNoSplash)</selected>
			<texturefocus>MenuItemFO.png</texturefocus>
			<texturenofocus>MenuItemNF.png</texturenofocus>
		</control>
	</include>
	<!-- HOMESCREEN -->
	<include name="HomeScreen">
		<control type="label" id="2010">
			<width>2250</width>
			<height>136</height>
			<font>font13_title</font>
			<label>Povolit rozšířená nastavení</label>
			<textcolor>blue</textcolor>
			<shadowcolor>black</shadowcolor>
			<align>left</align>
			<aligny>center</aligny>
		</control>
		<control type="radiobutton" id="2011">
			<description>Hide SCC</description>
			<width>2250</width>
			<height>120</height>
			<font>font13</font>
			<textcolor>grey2</textcolor>
			<focusedcolor>white</focusedcolor>
			<label>$LOCALIZE[31111] - Stream Cinema Community</label>
			<onclick>Skin.ToggleSetting(HomeMenuNoSCCButton)</onclick>
			<selected>Skin.HasSetting(HomeMenuNoSCCButton)</selected>
			<texturefocus>MenuItemFO.png</texturefocus>
			<texturenofocus>MenuItemNF.png</texturenofocus>
			<visible>System.AddonIsEnabled(plugin.video.stream-cinema-2-release)</visible>
		</control>
		<control type="radiobutton" id="2012">
			<description>Show Advanced Settings</description>
			<width>2250</width>
			<height>120</height>
			<font>font13</font>
			<textcolor>grey2</textcolor>
			<focusedcolor>white</focusedcolor>
			<label>Zobrazit rozšířená nastavení</label>
			<onclick>Skin.ToggleSetting(AdvancedSettingsOn)</onclick>
			<selected>Skin.HasSetting(AdvancedSettingsOn)</selected>
			<texturefocus>MenuItemFO.png</texturefocus>
			<texturenofocus>MenuItemNF.png</texturenofocus>
		</control>
		<control type="radiobutton" id="2013">
			<description>Hide favourites</description>
			<width>2250</width>
			<height>120</height>
			<font>font13</font>
			<textcolor>grey2</textcolor>
			<focusedcolor>white</focusedcolor>
			<label>$LOCALIZE[31111] - Oblíbené</label>
			<onclick>Skin.ToggleSetting(HomeMenuNoFavouritesButton)</onclick>
			<selected>Skin.HasSetting(HomeMenuNoFavouritesButton)</selected>
			<texturefocus>MenuItemFO.png</texturefocus>
			<texturenofocus>MenuItemNF.png</texturenofocus>
		</control>
		<control type="radiobutton" id="2014">
			<description>Hide power</description>
			<width>2250</width>
			<height>120</height>
			<font>font13</font>
			<textcolor>grey2</textcolor>
			<focusedcolor>white</focusedcolor>
			<label>$LOCALIZE[31111] - Vypnuto</label>
			<onclick>Skin.ToggleSetting(HomeMenuNoPowerButton)</onclick>
			<selected>Skin.HasSetting(HomeMenuNoPowerButton)</selected>
			<texturefocus>MenuItemFO.png</texturefocus>
			<texturenofocus>MenuItemNF.png</texturenofocus>
		</control>
		<control type="radiobutton" id="2015">
			<description>Show EmuELEC</description>
			<width>2250</width>
			<height>120</height>
			<font>font13</font>
			<textcolor>grey2</textcolor>
			<focusedcolor>white</focusedcolor>
			<label>$LOCALIZE[31111] - EmuELEC</label>
			<onclick>Skin.ToggleSetting(HomeMenuNoEmuElecButton)</onclick>
			<selected>Skin.HasSetting(HomeMenuNoEmuElecButton)</selected>
			<texturefocus>MenuItemFO.png</texturefocus>
			<texturenofocus>MenuItemNF.png</texturenofocus>
			<visible>System.AddonIsEnabled(script.emuelec.amlogic-ng.launcher)</visible>
		</control>
		<!-- <control type="button" id="2016"> -->
		<!-- <description>pořadí</description> -->
		<!-- <width>750</width> -->
		<!-- <height>60</height> -->
		<!-- <font>font13</font> -->
		<!-- <textcolor>grey2</textcolor> -->
		<!-- <focusedcolor>white</focusedcolor> -->
		<!-- <label>Změnit pořadí hlavní nabídky</label> -->
		<!-- <onclick>Skin.SelectBool(424, 31965|set1, 31966|set2, 31967|set3, 31968|default)</onclick> -->
		<!-- <label2>$VAR[SkinSettingHomeItemsLabel2Var]</label2> -->
		<!-- <texturefocus>MenuItemFO.png</texturefocus> -->
		<!-- <texturenofocus>MenuItemNF.png</texturenofocus> -->
		<!-- </control> -->
	</include>
	<!-- ADVACED SETTINGS -->
	<!-- ROZŠÍŘENÁ NASTAVENÍ DOMOVSKÉ OBRAZOVKY -->
	<include name="AdvancedSettings">
		<control type="group">
			<control type="grouplist" id="9005">
				<visible>Container(9000).Hasfocus(5)</visible>
				<left>870</left>
				<top>180</top>
				<width>2250</width>
				<height>2000</height>
				<itemgap>-2</itemgap>
				<pagecontrol>60</pagecontrol>
				<onleft>9000</onleft>
				<onright>60</onright>
				<onup>9005</onup>
				<ondown>9005</ondown>
				<control type="label" id="500">
					<width>1500</width>
					<height>136</height>
					<font>font13_title</font>
					<label>Rozšířená nastavení domovské obrazovky</label>
					<textcolor>blue</textcolor>
					<shadowcolor>black</shadowcolor>
					<align>left</align>
					<aligny>center</aligny>
				</control>
				<control type="radiobutton" id="501">
					<description>Show Infobox</description>
					<width>2250</width>
					<height>120</height>
					<font>font13</font>
					<textcolor>grey2</textcolor>
					<focusedcolor>white</focusedcolor>
					<label>Zobrazit infobox</label>
					<onclick>Skin.ToggleSetting(InfoboxOn)</onclick>
					<selected>Skin.HasSetting(InfoboxOn)</selected>
					<texturefocus>MenuItemFO.png</texturefocus>
					<texturenofocus>MenuItemNF.png</texturenofocus>
				</control>
				<control type="radiobutton" id="502">
					<description>enable logo</description>
					<width>2250</width>
					<height>120</height>
					<font>font13</font>
					<textcolor>grey2</textcolor>
					<focusedcolor>white</focusedcolor>
					<label>Zobrazit logo</label>
					<onclick>Skin.ToggleSetting(LogoOn)</onclick>
					<selected>Skin.HasSetting(LogoOn)</selected>
					<texturefocus>MenuItemFO.png</texturefocus>
					<texturenofocus>MenuItemNF.png</texturenofocus>
				</control>
				<control type="radiobutton" id="504">
					<description>Show Holidays</description>
					<width>2250</width>
					<height>120</height>
					<font>font13</font>
					<textcolor>grey2</textcolor>
					<focusedcolor>white</focusedcolor>
					<label>Zobrazit kalendář</label>
					<onclick>Skin.ToggleSetting(HolidaysOn)</onclick>
					<selected>Skin.HasSetting(HolidaysOn)</selected>
					<texturefocus>MenuItemFO.png</texturefocus>
					<texturenofocus>MenuItemNF.png</texturenofocus>
					<visible>System.AddonIsEnabled(service.holidays)</visible>
				</control>
				<control type="radiobutton" id="505">
					<description>Show Datum</description>
					<width>2250</width>
					<height>120</height>
					<font>font13</font>
					<textcolor>grey2</textcolor>
					<focusedcolor>white</focusedcolor>
					<label>Zobrazit datum</label>
					<onclick>Skin.ToggleSetting(DatumOn)</onclick>
					<selected>Skin.HasSetting(DatumOn)</selected>
					<texturefocus>MenuItemFO.png</texturefocus>
					<texturenofocus>MenuItemNF.png</texturenofocus>
				</control>
				<control type="label" id="506">
					<width>2250</width>
					<height>136</height>
					<font>font13_title</font>
					<label>Možnosti infoboxu</label>
					<textcolor>blue</textcolor>
					<shadowcolor>black</shadowcolor>
					<align>left</align>
					<aligny>center</aligny>
					<visible>Skin.HasSetting(InfoboxOn)</visible>
				</control>
				<control type="radiobutton" id="507">
					<description>Show FPS</description>
					<width>2250</width>
					<height>120</height>
					<font>font13</font>
					<textcolor>grey2</textcolor>
					<focusedcolor>white</focusedcolor>
					<label>Zobrazit frekvenci (FPS)</label>
					<onclick>Skin.ToggleSetting(show_FPS)</onclick>
					<selected>Skin.HasSetting(show_FPS)</selected>
					<texturefocus>MenuItemFO.png</texturefocus>
					<texturenofocus>MenuItemNF.png</texturenofocus>
					<visible>Skin.HasSetting(InfoboxOn)</visible>
				</control>
				<control type="radiobutton" id="508">
					<description>Show RX/TX</description>
					<width>2250</width>
					<height>120</height>
					<font>font13</font>
					<textcolor>grey2</textcolor>
					<focusedcolor>white</focusedcolor>
					<label>Zobrazit datový tok</label>
					<onclick>Skin.ToggleSetting(show_RXTX)</onclick>
					<selected>Skin.HasSetting(show_RXTX)</selected>
					<texturefocus>MenuItemFO.png</texturefocus>
					<texturenofocus>MenuItemNF.png</texturenofocus>
					<visible>Skin.HasSetting(InfoboxOn) + System.AddonIsEnabled(service.netspeed.monitor)</visible>
				</control>
				<control type="radiobutton" id="509">
					<description>Show CPU Temp</description>
					<width>2250</width>
					<height>120</height>
					<font>font13</font>
					<textcolor>grey2</textcolor>
					<focusedcolor>white</focusedcolor>
					<label>Zobrazit CPU info</label>
					<onclick>Skin.ToggleSetting(show_CPUTemp)</onclick>
					<selected>Skin.HasSetting(show_CPUTemp)</selected>
					<texturefocus>MenuItemFO.png</texturefocus>
					<texturenofocus>MenuItemNF.png</texturenofocus>
					<visible>Skin.HasSetting(InfoboxOn) + !System.Platform.Android</visible>
				</control>
				<control type="radiobutton" id="510">
					<description>Show MEM</description>
					<width>2250</width>
					<height>120</height>
					<font>font13</font>
					<textcolor>grey2</textcolor>
					<focusedcolor>white</focusedcolor>
					<label>Zobrazit využití paměti RAM</label>
					<onclick>Skin.ToggleSetting(show_MEM)</onclick>
					<selected>Skin.HasSetting(show_MEM)</selected>
					<texturefocus>MenuItemFO.png</texturefocus>
					<texturenofocus>MenuItemNF.png</texturenofocus>
					<visible>Skin.HasSetting(InfoboxOn)</visible>
				</control>
				<control type="radiobutton" id="511">
					<description>inet/network</description>
					<width>2250</width>
					<height>120</height>
					<font>font13</font>
					<textcolor>grey2</textcolor>
					<focusedcolor>white</focusedcolor>
					<label>Zobrazit dostupnost sítě</label>
					<onclick>Skin.ToggleSetting(show_net)</onclick>
					<selected>Skin.HasSetting(show_net)</selected>
					<texturefocus>MenuItemFO.png</texturefocus>
					<texturenofocus>MenuItemNF.png</texturenofocus>
					<visible>Skin.HasSetting(InfoboxOn) + System.AddonIsEnabled(service.ping.monitor)</visible>
				</control>
				<control type="radiobutton" id="512">
					<description>server</description>
					<width>2250</width>
					<height>120</height>
					<font>font13</font>
					<textcolor>grey2</textcolor>
					<focusedcolor>white</focusedcolor>
					<label>Zobrazit dostupnost NAS</label>
					<onclick>Skin.ToggleSetting(show_nas)</onclick>
					<selected>Skin.HasSetting(show_nas)</selected>
					<texturefocus>MenuItemFO.png</texturefocus>
					<texturenofocus>MenuItemNF.png</texturenofocus>
					<visible>Skin.HasSetting(InfoboxOn) + System.AddonIsEnabled(service.ping.monitor)</visible>
				</control>
				<control type="radiobutton" id="513">
					<description>SCC</description>
					<width>2250</width>
					<height>120</height>
					<font>font13</font>
					<textcolor>grey2</textcolor>
					<focusedcolor>white</focusedcolor>
					<label>Zobrazit dostupnost SCC</label>
					<onclick>Skin.ToggleSetting(show_scc)</onclick>
					<selected>Skin.HasSetting(show_scc)</selected>
					<texturefocus>MenuItemFO.png</texturefocus>
					<texturenofocus>MenuItemNF.png</texturenofocus>
					<visible>Skin.HasSetting(InfoboxOn) + System.AddonIsEnabled(service.scc.availability)</visible>
				</control>
			</control>
		</control>
		<!-- <control type="scrollbar" id="60"> -->
		<!-- <left>1590</left> -->
		<!-- <top>90</top> -->
		<!-- <width>37</width> -->
		<!-- <height>795</height> -->
		<!-- <texturesliderbackground border="0,14,0,14">ScrollBarV.png</texturesliderbackground> -->
		<!-- <texturesliderbar border="0,14,0,14">ScrollBarV_bar.png</texturesliderbar> -->
		<!-- <texturesliderbarfocus border="0,14,0,14">ScrollBarV_bar_focus.png</texturesliderbarfocus> -->
		<!-- <textureslidernib>ScrollBarNib.png</textureslidernib> -->
		<!-- <textureslidernibfocus>ScrollBarNib.png</textureslidernibfocus> -->
		<!-- <onleft>9005</onleft> -->
		<!-- <onright>9005</onright> -->
		<!-- <showonepage>false</showonepage> -->
		<!-- <orientation>vertical</orientation> -->
		<!-- <visible>Container(9000).Hasfocus(5)</visible> -->
		<!-- </control> -->
		<control type="group">
			<control type="grouplist" id="9006">
				<visible>Container(9000).Hasfocus(6)</visible>
				<left>870</left>
				<top>180</top>
				<width>2250</width>
				<height>2000</height>
				<itemgap>-2</itemgap>
				<pagecontrol>60</pagecontrol>
				<onleft>9000</onleft>
				<onright>62</onright>
				<onup>9006</onup>
				<ondown>9006</ondown>
				<visible>!Skin.HasSetting(HomeMenuNoSCCButton) + System.AddonIsEnabled(plugin.video.stream-cinema-2-release)</visible>
				<control type="label" id="600">
					<width>2250</width>
					<height>136</height>
					<font>font13_title</font>
					<label>Výběr položek k zobrazení</label>
					<textcolor>blue</textcolor>
					<shadowcolor>black</shadowcolor>
					<align>left</align>
					<aligny>center</aligny>
				</control>
				<control type="radiobutton" id="601">
					<description>videos</description>
					<width>2250</width>
					<height>120</height>
					<font>font13</font>
					<textcolor>grey2</textcolor>
					<focusedcolor>white</focusedcolor>
					<label>- Videa</label>
					<onclick>Skin.ToggleSetting(MoviesOn)</onclick>
					<selected>Skin.HasSetting(MoviesOn)</selected>
					<texturefocus>MenuItemFO.png</texturefocus>
					<texturenofocus>MenuItemNF.png</texturenofocus>
				</control>
				<control type="radiobutton" id="602">
					<description>tvshows</description>
					<width>2250</width>
					<height>120</height>
					<font>font13</font>
					<textcolor>grey2</textcolor>
					<focusedcolor>white</focusedcolor>
					<label>- Seriály</label>
					<onclick>Skin.ToggleSetting(TVShowsOn)</onclick>
					<selected>Skin.HasSetting(TVShowsOn)</selected>
					<texturefocus>MenuItemFO.png</texturefocus>
					<texturenofocus>MenuItemNF.png</texturenofocus>
				</control>
				<control type="radiobutton" id="603">
					<description>history</description>
					<width>2250</width>
					<height>136</height>
					<font>font13</font>
					<textcolor>grey2</textcolor>
					<focusedcolor>white</focusedcolor>
					<label>- Historie sledování</label>
					<onclick>Skin.ToggleSetting(HistoryOn)</onclick>
					<selected>Skin.HasSetting(HistoryOn)</selected>
					<texturefocus>MenuItemFO.png</texturefocus>
					<texturenofocus>MenuItemNF.png</texturenofocus>
				</control>
				<control type="radiobutton" id="604">
					<description>continue watching</description>
					<width>2250</width>
					<height>120</height>
					<font>font13</font>
					<textcolor>grey2</textcolor>
					<focusedcolor>white</focusedcolor>
					<label>- Pokračovat ve sledování</label>
					<onclick>Skin.ToggleSetting(ContinueWatchingOn)</onclick>
					<selected>Skin.HasSetting(ContinueWatchingOn)</selected>
					<texturefocus>MenuItemFO.png</texturefocus>
					<texturenofocus>MenuItemNF.png</texturenofocus>
				</control>
				<control type="radiobutton" id="605">
					<description>tema</description>
					<width>2250</width>
					<height>120</height>
					<font>font13</font>
					<textcolor>grey2</textcolor>
					<focusedcolor>white</focusedcolor>
					<label>- Tématické seznamy</label>
					<onclick>Skin.ToggleSetting(ThemaListsOn)</onclick>
					<selected>Skin.HasSetting(ThemaListsOn)</selected>
					<texturefocus>MenuItemFO.png</texturefocus>
					<texturenofocus>MenuItemNF.png</texturenofocus>
				</control>
				<control type="radiobutton" id="606">
					<description>trakt</description>
					<width>2250</width>
					<height>136</height>
					<font>font13</font>
					<textcolor>grey2</textcolor>
					<focusedcolor>white</focusedcolor>
					<label>- Trakt</label>
					<onclick>Skin.ToggleSetting(TraktOn)</onclick>
					<selected>Skin.HasSetting(TraktOn)</selected>
					<texturefocus>MenuItemFO.png</texturefocus>
					<texturenofocus>MenuItemNF.png</texturenofocus>
				</control>
				<control type="radiobutton" id="607">
					<description>anime</description>
					<width>2250</width>
					<height>136</height>
					<font>font13</font>
					<textcolor>grey2</textcolor>
					<focusedcolor>white</focusedcolor>
					<label>- Anime</label>
					<onclick>Skin.ToggleSetting(AnimeOn)</onclick>
					<selected>Skin.HasSetting(AnimeOn)</selected>
					<texturefocus>MenuItemFO.png</texturefocus>
					<texturenofocus>MenuItemNF.png</texturenofocus>
				</control>
				<control type="radiobutton" id="608">
					<description>concerts</description>
					<width>2250</width>
					<height>136</height>
					<font>font13</font>
					<textcolor>grey2</textcolor>
					<focusedcolor>white</focusedcolor>
					<label>- Koncerty</label>
					<onclick>Skin.ToggleSetting(ConcertsOn)</onclick>
					<selected>Skin.HasSetting(ConcertsOn)</selected>
					<texturefocus>MenuItemFO.png</texturefocus>
					<texturenofocus>MenuItemNF.png</texturenofocus>
				</control>
				<control type="radiobutton" id="609">
					<description>download</description>
					<width>2250</width>
					<height>136</height>
					<font>font13</font>
					<textcolor>grey2</textcolor>
					<focusedcolor>white</focusedcolor>
					<label>- Stahování</label>
					<onclick>Skin.ToggleSetting(DownloadOn)</onclick>
					<selected>Skin.HasSetting(DownloadOn)</selected>
					<texturefocus>MenuItemFO.png</texturefocus>
					<texturenofocus>MenuItemNF.png</texturenofocus>
				</control>
				<control type="radiobutton" id="610">
					<description>filter</description>
					<width>2250</width>
					<height>120</height>
					<font>font13</font>
					<textcolor>grey2</textcolor>
					<focusedcolor>white</focusedcolor>
					<label>- Filtry</label>
					<onclick>Skin.ToggleSetting(FilterOn)</onclick>
					<selected>Skin.HasSetting(FilterOn)</selected>
					<texturefocus>MenuItemFO.png</texturefocus>
					<texturenofocus>MenuItemNF.png</texturenofocus>
				</control>
				<control type="radiobutton" id="611">
					<description>settings</description>
					<width>2250</width>
					<height>120</height>
					<font>font13</font>
					<textcolor>grey2</textcolor>
					<focusedcolor>white</focusedcolor>
					<label>- Nastavení</label>
					<onclick>Skin.ToggleSetting(SettingsOn)</onclick>
					<selected>Skin.HasSetting(SettingsOn)</selected>
					<texturefocus>MenuItemFO.png</texturefocus>
					<texturenofocus>MenuItemNF.png</texturenofocus>
				</control>
			</control>
		</control>
		<control type="group">
			<control type="grouplist" id="9009">
				<visible>Container(9000).Hasfocus(9)</visible>
				<left>870</left>
				<top>180</top>
				<width>2250</width>
				<height>1060</height>
				<itemgap>-2</itemgap>
				<pagecontrol>60</pagecontrol>
				<onleft>9000</onleft>
				<onright>62</onright>
				<onup>9009</onup>
				<ondown>9009</ondown>
				<control type="label" id="912">
					<width>2250</width>
					<height>136</height>
					<font>font13_title</font>
					<label>Nepovinné doplňky</label>
					<textcolor>blue</textcolor>
					<shadowcolor>black</shadowcolor>
					<align>left</align>
					<aligny>center</aligny>
				</control>
				<control type="radiobutton" id="913">
					<description>ping addon</description>
					<width>2250</width>
					<height>120</height>
					<font>font13</font>
					<textcolor>grey2</textcolor>
					<focusedcolor>white</focusedcolor>
					<label>Ping Monitor $INFO[System.AddonVersion(service.ping.monitor),(,)]</label>
					<onclick condition="!System.HasAddon(service.holidays)">InstallAddon(service.ping.monitor)</onclick>
					<onclick condition="System.HasAddon(service.holidays)">Addon.OpenSettings(service.ping.monitor)</onclick>
					<selected>System.HasAddon(service.ping.monitor)</selected>
					<texturefocus>MenuItemFO.png</texturefocus>
					<texturenofocus>MenuItemNF.png</texturenofocus>
				</control>
				<control type="radiobutton" id="914">
					<description>netspeed addon</description>
					<width>2250</width>
					<height>120</height>
					<font>font13</font>
					<textcolor>grey2</textcolor>
					<focusedcolor>white</focusedcolor>
					<label>Netspeed Monitor $INFO[System.AddonVersion(service.netspeed.monitor),(,)]</label>
					<onclick condition="!System.HasAddon(service.holidays)">InstallAddon(service.netspeed.monitor)</onclick>
					<onclick condition="System.HasAddon(service.holidays)">Addon.OpenSettings(service.netspeed.monitor)</onclick>
					<selected>System.HasAddon(service.netspeed.monitor)</selected>
					<texturefocus>MenuItemFO.png</texturefocus>
					<texturenofocus>MenuItemNF.png</texturenofocus>
				</control>
				<control type="radiobutton" id="915">
					<description>holidays addon</description>
					<width>2250</width>
					<height>120</height>
					<font>font13</font>
					<textcolor>grey2</textcolor>
					<focusedcolor>white</focusedcolor>
					<label>Jmeniny $INFO[System.AddonVersion(service.holidays),(,)]</label>
					<onclick condition="!System.HasAddon(service.holidays)">InstallAddon(service.holidays)</onclick>
					<onclick condition="System.HasAddon(service.holidays)">Addon.OpenSettings(service.holidays)</onclick>
					<selected>System.HasAddon(service.holidays)</selected>
					<texturefocus>MenuItemFO.png</texturefocus>
					<texturenofocus>MenuItemNF.png</texturenofocus>
				</control>
				<control type="radiobutton" id="916">
					<description>birthday addon</description>
					<width>2250</width>
					<height>120</height>
					<font>font13</font>
					<textcolor>grey2</textcolor>
					<focusedcolor>white</focusedcolor>
					<label>Narozeniny $INFO[System.AddonVersion(service.birthdays.reminder),(,)]</label>
					<onclick condition="!System.HasAddon(service.holidays)">InstallAddon(service.birthdays.reminder)</onclick>
					<onclick condition="System.HasAddon(service.holidays)">Addon.OpenSettings(service.birthdays.reminder)</onclick>
					<selected>System.HasAddon(service.birthdays.reminder)</selected>
					<texturefocus>MenuItemFO.png</texturefocus>
					<texturenofocus>MenuItemNF.png</texturenofocus>
				</control>
				<control type="radiobutton" id="917">
					<description>scc monitor addon</description>
					<width>2250</width>
					<height>120</height>
					<font>font13</font>
					<textcolor>grey2</textcolor>
					<focusedcolor>white</focusedcolor>
					<label>SCC Monitor $INFO[System.AddonVersion(service.scc.monitor),(,)]</label>
					<onclick condition="!System.HasAddon(service.scc.monitor)">InstallAddon(service.scc.monitor)</onclick>
					<onclick condition="System.HasAddon(service.scc.monitor)">Addon.OpenSettings(service.scc.monitor)</onclick>
					<selected>System.HasAddon(service.scc.monitor)</selected>
					<texturefocus>MenuItemFO.png</texturefocus>
					<texturenofocus>MenuItemNF.png</texturenofocus>
				</control>
			</control>
		</control>
		<control type="group">
			<control type="grouplist" id="9007">
				<visible>Container(9000).Hasfocus(7)</visible>
				<left>870</left>
				<top>180</top>
				<width>2250</width>
				<height>1060</height>
				<itemgap>-2</itemgap>
				<pagecontrol>60</pagecontrol>
				<onleft>9000</onleft>
				<onright>62</onright>
				<onup>9007</onup>
				<ondown>9007</ondown>
				<control type="label" id="700">
					<width>2250</width>
					<height>136</height>
					<font>font13_title</font>
					<label>Návod k aktivaci (funkční jen při zpětném sledování TV nebo archivu TV)</label>
					<textcolor>blue</textcolor>
					<shadowcolor>black</shadowcolor>
					<align>left</align>
					<aligny>center</aligny>
				</control>
				<control type="label" id="700">
					<width>2250</width>
					<height>200</height>
					<font>font13</font>
					<label>Následující kroky činíte na vlastní zodpovědnost.[CR]Pokud si nejste jisti postupem, informaci ignorujte!</label>
					<textcolor>red</textcolor>
					<shadowcolor>black</shadowcolor>
					<align>left</align>
					<aligny>center</aligny>
				</control>
				<control type="textbox" id="701">
					<description>description area</description>
					<left>0</left>
					<top>0</top>
					<width>3200</width>
					<height>400</height>
					<font>font12</font>
					<label>Skin obsahuje uživatelské okno, které umožňuje přeskočit televizní reklamu.[CR]K tomu potřebujete namapování příkazu [B][COLOR yellow]activatewindow(1198)[/COLOR][/B] na volné tlačítko vašeho DO.[CR]Stiskem zvoleného tlačítka během sledování pořadu a volbou stanice přeskočíte podstatnou[CR]část reklamy.[CR][CR]Více k mapování na https://www.xbmc-kodi.cz/prispevek-mapovani-tlacitek-do-tipy-a-triky</label>
					<textcolor>white</textcolor>
					<autoscroll time="3000" delay="4000" repeat="5000">true</autoscroll>
				</control>
			</control>
		</control>
		<control type="group">
			<control type="grouplist" id="9008">
				<visible>Container(9000).Hasfocus(8)</visible>
				<left>870</left>
				<top>180</top>
				<width>2250</width>
				<height>1060</height>
				<itemgap>-2</itemgap>
				<pagecontrol>60</pagecontrol>
				<onleft>9000</onleft>
				<onright>62</onright>
				<onup>9008</onup>
				<ondown>9008</ondown>
				<control type="label" id="800">
					<width>2250</width>
					<height>136</height>
					<font>font13_title</font>
					<label>Setting OSD</label>
					<textcolor>blue</textcolor>
					<shadowcolor>black</shadowcolor>
					<align>left</align>
					<aligny>center</aligny>
				</control>
				<control type="radiobutton" id="801">
					<width>2250</width>
					<height>120</height>
					<font>font13</font>
					<label>Automatically close video OSD</label>
					<textcolor>grey2</textcolor>
					<focusedcolor>white</focusedcolor>
					<texturefocus>MenuItemFO.png</texturefocus>
					<texturenofocus>MenuItemNF.png</texturenofocus>
					<onclick>Skin.ToggleSetting(OSDAutoClose)</onclick>
					<selected>Skin.HasSetting(OSDAutoClose)</selected>
				</control>
				<control type="button" id="802">
					<!-- mod OSD -->
					<width>2250</width>
					<height>120</height>
					<font>font13</font>
					<label>Video OSD autoclose time (seconds)</label>
					<textcolor>grey2</textcolor>
					<focusedcolor>white</focusedcolor>
					<texturefocus>MenuItemFO.png</texturefocus>
					<texturenofocus>MenuItemNF.png</texturenofocus>
					<onclick>Skin.SetNumeric(OSDAutoCloseTime)</onclick>
					<label2>$VAR[SkinSettingOSDAutoCloseTime]</label2>
					<enable>Skin.HasSetting(OSDAutoClose)</enable>
				</control>
			</control>
		</control>
	</include>
	<include name="HomeVideosButton">
		<control type="button" id="416">
			<width>2250</width>
			<height>120</height>
			<font>font13</font>
			<label>$LOCALIZE[24000] [B]6[/B]</label>
			<label2>[COLOR=selected]$INFO[system.addontitle(Skin.String(HomeVideosButton6))][/COLOR]</label2>
			<textcolor>grey2</textcolor>
			<focusedcolor>white</focusedcolor>
			<texturefocus>MenuItemFO.png</texturefocus>
			<texturenofocus>MenuItemNF.png</texturenofocus>
			<onclick>Skin.SetAddon(HomeVideosButton6,xbmc.addon.video)</onclick>
		</control>
		<control type="button" id="417">
			<width>2250</width>
			<height>120</height>
			<font>font13</font>
			<label>$LOCALIZE[24000] [B]7[/B]</label>
			<label2>[COLOR=selected]$INFO[system.addontitle(Skin.String(HomeVideosButton7))][/COLOR]</label2>
			<textcolor>grey2</textcolor>
			<focusedcolor>white</focusedcolor>
			<texturefocus>MenuItemFO.png</texturefocus>
			<texturenofocus>MenuItemNF.png</texturenofocus>
			<onclick>Skin.SetAddon(HomeVideosButton7,xbmc.addon.video)</onclick>
		</control>
	</include>
	<include name="HomeProgramsButton">
		<control type="button" id="446">
			<width>2250</width>
			<height>120</height>
			<font>font13</font>
			<label>$LOCALIZE[24000] [B]6[/B]</label>
			<label2>[COLOR=selected]$INFO[system.addontitle(Skin.String(HomeProgramButton6))][/COLOR]</label2>
			<textcolor>grey2</textcolor>
			<focusedcolor>white</focusedcolor>
			<texturefocus>MenuItemFO.png</texturefocus>
			<texturenofocus>MenuItemNF.png</texturenofocus>
			<onclick>Skin.SetAddon(HomeProgramButton6,xbmc.addon.executable)</onclick>
		</control>
		<control type="button" id="447">
			<width>2250</width>
			<height>120</height>
			<font>font13</font>
			<label>$LOCALIZE[24000] [B]7[/B]</label>
			<label2>[COLOR=selected]$INFO[system.addontitle(Skin.String(HomeProgramButton7))][/COLOR]</label2>
			<textcolor>grey2</textcolor>
			<focusedcolor>white</focusedcolor>
			<texturefocus>MenuItemFO.png</texturefocus>
			<texturenofocus>MenuItemNF.png</texturenofocus>
			<onclick>Skin.SetAddon(HomeProgramButton7,xbmc.addon.executable)</onclick>
		</control>
	</include>
	<!-- SKIN SETTINGS Konec -->
</includes>
