<?xml version="1.0" encoding="UTF-8"?>
<includes>
	<include name="Weather">
		<item id="7">
			<label>31950</label>
			<onclick condition="!String.IsEmpty(Weather.Plugin)">ActivateWindow(Weather)</onclick>
			<onclick condition="String.IsEmpty(Weather.Plugin)">ActivateWindow(servicesettings,weather)</onclick>
			<icon />
			<thumb />
			<visible>[!Skin.HasSetting(HomeMenuNoWeatherButton) + !System.IsMaster] | [!Skin.HasSetting(MasterHomeMenuNoWeatherButton) + System.IsMaster]</visible>
		</item>
	</include>
	<include name="Pictures">
		<item id="4">
			<label>31951</label>
			<onclick>ActivateWindow(Pictures)</onclick>
			<icon />
			<thumb />
			<visible>[!Skin.HasSetting(HomeMenuNoPicturesButton) + !System.IsMaster] | [!Skin.HasSetting(MasterHomeMenuNoPicturesButton) + System.IsMaster]</visible>
		</item>
	</include>
	<include name="Games">
		<item id="14">
			<label>31001</label>
			<onclick>ActivateWindow(Games)</onclick>
			<icon />
			<thumb />
			<visible>[!Skin.HasSetting(HomeMenuNoGamesButton) + !System.IsMaster] | [!Skin.HasSetting(MasterHomeMenuNoGamesButton) + System.IsMaster]</visible>
		</item>
	</include>
	<include name="Radio">
		<item id="13">
			<label>31960</label>
			<onclick>ActivateWindow(RadioChannels)</onclick>
			<icon />
			<thumb />
			<visible>PVR.HasRadioChannels</visible>
		</item>
	</include>
	<include name="TV">
		<item id="12">
			<label>31952</label>
			<onclick>ActivateWindow(TVChannels)</onclick>
			<icon />
			<thumb />
			<visible>PVR.HasTVChannels + !System.HasAddon(pvr.sledovanitv.cz)</visible>
		</item>
		<item id="12">
			<label>SledováníTV</label>
			<!-- mod sledováníTV) -->
			<onclick>ActivateWindow(TVChannels)</onclick>
			<icon />
			<thumb />
			<visible>PVR.HasTVChannels + System.HasAddon(pvr.sledovanitv.cz)</visible>
		</item>
	</include>
	<include name="SCC">
		<item id="15">
			<label>S C C</label>
			<onclick>RunAddon(plugin.video.stream-cinema-2-release)</onclick>
			<onclick>RunScript(special://skin/scripts/scripty/vip.py)</onclick>
			<icon />
			<thumb />
			<visible>System.AddonIsEnabled(plugin.video.stream-cinema-2-release) + !Skin.HasSetting(HomeMenuNoSCCButton)</visible>
		</item>
	</include>
	<include name="Videos">
		<item id="2">
			<label>31953</label>
			<onclick condition="String.IsEqual(Window.Property(VideosDirectLink),True)">ActivateWindow(Videos)</onclick>
			<onclick condition="!String.IsEqual(Window.Property(VideosDirectLink),True)">ActivateWindow(Videos,root)</onclick>
			<icon />
			<thumb />
			<visible>[!Skin.HasSetting(HomeMenuNoVideosButton) + !System.IsMaster] | [!Skin.HasSetting(MasterHomeMenuNoVideosButton) + System.IsMaster]</visible>
		</item>
	</include>
	<include name="Favourites">
		<item id="17">
			<label>31980</label>
			<!-- mod oblíbené) -->
			<!-- <onclick>ActivateWindow(Favourites)</onclick> -->
			<onclick>ActivateWindow(Favouritesbrowser)</onclick>
			<icon />
			<thumb />
			<visible>!Skin.HasSetting(HomeMenuNoFavouritesButton)</visible>
		</item>
	</include>
	<include name="Movies">
		<item id="10">
			<label>31954</label>
			<onclick condition="System.IsMaster | !Skin.HasSetting(HomeMenuMovieUsePlaylist)">ActivateWindow(Videos,MovieTitles,return)</onclick>
			<onclick condition="!System.IsMaster + Skin.HasSetting(HomeMenuMovieUsePlaylist)">ActivateWindow(Videos,$INFO[Skin.String(HomeMenuMoviePlaylist)],return)</onclick>
			<icon />
			<thumb />
			<visible>[[!Skin.HasSetting(HomeMenuNoMovieButton) + !System.IsMaster] | [!Skin.HasSetting(MasterHomeMenuNoMovieButton) + System.IsMaster]] + Library.HasContent(Movies)</visible>
		</item>
	</include>
	<include name="TVShow">
		<item id="11">
			<label>31955</label>
			<onclick condition="System.IsMaster | !Skin.HasSetting(HomeMenuTVShowUsePlaylist)">ActivateWindow(Videos,TVShowTitles,return)</onclick>
			<onclick condition="!System.IsMaster + Skin.HasSetting(HomeMenuTVShowUsePlaylist)">ActivateWindow(Videos,$INFO[Skin.String(HomeMenuTVShowPlaylist)],return)</onclick>
			<icon />
			<thumb />
			<visible>[[!Skin.HasSetting(HomeMenuNoTVShowButton) + !System.IsMaster] | [!Skin.HasSetting(MasterHomeMenuNoTVShowButton) + System.IsMaster]] + Library.HasContent(TVShows)</visible>
		</item>
	</include>
	<include name="Music">
		<item id="3">
			<label>31956</label>
			<onclick condition="[System.IsMaster | !Skin.HasSetting(HomeMenuMusicUsePlaylist)] + String.IsEqual(Window.Property(MusicDirectLink),True)">ActivateWindow(Music)</onclick>
			<onclick condition="[System.IsMaster | !Skin.HasSetting(HomeMenuMusicUsePlaylist)] + !String.IsEqual(Window.Property(MusicDirectLink),True)">ActivateWindow(Music,root)</onclick>
			<onclick condition="!System.IsMaster + Skin.HasSetting(HomeMenuMusicUsePlaylist)">ActivateWindow(Music,$INFO[Skin.String(HomeMenuMusicPlaylist)],return)</onclick>
			<icon />
			<thumb />
			<visible>[!Skin.HasSetting(HomeMenuNoMusicButton) + !System.IsMaster] | [!Skin.HasSetting(MasterHomeMenuNoMusicButton) + System.IsMaster]</visible>
		</item>
	</include>
	<include name="Programs">
		<item id="1">
			<label>31957</label>
			<onclick condition="!System.Platform.Android">ActivateWindow(Programs,Addons,return)</onclick>
			<onclick condition="System.Platform.Android">ActivateWindow(Programs)</onclick>
			<icon />
			<thumb />
			<visible>[!Skin.HasSetting(HomeMenuNoProgramsButton) + !System.IsMaster] | [!Skin.HasSetting(MasterHomeMenuNoProgramsButton) + System.IsMaster]</visible>
		</item>
	</include>
	<include name="DVD">
		<item id="6">
			<label>31958</label>
			<onclick>PlayDVD()</onclick>
			<icon />
			<thumb />
			<visible>System.HasMediaDVD | System.HasMediaAudioCD</visible>
		</item>
	</include>
	<include name="Emuelec">
		<item id="9">
			<!-- mod-emuelec -->
			<label>EMUELEC</label>
			<onclick>RunAddon(script.emuelec.amlogic-ng.launcher)</onclick>
			<icon />
			<thumb />
			<visible>System.AddonIsEnabled(script.emuelec.amlogic-ng.launcher) + !Skin.HasSetting(HomeMenuNoEmuElecButton)</visible>
		</item>
	</include>
	<include name="System">
		<item id="5">
			<label>31959</label>
			<onclick>ActivateWindow(Settings)</onclick>
			<icon />
			<thumb />
			<visible>[!Skin.HasSetting(HomeMenuNoSystemButton) + !System.IsMaster] | System.IsMaster</visible>
		</item>
	</include>
	<include name="HomeEmuelec">
		<item id="9">
			<!-- mod-emuelec -->
			<label>EMUELEC</label>
			<onclick>RunAddon(script.emuelec.amlogic-ng.launcher)</onclick>
			<icon />
			<thumb />
			<visible>System.AddonIsEnabled(script.emuelec.amlogic-ng.launcher) + !Skin.HasSetting(HomeMenuNoEmuElecButton)</visible>
		</item>
	</include>
	<include name="Power">
		<item id="18">
			<label>VYPNOUT</label>
			<!-- mod-vypnout - úmyslně zdvojená položka-->
			<onclick>ActivateWindow(ShutdownMenu)</onclick>
			<icon>-</icon>
			<thumb>-</thumb>
			<visible>!Skin.HasSetting(HomeMenuNoPowerButton)</visible>
			<!-- <visible>true</visible> -->
		</item>
	</include>
</includes>
