<?xml version="1.0" encoding="UTF-8"?>
<includes>
	<include name="VideoHDR">
		<control type="image">
			<description>hdr</description>
			<width>160</width>
			<height>70</height>
			<aspectratio align="left">keep</aspectratio>
			<texture>$VAR[videohdr,flagging/video/,.png]</texture>
		</control>
		<!-- <control type="image"> -->
		<!-- <description>VideoHDR</description> -->
		<!-- <width>85</width> -->
		<!-- <height>35</height> -->
		<!-- <aspectratio align="right">keep</aspectratio> -->
		<!-- <texture>$INFO[ListItem.HdrType,flagging/videohdr/,.png]</texture> -->
		<!-- </control> -->
	</include>
</includes>
