<?xml version="1.0" encoding="UTF-8"?>
<includes>
	<include file="Mod_Calendar.xml" />
	<include file="Mod_Home.xml" />
	<include file="Mod_IncludesHomeMenuItems.xml" />
	<include file="Mod_Infobox.xml" />
	<include file="Mod_ItemInfo.xml" />
	<include file="Mod_SkinSettings.xml" />
	<include file="Mod_Variables.xml" />
	<include file="Mod_ViewsPVRGuide.xml" />
	<include file="Mod_HomeMenu.xml" />
	<include file="Mod_IncludesCodecFlagging.xml" />
	<include name="Mod_Clock">
		<control type="label">
			<description>time label</description>
			<right>20</right>
			<top>30</top>
			<width>700</width>
			<height>90</height>
			<align>right</align>
			<aligny>center</aligny>
			<font>font_clock</font>
			<textcolor>white</textcolor>
			<shadowcolor>black</shadowcolor>
			<label>$INFO[System.Time(hh)]$INFO[Window(Home).Property(Puls)]$INFO[System.Time(mm)]</label>
			<animation effect="slide" start="0,0" end="-80,0" time="75" condition="Player.Muted">conditional</animation>
			<animation effect="slide" start="0,0" end="0,60" time="75" condition="Skin.HasSetting(InfoboxOn)">conditional</animation>
		</control>
		<control type="group">
			<visible>Integer.IsGreater(System.ProfileCount,1)</visible>
			<control type="image">
				<visible>Skin.HasSetting(show_profileavatar)</visible>
				<top>10</top>
				<left>2210</left>
				<width>60</width>
				<height>60</height>
				<animation effect="slide" start="0,0" end="-80,0" time="75" condition="Player.Muted">conditional</animation>
				<texture>$INFO[System.ProfileThumb]</texture>
				<aspectratio>scale</aspectratio>
			</control>
			<control type="label">
				<visible>Skin.HasSetting(show_profilename)</visible>
				<font>font28_title</font>
				<align>right</align>
				<top>10</top>
				<left>1080</left>
				<textcolor>white</textcolor>
				<shadowcolor>black</shadowcolor>
				<aligny>center</aligny>
				<height>60</height>
				<width max="1200">auto</width>
				<animation effect="slide" start="0,0" end="-80,0" time="75" condition="Player.Muted">conditional</animation>
				<label>$INFO[System.ProfileName]</label>
			</control>
		</control>
	</include>
	<include name="VideoRating">
		<visible>!String.IsEmpty(ListItem.Label2) + Skin.HasSetting(RatingOn)</visible>
		<control type="group">
			<visible>Control.IsVisible(50)</visible>
			<left>0</left>
			<top>0</top>
			<align>center</align>
			<control type="image">
				<left>460</left>
				<top>-1780</top>
				<width>140</width>
				<texture>ratings/badge.png</texture>
				<aspectratio>keep</aspectratio>
			</control>
			<control type="label">
				<left>490</left>
				<top>0</top>
				<font>font13</font>
				<textcolor>white</textcolor>
				<selectedcolor>selected</selectedcolor>
				<label>$INFO[ListItem.Rating]</label>
			</control>
		</control>
		<control type="group">
			<visible>Control.IsVisible(500)</visible>
			<left>10</left>
			<top>0</top>
			<align>center</align>
			<control type="image">
				<left>0</left>
				<top>-700</top>
				<width>140</width>
				<texture>ratings/badge.png</texture>
				<aspectratio>keep</aspectratio>
			</control>
			<control type="label">
				<left>24</left>
				<top>30</top>
				<font>font13</font>
				<textcolor>white</textcolor>
				<selectedcolor>selected</selectedcolor>
				<label>$INFO[ListItem.Rating]</label>
			</control>
		</control>
		<control type="group">
			<visible>Control.IsVisible(501)</visible>
			<!-- nedodělané hodnocení -->
			<left>6</left>
			<top>120</top>
			<align>center</align>
			<control type="image">
				<left>0</left>
				<top>120</top>
				<width>140</width>
				<texture>ratings/badge.png</texture>
				<aspectratio>keep</aspectratio>
			</control>
			<control type="label">
				<left>40</left>
				<top>-100</top>
				<font>font13</font>
				<textcolor>white</textcolor>
				<selectedcolor>selected</selectedcolor>
				<label>$INFO[ListItem.Rating]</label>
			</control>
		</control>
	</include>
	<include name="CommonMyButtons">
		<width>1020</width>
		<height>120</height>
		<align>center</align>
		<textwidth>870</textwidth>
		<texturefocus border="25,5,25,5">ShutdownButtonFocus.png</texturefocus>
		<texturenofocus border="25,5,25,5">ShutdownButtonNoFocus.png</texturenofocus>
		<pulseonselect>no</pulseonselect>
		<font>font13</font>
	</include>
	<include name="TestsWindows">
		<width>1020</width>
		<height>120</height>
		<textwidth>870</textwidth>
		<textcolor>grey2</textcolor>
		<focusedcolor>yellow</focusedcolor>
		<textoffsetx>80</textoffsetx>
		<radioposx>760</radioposx>
		<texturefocus border="25,5,25,5">ShutdownButtonNoFocus.png</texturefocus>
		<texturenofocus border="25,5,25,5">ShutdownButtonNoFocus.png</texturenofocus>
		<font>font13</font>
	</include>
	<include name="MyKeyboardButton">
		<width>110</width>
		<height>110</height>
		<texturenofocus border="3">KeyboardKeyNF.png</texturenofocus>
		<texturefocus border="5">KeyboardKey.png</texturefocus>
		<align>center</align>
		<aligny>center</aligny>
		<font>font30</font>
		<focusedcolor>black</focusedcolor>
	</include>
	<include name="MediaRating">
		<!-- EASY+ -->
		<param name="width">255</param>
		<param name="visible">true</param>
		<definition>
			<control type="group">
				<visible>!String.IsEmpty(ListItem.Rating($PARAM[source])) + $PARAM[visible]</visible>
				<width>$PARAM[width]</width>
				<control type="label">
					<left>0</left>
					<width>180</width>
					<height>120</height>
					<align>right</align>
					<aligny>center</aligny>
					<label>$PARAM[text]:</label>
					<font>font12_title</font>
					<textcolor>grey</textcolor>
					<visible>![String.IsEqual(ListItem.Rating($PARAM[source]),ListItem.Rating) + String.IsEqual(ListItem.Votes($PARAM[source]),ListItem.Votes)]</visible>
				</control>
				<control type="label">
					<left>0</left>
					<width>180</width>
					<height>120</height>
					<align>right</align>
					<aligny>center</aligny>
					<label>$PARAM[text]:</label>
					<font>font12_title</font>
					<textcolor>blue</textcolor>
					<visible>String.IsEqual(ListItem.Rating($PARAM[source]),ListItem.Rating) + String.IsEqual(ListItem.Votes($PARAM[source]),ListItem.Votes)</visible>
				</control>
				<control type="group">
					<left>180</left>
					<width>346</width>
					<control type="label">
						<left>20</left>
						<width>280</width>
						<height>120</height>
						<align>left</align>
						<aligny>center</aligny>
						<label>$INFO[ListItem.Rating($PARAM[source])]$INFO[ListItem.Votes($PARAM[source]),/]</label>
						<font>font12</font>
					</control>
					<!-- <include content="MediaFlag"> -->
					<!-- <param name="texture" value="textures/flags/flag.png" /> -->
					<!-- </include> -->
				</control>
			</control>
		</definition>
	</include>
	<include name="AdvancedRating">
		<!-- EASY* -->
		<!-- <param name="infolabel_prefix"></param> -->
		<!-- <param name="resolution_var">$VAR[ResolutionFlagVar]</param> -->
		<param name="visible_left">true</param>
		<definition>
			<control type="grouplist">
				<!-- EASY+ Ratings amd Votes (from left) -->
				<orientation>horizontal</orientation>
				<right>1600</right>
				<top>2000</top>
				<height>140</height>
				<align>left</align>
				<itemgap>0</itemgap>
				<width>2100</width>
				<usecontrolcoords>true</usecontrolcoords>
				<visible>$PARAM[visible_left]</visible>
				<include content="MediaRating">
					<param name="text" value="CSFD" />
					<param name="source" value="csfd" />
				</include>
				<include content="MediaRating">
					<param name="text" value="TMDB" />
					<param name="source" value="tmdb" />
				</include>
				<include content="MediaRating">
					<param name="text" value="Trakt" />
					<param name="source" value="trakt" />
				</include>
				<include content="MediaRating">
					<param name="text" value="TVDB" />
					<param name="source" value="tvdb" />
				</include>
				<include content="MediaRating">
					<param name="text" value="IMDB" />
					<param name="source" value="imdb" />
				</include>
				<include content="MediaRating">
					<param name="text" value="Metacritic" />
					<param name="source" value="Metacritic" />
				</include>
				<include content="MediaRating">
					<param name="text" value="RT" />
					<param name="source" value="Rotten Tomatoes" />
				</include>
			</control>
		</definition>
	</include>
	<include name="ModMediaMenuButtons">
		<control type="radiobutton" id="6061">
			<include>ButtonCommonValues</include>
			<label>Standardní barvy[CR]žánrů</label>
			<onclick>Skin.ToggleSetting(standard_PVRGenres)</onclick>
			<selected>Skin.HasSetting(standard_PVRGenres)</selected>
			<visible>Window.IsActive(MyPVRGuide.xml)</visible>
		</control>
	</include>
	<include name="AdvancedSettingsAnimation">
		<!-- mod řízení svislého posuvu položek podle předvoleb -->
		<animation effect="slide" start="0,0" end="0,60" time="75" condition="Skin.HasSetting(InfoboxOn)">conditional</animation>
		<animation effect="slide" start="0,0" end="0,90" time="75" condition="Skin.HasSetting(HolidaysOn) + System.AddonIsEnabled(service.holidays)">conditional</animation>
		<animation effect="slide" start="0,0" end="0,80" time="75" condition="!String.IsEmpty(Window(Home).Property(Birthday))">conditional</animation>
	</include>
	<include name="ButtonMenu">
		<control type="button" id="18">
			<!-- mod -->
			<description>Reboot from Android</description>
			<include>CommonMyButtons</include>
			<textcolor>yellow</textcolor>
			<focusedcolor>white</focusedcolor>
			<visible>System.PathExist("/dev/system") | System.PathExist("/dev/userdata")</visible>
			<onclick>System.ExecWait("/usr/sbin/rebootfromnand")</onclick>
			<onclick>Reset()</onclick>
			<label>Reboot from eMMC/NAND</label>
		</control>
		<control type="button" id="22">
			<!-- mod -->
			<description>Exit button + TV</description>
			<include>CommonMyButtons</include>
			<textcolor>red</textcolor>
			<focusedcolor>white</focusedcolor>
			<onclick>dialog.close(all,true)</onclick>
			<onclick>System.Exec("/storage/.config/scripts/system/kodioff.sh")</onclick>
			<pulseonselect>no</pulseonselect>
			<label>$LOCALIZE[13012] Kodi + TV</label>
			<visible>System.HasAddon(service.coreelec.settings) + !System.ShowExitButton</visible>
		</control>
		<control type="button" id="21">
			<!-- mod -->
			<description>Restart Kodi</description>
			<include>CommonMyButtons</include>
			<textcolor>cyan</textcolor>
			<focusedcolor>white</focusedcolor>
			<onclick>RestartApp()</onclick>
			<label>Restart Kodi</label>
		</control>
		<control type="button" id="19">
			<!-- mod -->
			<description>Reload Skin</description>
			<include>CommonMyButtons</include>
			<textcolor>lime</textcolor>
			<focusedcolor>white</focusedcolor>
			<label>Reload skin</label>
			<include>Objects_ContextMenuButton</include>
			<onclick>Dialog.Close(all,true)</onclick>
			<onclick>ReloadSkin()</onclick>
		</control>
	</include>
	<include name="AMLogic Video Info">
		<control type="group">
			<depth>DepthOSD+</depth>
			<left>0</left>
			<top>960</top>
			<!-- mod AMLogic Video Info -->
			<control type="label">
				<description>Header</description>
				<left>150</left>
				<top>0</top>
				<width>1130</width>
				<height>50</height>
				<label>AMLogic Video Info</label>
				<align>left</align>
				<aligny>center</aligny>
				<font>font13_title</font>
				<textcolor>blue</textcolor>
				<visible>System.AddonIsEnabled(service.coreelec.settings)</visible>
			</control>
			<control type="label">
				<description>Display mode</description>
				<left>150</left>
				<top>90</top>
				<width>330</width>
				<height>50</height>
				<label>Display mode:</label>
				<align>left</align>
				<aligny>center</aligny>
				<font>font12</font>
				<textcolor>grey2</textcolor>
				<visible>System.AddonIsEnabled(service.coreelec.settings)</visible>
			</control>
			<control type="label">
				<description>Display mode value</description>
				<left>660</left>
				<top>90</top>
				<width>900</width>
				<height>50</height>
				<scroll>true</scroll>
				<label fallback="1446">$INFO[Player.Process(amlogic.displaymode)]</label>
				<align>left</align>
				<aligny>center</aligny>
				<font>font12</font>
				<textcolor>white</textcolor>
				<visible>System.AddonIsEnabled(service.coreelec.settings)</visible>
			</control>
			<control type="label">
				<description>Colour depth</description>
				<left>150</left>
				<top>150</top>
				<width>330</width>
				<height>50</height>
				<label>Color depth:</label>
				<align>left</align>
				<aligny>center</aligny>
				<font>font12</font>
				<textcolor>grey2</textcolor>
				<visible>System.AddonIsEnabled(service.coreelec.settings)</visible>
			</control>
			<control type="label">
				<description>Colour depth value</description>
				<left>660</left>
				<top>150</top>
				<width>900</width>
				<height>50</height>
				<scroll>true</scroll>
				<label fallback="1446">$INFO[Player.Process(amlogic.pixformat)]</label>
				<align>left</align>
				<aligny>center</aligny>
				<font>font12</font>
				<textcolor>white</textcolor>
				<visible>System.AddonIsEnabled(service.coreelec.settings)</visible>
			</control>
			<control type="label">
				<description>eotf</description>
				<left>150</left>
				<top>210</top>
				<width>330</width>
				<height>50</height>
				<label>EOTF:</label>$LOCALIZE[31170]
					<align>left</align><aligny>center</aligny><font>font12</font><textcolor>grey2</textcolor><visible>System.AddonIsEnabled(service.coreelec.settings)</visible></control>
			<control type="label">
				<description>eotf value</description>
				<left>660</left>
				<top>210</top>
				<width>900</width>
				<height>50</height>
				<scroll>true</scroll>
				<label fallback="1446">$INFO[Player.Process(amlogic.eoft_gamut)]</label>
				<align>left</align>
				<aligny>center</aligny>
				<font>font12</font>
				<textcolor>white</textcolor>
				<visible>System.AddonIsEnabled(service.coreelec.settings)</visible>
			</control>
			<control type="label">
				<description>Header</description>
				<left>150</left>
				<top>280</top>
				<width>1130</width>
				<height>50</height>
				<label>Stream info</label>
				<align>left</align>
				<aligny>center</aligny>
				<font>font13_title</font>
				<textcolor>blue</textcolor>
				<visible>System.AddonIsEnabled(service.coreelec.settings)</visible>
			</control>
			<control type="label">
				<description>speed</description>
				<left>150</left>
				<top>360</top>
				<width>480</width>
				<height>50</height>
				<label>Datový tok:</label>
				<align>left</align>
				<aligny>center</aligny>
				<font>font12</font>
				<textcolor>grey2</textcolor>
				<visible>System.AddonIsEnabled(service.netspeed.monitor)</visible>
			</control>
			<control type="label">
				<left>660</left>
				<top>360</top>
				<width>330</width>
				<height>50</height>
				<align>left</align>
				<aligny>center</aligny>
				<font>font12</font>
				<textcolor>white</textcolor>
				<shadowcolor>black</shadowcolor>
				<label>$INFO[Window(Home).Property(RX)] Mbps</label>
				<visible>System.AddonIsEnabled(service.netspeed.monitor)</visible>
			</control>
			<control type="label">
				<description>Cache</description>
				<left>150</left>
				<top>440</top>
				<width>340</width>
				<height>50</height>
				<label>Buffering:</label>
				<align>left</align>
				<aligny>center</aligny>
				<font>font12</font>
				<textcolor>grey2</textcolor>
			</control>
			<control type="label">
				<description>Cache value</description>
				<left>660</left>
				<top>420</top>
				<width>900</width>
				<height>50</height>
				<label>$INFO[Player.CacheLevel,, %]</label>
				<align>left</align>
				<aligny>center</aligny>
				<font>font12</font>
				<textcolor>white</textcolor>
			</control>
			<control type="progress">
				<description>ProgressBarCacheRed</description>
				<left>660</left>
				<top>460</top>
				<width>500</width>
				<height>28</height>
				<info>Player.ProgressCache</info>
				<midtexture border="6,0,6,0" colordiffuse="red">OSDProgressMid.png</midtexture>
				<visible>true</visible>
			</control>
			<control type="progress">
				<description>ProgressBar</description>
				<left>660</left>
				<top>460</top>
				<width>500</width>
				<height>28</height>
				<info>Player.Progress</info>
				<visible>true</visible>
			</control>
			<control type="progress">
				<description>ProgressBar</description>
				<left>660</left>
				<top>460</top>
				<width>500</width>
				<height>28</height>
				<info>System.Memory(used)</info>
			</control>
			<control type="label">
				<description>Header</description>
				<left>150</left>
				<top>530</top>
				<width>1130</width>
				<height>50</height>
				<label>Zdroj</label>
				<align>left</align>
				<aligny>center</aligny>
				<font>font13_title</font>
				<textcolor>blue</textcolor>
				<visible>System.AddonIsEnabled(service.coreelec.settings)</visible>
			</control>
			<control type="label">
				<description>WS Source Server</description>
				<left>150</left>
				<top>610</top>
				<width>2400</width>
				<height>50</height>
				<scroll>true</scroll>
				<label>[COLOR grey2]Přehrávač:[/COLOR] $INFO[Window(10000).Property(DOWNLOADED)]</label>
				<align>left</align>
				<aligny>center</aligny>
				<font>font12</font>
				<textcolor>white</textcolor>
			</control>
			<control type="label">
				<description>WS Source Path</description>
				<left>150</left>
				<top>670</top>
				<width>3600</width>
				<height>50</height>
				<scroll>true</scroll>
				<label>[COLOR grey2]Stream Source:[/COLOR] $INFO[Window(10000).Property(PLAYED)]</label>
				<align>left</align>
				<aligny>center</aligny>
				<font>font12</font>
				<textcolor>white</textcolor>
				<visible>Player.HasVideo</visible>
			</control>
		</control>
	</include>
</includes>
