<?xml version="1.0" encoding="UTF-8"?>
<includes>
	<!-- INFOBOX -->
	<include name="HWInfobar">
		<control type="grouplist">
			<description>HW Info Bar</description>
			<visible>Skin.HasSetting(InfoboxOn)</visible>
			<right>20</right>
			<top>20</top>
			<width>3000</width>
			<height>60</height>
			<align>right</align>
			<itemgap>10</itemgap>
			<orientation>horizontal</orientation>
			<usecontrolcoords>true</usecontrolcoords>
			<control type="label">
				<width>auto</width>
				<aligny>center</aligny>
				<font>font12</font>
				<textcolor>white</textcolor>
				<shadowcolor>black</shadowcolor>
				<label>$INFO[Window(Home).Property(vip_days),VIP: ]</label>
				<visible>true</visible>
			</control>
			<control type="label">
				<width>auto</width>
				<aligny>center</aligny>
				<font>font12</font>
				<textcolor>white</textcolor>
				<shadowcolor>black</shadowcolor>
				<label>RX/TX: [COLOR blue]$INFO[Window(Home).Property(RX)] / $INFO[Window(Home).Property(TX)] Mbps[/COLOR]</label>
				<visible>Skin.HasSetting(show_RXTX) + System.AddonIsEnabled(service.netspeed.monitor)</visible>
				<!-- <visible>Skin.HasSetting(show_RXTX) + System.AddonIsEnabled(service.net)</visible> -->
			</control>
			<control type="label">
				<description>CPU info</description>
				<width>auto</width>
				<aligny>center</aligny>
				<font>font12</font>
				<textcolor>white</textcolor>
				<shadowcolor>black</shadowcolor>
				<label>CPU: [COLOR blue]$INFO[System.CoreUsage(0)]% / $INFO[System.CPUTemperature] / $INFO[System.CpuFrequency][/COLOR]</label>
				<visible>Skin.HasSetting(show_CPUTemp) + System.CpuUsage + System.Platform.Linux + !System.Platform.Android</visible>
			</control>
			<control type="label">
				<description>CPU info</description>
				<width>auto</width>
				<aligny>center</aligny>
				<font>font12</font>
				<textcolor>white</textcolor>
				<shadowcolor>black</shadowcolor>
				<label>CPU: [COLOR blue]$INFO[System.CoreUsage(0)]%/$INFO[System.CPUTemperature]/$INFO[System.CpuFrequency][/COLOR]</label>
				<visible>Skin.HasSetting(show_CPUTemp) + System.CpuUsage + System.Platform.Windows</visible>
			</control>
			<control type="group">
				<description>memory info</description>
				<left>-20</left>
				<top>10</top>
				<width>420</width>
				<height>30</height>
				<visible>Skin.HasSetting(show_MEM)</visible>
				<control type="label">
					<right>90</right>
					<top>10</top>
					<aligny>center</aligny>
					<width>300</width>
					<label>MEM: $INFO[system.memory(used.percent)]</label>
					<font>font12</font>
					<textcolor>white</textcolor>
					<shadowcolor>black</shadowcolor>
					<visible>!System.Platform.Android</visible>
				</control>
				<control type="label">
					<right>90</right>
					<top>10</top>
					<aligny>center</aligny>
					<width>240</width>
					<label>MEM: $INFO[system.memory(used)]</label>
					<font>font12</font>
					<textcolor>white</textcolor>
					<shadowcolor>black</shadowcolor>
					<visible>System.Platform.Android</visible>
				</control>
				<control type="progress">
					<description>ProgressBar</description>
					<left>280</left>
					<top>-6</top>
					<width>140</width>
					<height>28</height>
					<info>System.Memory(used)</info>
				</control>
			</control>
			<control type="label">
				<width>auto</width>
				<aligny>center</aligny>
				<font>font12</font>
				<textcolor>white</textcolor>
				<shadowcolor>black</shadowcolor>
				<label>FPS: [COLOR blue]$INFO[System.FPS] Hz[/COLOR]</label>
				<visible>Skin.HasSetting(show_FPS)</visible>
			</control>
			<control type="image">
				<description>Internet</description>
				<width>60</width>
				<aligny>center</aligny>
				<aspectratio aligny="center" align="center">keep</aspectratio>
				<texture>status/internet.png</texture>
				<visible>String.IsEqual(Window(Home).Property(inet), 0) + Skin.HasSetting(show_net) + System.AddonIsEnabled(service.ping.monitor)</visible>
			</control>
			<control type="image">
				<description>Internet</description>
				<width>60</width>
				<colordiffuse>red</colordiffuse>
				<aspectratio aligny="center" align="center">keep</aspectratio>
				<texture>status/internet.png</texture>
				<visible>String.IsEqual(Window(Home).Property(inet), 1) + Skin.HasSetting(show_net) + System.AddonIsEnabled(service.ping.monitor)</visible>
			</control>
			<control type="image">
				<description>Network</description>
				<width>60</width>
				<aligny>center</aligny>
				<aspectratio aligny="center" align="center">keep</aspectratio>
				<texture>status/network.png</texture>
				<visible>String.IsEqual(Window(Home).Property(router), 0) + Skin.HasSetting(show_net) + System.AddonIsEnabled(service.ping.monitor)</visible>
			</control>
			<control type="image">
				<description>Network</description>
				<width>60</width>
				<colordiffuse>red</colordiffuse>
				<aspectratio aligny="center" align="center">keep</aspectratio>
				<texture>status/network.png</texture>
				<visible>String.IsEqual(Window(Home).Property(router), 1) + Skin.HasSetting(show_net) + System.AddonIsEnabled(service.ping.monitor)</visible>
			</control>
			<control type="image">
				<description>AVR</description>
				<width>80</width>
				<aligny>center</aligny>
				<aspectratio aligny="center" align="center">keep</aspectratio>
				<texture>status/avr.png</texture>
				<visible>String.IsEqual(Window(Home).Property(AVR), 0) + Skin.HasSetting(show_net) + System.AddonIsEnabled(service.ping.monitor)</visible>
			</control>
			<control type="image">
				<description>AVR</description>
				<width>80</width>
				<colordiffuse>red</colordiffuse>
				<aspectratio aligny="center" align="center">keep</aspectratio>
				<texture>status/avr.png</texture>
				<visible>String.IsEqual(Window(Home).Property(AVR), 1) + Skin.HasSetting(show_net) + System.AddonIsEnabled(service.ping.monitor)</visible>
			</control>
			<control type="image">
				<description>NAS</description>
				<width>80</width>
				<aligny>center</aligny>
				<aspectratio aligny="center" align="center">keep</aspectratio>
				<texture>status/nas.png</texture>
				<visible>String.IsEqual(Window(Home).Property(NAS), 0) + Skin.HasSetting(show_nas) + System.AddonIsEnabled(service.ping.monitor)</visible>
			</control>
			<control type="image">
				<description>NAS</description>
				<width>80</width>
				<colordiffuse>red</colordiffuse>
				<aspectratio aligny="center" align="center">keep</aspectratio>
				<texture>status/nas.png</texture>
				<visible>String.IsEqual(Window(Home).Property(NAS), 1) + Skin.HasSetting(show_nas) + System.AddonIsEnabled(service.ping.monitor)</visible>
			</control>
			<control type="image">
				<!-- mod shopping vanio -->
				<description>shoping vanio</description>
				<width>80</width>
				<aspectratio aligny="center" align="center">keep</aspectratio>
				<texture>status/shopping.png</texture>
				<visible>String.IsEqual(Window(Home).Property(obchody), False) + String.IsEqual(Window(Home).Property(public_holiday), True) + System.HasAddon(service.holidays)</visible>
			</control>
			<control type="image">
				<!-- mod shopping vanio -->
				<description>shoping vanio</description>
				<width>80</width>
				<colordiffuse>red</colordiffuse>
				<aspectratio aligny="center" align="center">keep</aspectratio>
				<texture>status/shopping.png</texture>
				<visible>String.IsEqual(Window(Home).Property(obchody), True) + String.IsEqual(Window(Home).Property(public_holiday), True) + System.HasAddon(service.holidays)</visible>
			</control>
			<control type="label">
				<description>SCC Availability</description>
				<width>auto</width>
				<aligny>center</aligny>
				<font>font12</font>
				<textcolor>green</textcolor>
				<shadowcolor>black</shadowcolor>
				<label>SCC</label>
				<visible>String.IsEqual(Window(Home).Property(SCCStatus), 0) + Skin.HasSetting(show_scc) + System.AddonIsEnabled(service.scc.availability)</visible>
			</control>
			<control type="label">
				<description>SCC Availability</description>
				<width>auto</width>
				<aligny>center</aligny>
				<font>font12</font>
				<textcolor>red</textcolor>
				<shadowcolor>black</shadowcolor>
				<label>SCC</label>
				<visible>String.IsEqual(Window(Home).Property(SCCStatus), 1) + Skin.HasSetting(show_scc) + System.AddonIsEnabled(service.scc.availability)</visible>
			</control>
		</control>
	</include>
	<!-- INFOBOX Konec -->
</includes>
