<?xml version="1.0" encoding="UTF-8"?>
<includes>
	<include name="Calendar">
		<control type="group">
			<description>Birthday and Holidays</description>
			<right>20</right>
			<top>110</top>
			<width>40</width>
			<height>100</height>
			<animation effect="slide" start="0,0" end="0,50" time="75" condition="Skin.HasSetting(InfoboxOn)">conditional</animation>
			<visible>Skin.HasSetting(HolidaysOn)</visible>
			<control type="label">
				<description>Holidays</description>
				<right>0</right>
				<top>30</top>
				<width>760</width>
				<align>right</align>
				<aligny>center</aligny>
				<font>font12</font>
				<textcolor>white</textcolor>
				<shadowcolor>black</shadowcolor>
				<scroll>true</scroll>
				<label>Jmeniny slaví [B][COLOR orange]$INFO[Window(Home).Property(name_day)][/COLOR][/B]</label>
				<visible>System.AddonIsEnabled(service.holidays)</visible>
			</control>
			<control type="label">
				<description>Holidays</description>
				<right>420</right>
				<top>-150</top>
				<width>1050</width>
				<align>right</align>
				<aligny>center</aligny>
				<font>font12</font>
				<textcolor>white</textcolor>
				<shadowcolor>black</shadowcolor>
				<scroll>true</scroll>
				<label>[B][COLOR red]$INFO[Window(Home).Property(Státní svátek)][/COLOR][/B]</label>
				<visible>String.IsEqual(Window(Home).Property(public_holiday), True) + System.AddonIsEnabled(service.holidays)</visible>
			</control>
			<control type="label">
				<description>birthday</description>
				<right>0</right>
				<top>120</top>
				<width>750</width>
				<align>right</align>
				<aligny>center</aligny>
				<font>font12</font>
				<textcolor>white</textcolor>
				<shadowcolor>black</shadowcolor>
				<label>Narozeniny slaví [B][COLOR orange]$INFO[Window(Home).Property(Birthday)][/COLOR][/B]</label>
				<visible>!String.IsEmpty(Window(Home).Property(Birthday)) + System.AddonIsEnabled(service.birthdays.reminder)</visible>
				<!-- <visible>true</visible> -->
			</control>
		</control>
		<control type="group">
			<description>Day and Date</description>
			<right>340</right>
			<top>70</top>
			<width>40</width>
			<height>150</height>
			<visible>Skin.HasSetting(DatumOn)</visible>
			<animation effect="slide" start="0,0" end="0,-60" time="75" condition="!Skin.HasSetting(InfoboxOn)">conditional</animation>
			<control type="label">
				<description>Date label</description>
				<right>4</right>
				<top>4</top>
				<width>300</width>
				<align>right</align>
				<font>font12</font>
				<textcolor>white</textcolor>
				<shadowcolor>black</shadowcolor>
				<label>$INFO[System.Date(d. MMM)]</label>
				<include>Window_OpenClose_Animation</include>
				<animation effect="slide" start="0,0" end="-80,0" time="75" condition="Player.Muted">conditional</animation>
			</control>
			<control type="label">
				<description>Day label</description>
				<right>4</right>
				<top>52</top>
				<width>300</width>
				<align>right</align>
				<font>font12</font>
				<textcolor>white</textcolor>
				<shadowcolor>black</shadowcolor>
				<label>$INFO[System.Date(DDD)]</label>
				<include>Window_OpenClose_Animation</include>
				<animation effect="slide" start="0,0" end="-80,0" time="75" condition="Player.Muted">conditional</animation>
			</control>
		</control>
		<control type="grouplist">
			<description>weather</description>
			<right>20</right>
			<top>110</top>
			<width>400</width>
			<height>120</height>
			<align>right</align>
			<itemgap>0</itemgap>
			<orientation>horizontal</orientation>
			<!-- <visible>Skin.HasSetting(homepageWeatherinfo) + !String.IsEmpty(Weather.Plugin) + String.IsEmpty(Window(Home).Property(Birthday))</visible> -->
			<visible>Skin.HasSetting(homepageWeatherinfo) + !String.IsEmpty(Weather.Plugin)</visible>
			<include>AdvancedSettingsAnimation</include>
			<!-- mod_include-->
			<control type="label">
				<description>Temp label</description>
				<top>20</top>
				<width>auto</width>
				<aligny>center</aligny>
				<font>font16</font>
				<textcolor>white</textcolor>
				<shadowcolor>black</shadowcolor>
				<label>$INFO[Window(Weather).Property(Current.Temperature)]</label>
			</control>
			<control type="label">
				<description>Temp Units</description>
				<top>40</top>
				<width>auto</width>
				<font>font10</font>
				<aligny>center</aligny>
				<label>$INFO[System.TemperatureUnits]</label>
				<textcolor>white</textcolor>
				<shadowcolor>black</shadowcolor>
			</control>
			<control type="image">
				<description>Weather image</description>
				<top>0</top>
				<width>100</width>
				<height>100</height>
				<aspectratio aligny="center" align="center">keep</aspectratio>
				<texture>$INFO[Weather.ConditionsIcon]</texture>
			</control>
		</control>
	</include>
</includes>
