<?xml version="1.0" encoding="UTF-8"?>
<includes>
	<!-- PVR GUIDE -->
	<include name="ViewsPVRGuideLive">
		<control type="image">
			<!-- mod -->
			<visible>$EXP[epg_event_live]</visible>
			<left>12</left>
			<top>60</top>
			<width>100</width>
			<height>100</height>
			<aspectratio>keep</aspectratio>
			<texture>textures/flags/pvr/live.png</texture>
		</control>
	</include>
	<expression name="epg_event_live">String.Contains(ListItem.Plot,Přímý přenos) | String.Contains(ListItem.Plot,Priamy prenos)</expression>
</includes>
