<?xml version="1.0" encoding="UTF-8"?>
<window>
	<defaultcontrol />
	<controls>
		<control type="visualisation" id="2">
			<!-- FIX ME Music Visualization needs to have an id of 2 in this window to be able to lock or change preset -->
			<description>visualisation</description>
			<left>0</left>
			<top>0</top>
			<width>3840</width>
			<height>2160</height>
		</control>
		<control type="image">
			<description>Fanart Image for Artist</description>
			<left>0</left>
			<top>0</top>
			<width>3840</width>
			<height>2160</height>
			<aspectratio>scale</aspectratio>
			<texture background="true">$INFO[Player.Art(fanart)]</texture>
			<colordiffuse>AAFFFFFF</colordiffuse>
			<visible>!String.IsEmpty(Player.Art(fanart)) + !Skin.HasSetting(HideVisualizationFanart)</visible>
			<fadetime>600</fadetime>
		</control>
		<!-- media infos -->
		<control type="group">
			<depth>DepthOSD</depth>
			<animation effect="fade" time="150">VisibleChange</animation>
			<visible>[Player.ShowInfo | Window.IsActive(MusicOSD)] + ![Window.IsVisible(AddonSettings) | Window.IsVisible(SelectDialog) | Window.IsVisible(VisualisationPresetList) | Window.IsVisible(PVROSDChannels) | Window.IsVisible(PVRChannelGuide) | Window.IsVisible(PVRRadioRDSInfo) | Window.IsVisible(Addon)]</visible>
			<control type="image">
				<left>-60</left>
				<top>-450</top>
				<width>3960</width>
				<height>768</height>
				<texture flipy="true" border="1">HomeNowPlayingBack.png</texture>
			</control>
			<control type="label">
				<description>Partymode Header label</description>
				<left>90</left>
				<top>16</top>
				<width>2400</width>
				<height>76</height>
				<align>left</align>
				<aligny>center</aligny>
				<font>font13</font>
				<textcolor>white</textcolor>
				<shadowcolor>black</shadowcolor>
				<label>$LOCALIZE[589]</label>
				<visible>MusicPartyMode.Enabled</visible>
			</control>
			<control type="label">
				<description>Normal Header label</description>
				<left>90</left>
				<top>16</top>
				<width>2400</width>
				<height>76</height>
				<align>left</align>
				<aligny>center</aligny>
				<font>font13</font>
				<textcolor>white</textcolor>
				<shadowcolor>black</shadowcolor>
				<label>$INFO[musicplayer.Playlistposition,$LOCALIZE[554]: ]$INFO[musicplayer.Playlistlength, / ]</label>
				<visible>!MusicPartyMode.Enabled</visible>
			</control>
			<control type="label">
				<description>Clock label</description>
				<left>1350</left>
				<top>16</top>
				<width>2400</width>
				<height>76</height>
				<align>right</align>
				<aligny>center</aligny>
				<font>font13</font>
				<textcolor>white</textcolor>
				<shadowcolor>black</shadowcolor>
				<label>$INFO[System.Time]</label>
				<animation effect="slide" start="0,0" end="-90,0" time="0" condition="Player.Muted">conditional</animation>
				<animation effect="slide" start="0,0" end="-210,0" time="0" condition="system.getbool(input.enablemouse) + Window.IsVisible(MusicOSD)">conditional</animation>
			</control>
			<control type="image">
				<left>-60</left>
				<top>690r</top>
				<width>3960</width>
				<height>690</height>
				<texture border="1">HomeNowPlayingBack.png</texture>
			</control>
			<control type="image">
				<depth>DepthOSDPopout</depth>
				<description>cover image</description>
				<left>60</left>
				<top>750r</top>
				<width>900</width>
				<height>690</height>
				<texture fallback="DefaultAlbumCover.png">$INFO[Player.Art(thumb)]</texture>
				<aspectratio aligny="bottom">keep</aspectratio>
				<bordertexture infill="false" border="8">ThumbShadow.png</bordertexture>
				<bordersize>8</bordersize>
			</control>
			<control type="group">
				<left>990</left>
				<top>556r</top>
				<control type="label" id="1">
					<description>Heading label</description>
					<left>0</left>
					<top>0</top>
					<width>2730</width>
					<height>76</height>
					<align>left</align>
					<font>font13</font>
					<label>$LOCALIZE[31040]</label>
					<textcolor>white</textcolor>
					<shadowcolor>black</shadowcolor>
					<visible>![MusicPlayer.Content(LiveTV) + [PVR.IsRecordingPlayingChannel | PVR.IsPlayingActiveRecording]]</visible>
					<animation effect="slide" start="0,0" end="0,76" time="0" condition="String.IsEmpty(MusicPlayer.Artist) + String.IsEmpty(MusicPlayer.Album)">conditional</animation>
				</control>
				<control type="image" id="1">
					<top>0</top>
					<width>150</width>
					<height>76</height>
					<aspectratio align="center" aligny="center">keep</aspectratio>
					<texture>PVR-IsRecording.png</texture>
					<visible>MusicPlayer.Content(LiveTV) + [[PVR.IsRecordingPlayingChannel + !Player.ChannelPreviewActive] | PVR.IsPlayingActiveRecording]</visible>
				</control>
				<control type="label" id="1">
					<description>Heading label</description>
					<left>150</left>
					<top>0</top>
					<width>2580</width>
					<height>76</height>
					<align>left</align>
					<aligny>center</aligny>
					<font>font13</font>
					<label>$LOCALIZE[19158]</label>
					<textcolor>white</textcolor>
					<shadowcolor>black</shadowcolor>
					<visible>MusicPlayer.Content(LiveTV) + [[PVR.IsRecordingPlayingChannel + !Player.ChannelPreviewActive] | PVR.IsPlayingActiveRecording]</visible>
				</control>
				<control type="label" id="1">
					<description>Artist label</description>
					<left>60</left>
					<top>90</top>
					<width>2730</width>
					<height>76</height>
					<align>left</align>
					<font>font12</font>
					<label>$INFO[MusicPlayer.Artist]$INFO[MusicPlayer.Album, - ]</label>
					<textcolor>grey2</textcolor>
					<shadowcolor>black</shadowcolor>
				</control>
				<control type="grouplist">
					<left>60</left>
					<top>186</top>
					<width>2730</width>
					<height>106</height>
					<itemgap>16</itemgap>
					<orientation>horizontal</orientation>
					<control type="label">
						<width min="30" max="1914">auto</width>
						<height>60</height>
						<font>font30</font>
						<align>left</align>
						<aligny>center</aligny>
						<label>$INFO[Player.Title]</label>
						<textcolor>orange</textcolor>
						<scroll>true</scroll>
					</control>
					<control type="image">
						<description>Audio Codec Image</description>
						<width>244</width>
						<height>88</height>
						<texture>$INFO[MusicPlayer.Codec,flagging/audio/,.png]</texture>
						<visible>!Player.ChannelPreviewActive</visible>
					</control>
					<control type="group">
						<description>Rating</description>
						<width>516</width>
						<height>88</height>
						<control type="image">
							<description>rating back</description>
							<left>0</left>
							<top>0</top>
							<width>516</width>
							<height>88</height>
							<texture border="5">flagging/blank.png</texture>
						</control>
						<control type="image">
							<description>User Rating</description>
							<left>6</left>
							<top>16</top>
							<width>504</width>
							<height>64</height>
							<texture fallback="ratings/0.png">$INFO[MusicPlayer.UserRating,ratings/,.png]</texture>
						</control>
					</control>
				</control>
				<control type="label">
					<left>0</left>
					<top>360</top>
					<width>2730</width>
					<height>76</height>
					<label>$LOCALIZE[19031]: $INFO[MusicPlayer.offset(1).Artist,, - ]$INFO[MusicPlayer.offset(1).Title]</label>
					<align>center</align>
					<aligny>center</aligny>
					<font>font12</font>
					<textcolor>grey</textcolor>
					<scroll>true</scroll>
					<visible>MusicPlayer.HasNext + !Window.IsVisible(MusicOSD)</visible>
					<animation effect="fade" time="150">VisibleChange</animation>
				</control>
			</control>
			<control type="group">
				<left>990</left>
				<top>286r</top>
				<control type="label">
					<left>0</left>
					<top>0</top>
					<width>300</width>
					<height>120</height>
					<font>font13</font>
					<align>left</align>
					<aligny>center</aligny>
					<label>$INFO[Player.Time(hh:mm:ss)]</label>
				</control>
				<control type="progress">
					<description>Progressbar</description>
					<left>300</left>
					<top>46</top>
					<width>2160</width>
					<height>48</height>
					<info>Player.Progress</info>
				</control>
				<control type="label">
					<left>2460</left>
					<top>0</top>
					<width>300</width>
					<height>120</height>
					<font>font13</font>
					<align>right</align>
					<aligny>center</aligny>
					<label>$INFO[Player.Duration(hh:mm:ss)]</label>
				</control>
			</control>
		</control>
	</controls>
</window>
