<?xml version="1.0" encoding="UTF-8"?>
<window>
	<defaultcontrol always="true">50</defaultcontrol>
	<menucontrol>9000</menucontrol>
	<views>50</views>
	<controls>
		<include>CommonBackground</include>
		<control type="image">
			<left>0</left>
			<top>300r</top>
			<width>3840</width>
			<height>300</height>
			<texture>floor.png</texture>
			<animation effect="fade" time="200" condition="Window.Previous(Home)">WindowOpen</animation>
			<animation effect="fade" time="200" condition="Window.Next(Home)">WindowClose</animation>
		</control>
		<control type="group">
			<include>Window_OpenClose_Animation</include>
			<control type="group">
				<include>VisibleFadeEffect</include>
				<visible>Control.IsVisible(50)</visible>
				<control type="image">
					<left>150</left>
					<top>180</top>
					<width>2520</width>
					<height>1800</height>
					<texture border="15">ContentPanel.png</texture>
				</control>
				<control type="image">
					<left>150</left>
					<top>1956</top>
					<width>2520</width>
					<height>192</height>
					<texture border="15">ContentPanelMirror.png</texture>
				</control>
				<control type="image">
					<left>2700</left>
					<top>180</top>
					<width>990</width>
					<height>1800</height>
					<texture border="15">ContentPanel.png</texture>
				</control>
				<control type="image">
					<left>2700</left>
					<top>1956</top>
					<width>990</width>
					<height>192</height>
					<texture border="15">ContentPanelMirror.png</texture>
				</control>
			</control>
		</control>
		<include>MainWindowMouseButtons</include>
		<include>PVRHeader</include>
		<control type="group">
			<include>Window_OpenClose_Animation</include>
			<description>Recordings group</description>
			<visible>Control.IsVisible(50)</visible>
			<include>VisibleFadeEffect</include>
			<control type="list" id="50">
				<left>210</left>
				<top>226</top>
				<width>2280</width>
				<height>1684</height>
				<onleft>102</onleft>
				<onright>72</onright>
				<onup>50</onup>
				<ondown>50</ondown>
				<viewtype label="535">list</viewtype>
				<pagecontrol>72</pagecontrol>
				<scrolltime>200</scrolltime>
				<itemlayout height="120" width="2280">
					<control type="image">
						<left>0</left>
						<top>0</top>
						<width>2280</width>
						<height>124</height>
						<texture border="2">MenuItemNF.png</texture>
						<include>VisibleFadeEffect</include>
					</control>
					<control type="image">
						<left>30</left>
						<top>16</top>
						<width>90</width>
						<height>90</height>
						<texture background="true" fallback="DefaultVideoCover.png">$INFO[ListItem.ActualIcon]</texture>
						<aspectratio>keep</aspectratio>
					</control>
					<control type="label">
						<left>150</left>
						<top>0</top>
						<width>1816</width>
						<height>120</height>
						<font>font13</font>
						<textcolor>grey2</textcolor>
						<selectedcolor>selected</selectedcolor>
						<align>left</align>
						<aligny>center</aligny>
						<label>$INFO[ListItem.Label,, ]$INFO[ListItem.EpisodeName,(,) ]$INFO[Listitem.Season,,.]$INFO[Listitem.Episode]</label>
					</control>
					<control type="label">
						<left>676</left>
						<top>0</top>
						<width>1500</width>
						<height>120</height>
						<font>font12</font>
						<textcolor>grey2</textcolor>
						<selectedcolor>selected</selectedcolor>
						<align>right</align>
						<aligny>center</aligny>
						<label>$INFO[ListItem.Date]</label>
					</control>
					<control type="image">
						<left>2190</left>
						<top>42</top>
						<width>48</width>
						<height>48</height>
						<texture>OverlayWatching.png</texture>
						<visible>ListItem.IsResumable</visible>
					</control>
					<control type="image">
						<left>2190</left>
						<top>42</top>
						<width>60</width>
						<height>48</height>
						<texture>$INFO[ListItem.Overlay]</texture>
						<aspectratio>keep</aspectratio>
					</control>
				</itemlayout>
				<focusedlayout height="120" width="2280">
					<control type="image">
						<left>0</left>
						<top>0</top>
						<width>2280</width>
						<height>124</height>
						<texture border="2">MenuItemFO.png</texture>
						<visible>Control.HasFocus(50)</visible>
						<include>VisibleFadeEffect</include>
					</control>
					<control type="image">
						<left>0</left>
						<top>0</top>
						<width>2280</width>
						<height>124</height>
						<texture border="2">MenuItemNF.png</texture>
						<include>VisibleFadeEffect</include>
						<visible>!Control.HasFocus(50)</visible>
					</control>
					<control type="image">
						<left>1680</left>
						<top>16</top>
						<width>600</width>
						<height>94</height>
						<texture border="0,0,14,0">MediaItemDetailBG.png</texture>
						<visible>Control.HasFocus(50) + !String.IsEmpty(ListItem.Date)</visible>
					</control>
					<control type="image">
						<left>30</left>
						<top>16</top>
						<width>90</width>
						<height>90</height>
						<texture background="true" fallback="DefaultVideoCover.png">$INFO[ListItem.ActualIcon]</texture>
						<aspectratio>keep</aspectratio>
					</control>
					<control type="label">
						<left>150</left>
						<top>0</top>
						<width>1890</width>
						<height>120</height>
						<font>font13</font>
						<textcolor>white</textcolor>
						<selectedcolor>selected</selectedcolor>
						<align>left</align>
						<aligny>center</aligny>
						<label>$INFO[ListItem.Label,, ]$INFO[ListItem.EpisodeName,(,) ]$INFO[Listitem.Season,,.]$INFO[Listitem.Episode]</label>
					</control>
					<control type="label">
						<left>676</left>
						<top>0</top>
						<width>1500</width>
						<height>120</height>
						<font>font12</font>
						<textcolor>grey2</textcolor>
						<selectedcolor>selected</selectedcolor>
						<align>right</align>
						<aligny>center</aligny>
						<label>$INFO[ListItem.Date]</label>
					</control>
					<control type="image">
						<left>2190</left>
						<top>42</top>
						<width>48</width>
						<height>48</height>
						<texture>OverlayWatching.png</texture>
						<visible>ListItem.IsResumable</visible>
					</control>
					<control type="image">
						<left>2190</left>
						<top>42</top>
						<width>60</width>
						<height>48</height>
						<texture>$INFO[ListItem.Overlay]</texture>
						<aspectratio>keep</aspectratio>
					</control>
				</focusedlayout>
			</control>
			<control type="scrollbar" id="72">
				<left>2550</left>
				<top>234</top>
				<width>76</width>
				<height>1680</height>
				<texturesliderbackground border="0,28,0,28">ScrollBarV.png</texturesliderbackground>
				<texturesliderbar border="0,28,0,28">ScrollBarV_bar.png</texturesliderbar>
				<texturesliderbarfocus border="0,28,0,28">ScrollBarV_bar_focus.png</texturesliderbarfocus>
				<textureslidernib>ScrollBarNib.png</textureslidernib>
				<textureslidernibfocus>ScrollBarNib.png</textureslidernibfocus>
				<onleft>50</onleft>
				<onright>102</onright>
				<showonepage>false</showonepage>
				<orientation>vertical</orientation>
			</control>
			<control type="label">
				<depth>DepthFooter</depth>
				<animation effect="slide" start="0,0" end="-270,0" time="0" condition="system.getbool(input.enablemouse)">Conditional</animation>
				<description>Page Count Label</description>
				<right>120</right>
				<top>160r</top>
				<width>1500</width>
				<height>60</height>
				<font>font12</font>
				<textcolor>grey</textcolor>
				<scroll>false</scroll>
				<align>right</align>
				<aligny>center</aligny>
				<label>([COLOR=blue]$INFO[Container(50).NumItems][/COLOR]) $LOCALIZE[19163] - $LOCALIZE[31024] ([COLOR=blue]$INFO[Container(50).CurrentPage]/$INFO[Container(50).NumPages][/COLOR])</label>
				<include>Window_OpenClose_Animation</include>
			</control>
			<control type="group">
				<left>2730</left>
				<top>240</top>
				<control type="fadelabel">
					<left>30</left>
					<top>0</top>
					<width>870</width>
					<height>76</height>
					<label>$INFO[Container(50).ListItem.Title]$INFO[ListItem.EpisodeName, (,)]</label>
					<align>center</align>
					<aligny>center</aligny>
					<font>font13</font>
					<textcolor>blue</textcolor>
					<shadowcolor>black</shadowcolor>
					<scrollout>false</scrollout>
					<pauseatend>1000</pauseatend>
				</control>
				<control type="textbox">
					<description>Description Value for TV Show</description>
					<left>30</left>
					<top>120</top>
					<width>870</width>
					<height>1366</height>
					<font>font13</font>
					<align>justify</align>
					<textcolor>white</textcolor>
					<label>$INFO[Container(50).ListItem.Plot]</label>
					<autoscroll time="2000" delay="3000" repeat="5000">Skin.HasSetting(AutoScroll)</autoscroll>
				</control>
				<control type="label">
					<description>Disk usage text</description>
					<left>30</left>
					<top>1576</top>
					<width>870</width>
					<height>60</height>
					<label>$INFO[PVR.backenddiskspace]</label>
					<align>center</align>
					<aligny>center</aligny>
					<textcolor>grey</textcolor>
					<shadowcolor>black</shadowcolor>
					<font>font12</font>
					<visible>!Integer.IsGreater(PVR.backenddiskspaceprogr,100)</visible>
				</control>
				<control type="progress">
					<description>Disk usage bar</description>
					<left>30</left>
					<top>1644</top>
					<width>870</width>
					<height>36</height>
					<info>PVR.backenddiskspaceprogr</info>
					<visible>!Integer.IsGreater(PVR.backenddiskspaceprogr,100)</visible>
				</control>
			</control>
		</control>
		<control type="group">
			<depth>DepthFooter</depth>
			<include>CommonNowPlaying</include>
		</control>
		<include>BehindDialogFadeOut</include>
		<include>ScrollOffsetLabel</include>
		<control type="image">
			<left>0</left>
			<top>0</top>
			<width>3840</width>
			<height>2160</height>
			<texture>black-back.png</texture>
			<animation effect="fade" time="300">Visible</animation>
			<animation effect="fade" time="150">Hidden</animation>
			<visible>Window.IsActive(FileBrowser) | Window.IsActive(PVRGuideInfo) | Window.IsActive(PVRRecordingInfo) | Window.IsActive(PVRTimerSetting) | Window.IsActive(PVRGroupManager) | Window.IsActive(PVRGuideSearch)</visible>
		</control>
		<include>PVRSideBlade</include>
	</controls>
</window>
