<?xml version="1.0" encoding="UTF-8"?>
<window>
	<defaultcontrol always="true">50</defaultcontrol>
	<menucontrol>9000</menucontrol>
	<views>50</views>
	<controls>
		<include>CommonBackground</include>
		<control type="image">
			<left>0</left>
			<top>300r</top>
			<width>3840</width>
			<height>300</height>
			<texture>floor.png</texture>
			<animation effect="fade" time="200" condition="Window.Previous(Home)">WindowOpen</animation>
			<animation effect="fade" time="200" condition="Window.Next(Home)">WindowClose</animation>
		</control>
		<control type="group">
			<include>Window_OpenClose_Animation</include>
			<control type="image">
				<left>0</left>
				<top>300r</top>
				<width>3840</width>
				<height>300</height>
				<texture>floor.png</texture>
				<animation effect="fade" time="200" condition="Window.Previous(Home)">WindowOpen</animation>
				<animation effect="fade" time="200" condition="Window.Next(Home)">WindowClose</animation>
			</control>
			<control type="group">
				<include>Window_OpenClose_Animation</include>
				<control type="group">
					<include>VisibleFadeEffect</include>
					<control type="image">
						<left>166</left>
						<top>180</top>
						<width>3510</width>
						<height>1800</height>
						<texture border="15">ContentPanel.png</texture>
					</control>
					<control type="image">
						<left>166</left>
						<top>1956</top>
						<width>3510</width>
						<height>192</height>
						<texture border="15">ContentPanelMirror.png</texture>
					</control>
				</control>
			</control>
		</control>
		<include>MainWindowMouseButtons</include>
		<include>PVRHeader</include>
		<control type="group">
			<include>Window_OpenClose_Animation</include>
			<description>TV Search group</description>
			<visible>Control.IsVisible(50)</visible>
			<include>VisibleFadeEffect</include>
			<control type="group">
				<left>240</left>
				<top>180</top>
				<control type="label">
					<description>Channel label</description>
					<left>0</left>
					<top>60</top>
					<width>660</width>
					<height>60</height>
					<font>font13_title</font>
					<textcolor>white</textcolor>
					<shadowcolor>black</shadowcolor>
					<aligny>center</aligny>
					<label>19148</label>
				</control>
				<control type="label">
					<description>Title header label</description>
					<left>720</left>
					<top>60</top>
					<width>900</width>
					<height>60</height>
					<font>font13_title</font>
					<textcolor>white</textcolor>
					<shadowcolor>black</shadowcolor>
					<aligny>center</aligny>
					<label>369</label>
				</control>
				<control type="label">
					<description>Time label</description>
					<left>2250</left>
					<top>60</top>
					<width>900</width>
					<height>60</height>
					<font>font13_title</font>
					<textcolor>white</textcolor>
					<shadowcolor>black</shadowcolor>
					<aligny>center</aligny>
					<label>21820</label>
				</control>
				<control type="label">
					<description>Status header label</description>
					<left>2940</left>
					<top>60</top>
					<width>420</width>
					<height>60</height>
					<font>font13_title</font>
					<textcolor>white</textcolor>
					<shadowcolor>black</shadowcolor>
					<aligny>center</aligny>
					<label>126</label>
				</control>
				<control type="image">
					<description>separator image</description>
					<left>0</left>
					<top>150</top>
					<width>3300</width>
					<height>1</height>
					<colordiffuse>88FFFFFF</colordiffuse>
					<texture>separator2.png</texture>
				</control>
				<control type="list" id="50">
					<left>0</left>
					<top>166</top>
					<width>3300</width>
					<height>1110</height>
					<onup>50</onup>
					<ondown>50</ondown>
					<onleft>104</onleft>
					<onright>77</onright>
					<pagecontrol>77</pagecontrol>
					<scrolltime>200</scrolltime>
					<itemlayout height="120">
						<control type="image">
							<left>0</left>
							<top>0</top>
							<width>3300</width>
							<height>124</height>
							<texture border="5">MenuItemNF.png</texture>
						</control>
						<control type="group">
							<visible>String.IsEmpty(ListItem.Date)</visible>
							<control type="label">
								<left>150</left>
								<top>0</top>
								<width>1950</width>
								<height>120</height>
								<font>font12</font>
								<aligny>center</aligny>
								<textcolor>grey2</textcolor>
								<selectedcolor>selected</selectedcolor>
								<info>ListItem.Label</info>
							</control>
						</control>
						<control type="group">
							<visible>!String.IsEmpty(ListItem.Date)</visible>
							<control type="image">
								<left>0</left>
								<top>16</top>
								<width>90</width>
								<height>90</height>
								<texture border="1">$INFO[ListItem.Icon]</texture>
								<aspectratio>keep</aspectratio>
								<visible>!String.IsEmpty(ListItem.Icon)</visible>
							</control>
							<control type="label">
								<left>150</left>
								<top>0</top>
								<width>570</width>
								<height>120</height>
								<font>font12</font>
								<aligny>center</aligny>
								<textcolor>grey2</textcolor>
								<selectedcolor>selected</selectedcolor>
								<info>ListItem.ChannelName</info>
								<visible>!String.IsEmpty(ListItem.Icon)</visible>
							</control>
							<control type="label">
								<left>0</left>
								<top>0</top>
								<width>570</width>
								<height>120</height>
								<font>font12</font>
								<aligny>center</aligny>
								<textcolor>grey2</textcolor>
								<selectedcolor>selected</selectedcolor>
								<info>ListItem.ChannelName</info>
								<visible>String.IsEmpty(ListItem.Icon)</visible>
							</control>
							<control type="label">
								<left>720</left>
								<top>0</top>
								<width>1530</width>
								<height>120</height>
								<font>font12</font>
								<aligny>center</aligny>
								<textcolor>grey2</textcolor>
								<selectedcolor>selected</selectedcolor>
								<label>$INFO[ListItem.Label]$INFO[ListItem.EpisodeName, (,)]</label>
							</control>
							<control type="label">
								<left>2250</left>
								<top>0</top>
								<width>690</width>
								<height>120</height>
								<font>font12</font>
								<aligny>center</aligny>
								<textcolor>grey2</textcolor>
								<selectedcolor>selected</selectedcolor>
								<info>ListItem.Date</info>
							</control>
							<control type="label">
								<left>3030</left>
								<top>0</top>
								<width>240</width>
								<height>120</height>
								<font>font10</font>
								<aligny>center</aligny>
								<textcolor>grey2</textcolor>
								<selectedcolor>selected</selectedcolor>
								<label>$VAR[PVRTimerLabel]</label>
							</control>
							<control type="image">
								<left>2940</left>
								<top>30</top>
								<width>60</width>
								<height>60</height>
								<texture>$VAR[PVRTimerIcon]</texture>
							</control>
						</control>
					</itemlayout>
					<focusedlayout height="120">
						<control type="image">
							<left>0</left>
							<top>0</top>
							<width>3300</width>
							<height>124</height>
							<texture border="5">MenuItemNF.png</texture>
						</control>
						<control type="image">
							<left>0</left>
							<top>0</top>
							<width>3300</width>
							<height>124</height>
							<texture border="5">MenuItemFO.png</texture>
							<visible>Control.HasFocus(50)</visible>
						</control>
						<control type="group">
							<visible>String.IsEmpty(ListItem.Date)</visible>
							<control type="label">
								<left>150</left>
								<top>0</top>
								<width>1950</width>
								<height>120</height>
								<font>font12</font>
								<aligny>center</aligny>
								<textcolor>grey2</textcolor>
								<selectedcolor>selected</selectedcolor>
								<info>ListItem.Label</info>
							</control>
						</control>
						<control type="group">
							<visible>!String.IsEmpty(ListItem.Date)</visible>
							<control type="image">
								<left>0</left>
								<top>16</top>
								<width>90</width>
								<height>90</height>
								<texture border="1">$INFO[ListItem.Icon]</texture>
								<aspectratio>keep</aspectratio>
								<visible>!String.IsEmpty(ListItem.Icon)</visible>
							</control>
							<control type="label">
								<left>150</left>
								<top>0</top>
								<width>570</width>
								<height>120</height>
								<font>font12</font>
								<aligny>center</aligny>
								<textcolor>grey2</textcolor>
								<selectedcolor>selected</selectedcolor>
								<info>ListItem.ChannelName</info>
								<visible>!String.IsEmpty(ListItem.Icon)</visible>
							</control>
							<control type="label">
								<left>0</left>
								<top>0</top>
								<width>570</width>
								<height>120</height>
								<font>font12</font>
								<aligny>center</aligny>
								<textcolor>grey2</textcolor>
								<selectedcolor>selected</selectedcolor>
								<info>ListItem.ChannelName</info>
								<visible>String.IsEmpty(ListItem.Icon)</visible>
							</control>
							<control type="label">
								<left>720</left>
								<top>0</top>
								<width>1530</width>
								<height>120</height>
								<font>font12</font>
								<aligny>center</aligny>
								<textcolor>white</textcolor>
								<selectedcolor>selected</selectedcolor>
								<label>$INFO[ListItem.Label]$INFO[ListItem.EpisodeName, (,)]</label>
							</control>
							<control type="label">
								<left>2250</left>
								<top>0</top>
								<width>690</width>
								<height>120</height>
								<font>font12</font>
								<aligny>center</aligny>
								<textcolor>white</textcolor>
								<selectedcolor>selected</selectedcolor>
								<info>ListItem.Date</info>
							</control>
							<control type="label">
								<left>3030</left>
								<top>0</top>
								<width>240</width>
								<height>120</height>
								<font>font10</font>
								<aligny>center</aligny>
								<textcolor>grey2</textcolor>
								<selectedcolor>selected</selectedcolor>
								<label>$VAR[PVRTimerLabel]</label>
							</control>
							<control type="image">
								<left>2940</left>
								<top>30</top>
								<width>60</width>
								<height>60</height>
								<texture>$VAR[PVRTimerIcon]</texture>
							</control>
						</control>
					</focusedlayout>
				</control>
				<control type="scrollbar" id="77">
					<left>3316</left>
					<top>150</top>
					<width>76</width>
					<height>1110</height>
					<texturesliderbackground border="0,28,0,28">ScrollBarV.png</texturesliderbackground>
					<texturesliderbar border="0,28,0,28">ScrollBarV_bar.png</texturesliderbar>
					<texturesliderbarfocus border="0,28,0,28">ScrollBarV_bar_focus.png</texturesliderbarfocus>
					<textureslidernib>ScrollBarNib.png</textureslidernib>
					<textureslidernibfocus>ScrollBarNib.png</textureslidernibfocus>
					<onleft>50</onleft>
					<onright>104</onright>
					<showonepage>false</showonepage>
					<orientation>vertical</orientation>
				</control>
				<control type="image">
					<description>separator image</description>
					<left>0</left>
					<top>1290</top>
					<width>3300</width>
					<height>1</height>
					<colordiffuse>88FFFFFF</colordiffuse>
					<texture>separator2.png</texture>
				</control>
				<control type="group">
					<visible>!ListItem.HasEPG</visible>
					<left>0</left>
					<top>1320</top>
					<control type="label">
						<left>0</left>
						<top>0</top>
						<width>3300</width>
						<height>60</height>
						<label>$LOCALIZE[19055]</label>
						<font>font13</font>
						<textcolor>white</textcolor>
						<align>center</align>
					</control>
				</control>
				<control type="group">
					<visible>ListItem.HasEPG</visible>
					<left>0</left>
					<top>1320</top>
					<control type="image">
						<left>186</left>
						<top>18</top>
						<width>390</width>
						<height>390</height>
						<texture background="true">$INFO[ListItem.Icon]</texture>
						<aspectratio align="center" aligny="center">keep</aspectratio>
					</control>
					<control type="label">
						<left>840</left>
						<top>0</top>
						<width>2400</width>
						<height>60</height>
						<label>[B]$INFO[ListItem.EpgEventTitle]$INFO[ListItem.EpisodeName, (,)][/B]</label>
						<font>font13</font>
						<textcolor>white</textcolor>
						<scroll>true</scroll>
					</control>
					<control type="label">
						<left>840</left>
						<top>76</top>
						<width>2400</width>
						<height>60</height>
						<label>$INFO[ListItem.StartTime]$INFO[ListItem.EndTime, - ]$INFO[ListItem.Season, • $LOCALIZE[20373] ]$INFO[ListItem.Episode, • $LOCALIZE[20359] ]$INFO[ListItem.Genre, • ]</label>
						<font>font12</font>
						<textcolor>grey</textcolor>
					</control>
					<control type="textbox">
						<description>Plot value</description>
						<left>840</left>
						<top>172</top>
						<width>2400</width>
						<height>190</height>
						<font>font12</font>
						<align>justify</align>
						<textcolor>grey</textcolor>
						<autoscroll delay="10000" time="3000" repeat="6000">true</autoscroll>
						<label>$INFO[ListItem.Plot]</label>
					</control>
				</control>
			</control>
			<control type="label">
				<depth>DepthFooter</depth>
				<animation effect="slide" start="0,0" end="-270,0" time="0" condition="system.getbool(input.enablemouse)">Conditional</animation>
				<description>Page Count Label</description>
				<right>120</right>
				<top>160r</top>
				<width>1500</width>
				<height>60</height>
				<font>font12</font>
				<textcolor>grey</textcolor>
				<scroll>false</scroll>
				<align>right</align>
				<aligny>center</aligny>
				<label>([COLOR=blue]$INFO[Container(50).NumItems][/COLOR]) $LOCALIZE[31025] - $LOCALIZE[31024] ([COLOR=blue]$INFO[Container(50).CurrentPage]/$INFO[Container(50).NumPages][/COLOR])</label>
			</control>
		</control>
		<control type="group">
			<depth>DepthFooter</depth>
			<include>CommonNowPlaying</include>
		</control>
		<include>BehindDialogFadeOut</include>
		<include>ScrollOffsetLabel</include>
		<control type="image">
			<left>0</left>
			<top>0</top>
			<width>3840</width>
			<height>2160</height>
			<texture>black-back.png</texture>
			<animation effect="fade" time="300">Visible</animation>
			<animation effect="fade" time="150">Hidden</animation>
			<visible>Window.IsActive(FileBrowser) | Window.IsActive(PVRGuideInfo) | Window.IsActive(PVRRecordingInfo) | Window.IsActive(PVRTimerSetting) | Window.IsActive(PVRGroupManager) | Window.IsActive(PVRGuideSearch)</visible>
		</control>
		<include>PVRSideBlade</include>
	</controls>
</window>
