<?xml version="1.0" encoding="UTF-8"?>
<window>
	<coordinates>
		<left>900</left>
		<top>180</top>
	</coordinates>
	<include>dialogeffect</include>
	<controls>
		<control type="group">
			<depth>DepthSideBlade</depth>
			<control type="image">
				<description>background image</description>
				<left>0</left>
				<top>0</top>
				<width>2040</width>
				<height>1410</height>
				<colordiffuse>BBFFFFFF</colordiffuse>
				<texture border="40">DialogBack2.png</texture>
			</control>
			<control type="image">
				<description>Dialog Header image</description>
				<left>120</left>
				<top>48</top>
				<width>1800</width>
				<height>120</height>
				<texture>dialogheader.png</texture>
			</control>
			<control type="button">
				<description>Close Window button</description>
				<left>1770</left>
				<top>46</top>
				<width>192</width>
				<height>96</height>
				<label />
				<font />
				<onclick>PreviousMenu</onclick>
				<texturefocus>DialogCloseButton-focus.png</texturefocus>
				<texturenofocus>DialogCloseButton.png</texturenofocus>
				<visible>system.getbool(input.enablemouse)</visible>
			</control>
			<control type="label">
				<description>header label</description>
				<left>120</left>
				<top>60</top>
				<width>1800</width>
				<height>90</height>
				<label>$INFO[MusicPlayer.Artist] - $INFO[MusicPlayer.Title]</label>
				<font>font13_title</font>
				<align>center</align>
				<aligny>center</aligny>
				<textcolor>selected</textcolor>
				<shadowcolor>black</shadowcolor>
				<visible>!Control.IsVisible(120)</visible>
			</control>
			<control type="label" id="2">
				<description>Pick label</description>
				<left>120</left>
				<top>60</top>
				<width>1800</width>
				<height>90</height>
				<label>31203</label>
				<font>font13_title</font>
				<align>center</align>
				<aligny>center</aligny>
				<textcolor>selected</textcolor>
				<shadowcolor>black</shadowcolor>
				<visible>Control.IsVisible(120) + !Control.IsVisible(110)</visible>
			</control>
			<!-- ** Required ** Do not change <id> or <type> (Smooth scrolling list for lyrics) -->
			<control type="list" id="110">
				<left>90</left>
				<top>180</top>
				<width>1860</width>
				<height>1050</height>
				<onleft>111</onleft>
				<onright>111</onright>
				<onup>110</onup>
				<ondown>110</ondown>
				<pagecontrol>111</pagecontrol>
				<scrolltime>200</scrolltime>
				<itemlayout height="76">
					<control type="label">
						<left>0</left>
						<top>0</top>
						<width>1860</width>
						<height>76</height>
						<font>font13</font>
						<aligny>center</aligny>
						<align>center</align>
						<selectedcolor>selected</selectedcolor>
						<label>$INFO[ListItem.Label]</label>
					</control>
				</itemlayout>
				<focusedlayout height="76">
					<control type="label">
						<left>0</left>
						<top>0</top>
						<width>1860</width>
						<height>76</height>
						<font>font13</font>
						<aligny>center</aligny>
						<align>center</align>
						<shadowcolor>black</shadowcolor>
						<textcolor>white</textcolor>
						<selectedcolor>selected</selectedcolor>
						<label>$INFO[ListItem.Label]</label>
						<visible>!Control.HasFocus(110)</visible>
					</control>
					<control type="label">
						<left>0</left>
						<top>0</top>
						<width>1860</width>
						<height>76</height>
						<font>font13</font>
						<aligny>center</aligny>
						<align>center</align>
						<shadowcolor>black</shadowcolor>
						<textcolor>selected</textcolor>
						<label>$INFO[ListItem.Label]</label>
						<visible>Control.HasFocus(110)</visible>
					</control>
				</focusedlayout>
			</control>
			<control type="label">
				<left>1080</left>
				<top>1260</top>
				<width>600</width>
				<height>60</height>
				<font>font12</font>
				<aligny>center</aligny>
				<align>right</align>
				<textcolor>grey2</textcolor>
				<label>$INFO[Container(110).CurrentPage, ( $LOCALIZE[31024] ]$INFO[Container(110).NumPages,/, )]</label>
				<visible>Control.IsVisible(111)</visible>
			</control>
			<control type="spincontrol" id="111">
				<description>Next page button</description>
				<left>1710</left>
				<top>1260</top>
				<subtype>page</subtype>
				<font />
				<onleft>110</onleft>
				<onright>110</onright>
				<ondown>110</ondown>
				<onup>110</onup>
				<showonepage>true</showonepage>
				<visible>Control.IsVisible(110)</visible>
			</control>
			<!-- ** Required ** Do not change <id> or <type> (Song Chooser if it gets it wrong) -->
			<!-- Set as not visible, as no longer needed & simplest solution - https://github.com/xbmc/skin.confluence/issues/173 -->
			<control type="list" id="120">
				<visible>false</visible>
				<left>90</left>
				<top>180</top>
				<width>1860</width>
				<height>1080</height>
				<onleft>121</onleft>
				<onright>121</onright>
				<onup>120</onup>
				<ondown>120</ondown>
				<pagecontrol>121</pagecontrol>
				<scrolltime>200</scrolltime>
				<itemlayout height="120">
					<control type="image">
						<left>0</left>
						<top>0</top>
						<width>1860</width>
						<height>124</height>
						<texture border="5">MenuItemNF.png</texture>
					</control>
					<control type="label">
						<left>30</left>
						<top>0</top>
						<width>1800</width>
						<height>120</height>
						<font>font13</font>
						<align>left</align>
						<aligny>center</aligny>
						<selectedcolor>selected</selectedcolor>
						<label>$INFO[ListItem.Label]</label>
					</control>
				</itemlayout>
				<focusedlayout height="120">
					<control type="image">
						<left>0</left>
						<top>0</top>
						<width>1860</width>
						<height>124</height>
						<visible>!Control.HasFocus(120)</visible>
						<texture border="5">MenuItemNF.png</texture>
					</control>
					<control type="image">
						<left>0</left>
						<top>0</top>
						<width>1860</width>
						<height>124</height>
						<visible>Control.HasFocus(120)</visible>
						<texture border="5">MenuItemFO.png</texture>
					</control>
					<control type="label">
						<left>30</left>
						<top>0</top>
						<width>1800</width>
						<height>120</height>
						<font>font13</font>
						<align>left</align>
						<aligny>center</aligny>
						<selectedcolor>selected</selectedcolor>
						<label>$INFO[ListItem.Label]</label>
					</control>
				</focusedlayout>
			</control>
			<control type="label">
				<left>1080</left>
				<top>1260</top>
				<width>600</width>
				<height>60</height>
				<font>font12</font>
				<aligny>center</aligny>
				<align>right</align>
				<textcolor>grey2</textcolor>
				<label>$INFO[Container(120).CurrentPage, ( $LOCALIZE[31024] ]$INFO[Container(120).NumPages,/, )]</label>
				<visible>Control.IsVisible(121)</visible>
			</control>
			<control type="spincontrol" id="121">
				<description>Next page button</description>
				<left>1710</left>
				<top>1260</top>
				<subtype>page</subtype>
				<font />
				<onleft>120</onleft>
				<onright>120</onright>
				<ondown>120</ondown>
				<onup>120</onup>
				<showonepage>true</showonepage>
				<visible>Control.IsVisible(120)</visible>
			</control>
			<control type="label">
				<description>Scraper label</description>
				<left>120</left>
				<top>1260</top>
				<width>1800</width>
				<height>90</height>
				<label>$LOCALIZE[31205] - $INFO[Control.GetLabel(200)]</label>
				<font>font12_title</font>
				<aligny>center</aligny>
				<textcolor>grey2</textcolor>
				<shadowcolor>black</shadowcolor>
			</control>
			<control type="label" id="200">
				<description>Scraper label</description>
				<visible>false</visible>
			</control>
		</control>
	</controls>
</window>
