<?xml version="1.0" encoding="UTF-8"?>
<window>
	<defaultcontrol always="true">95</defaultcontrol>
	<controls>
		<include>CommonBackground</include>
		<control type="image">
			<left>0</left>
			<top>300r</top>
			<width>3840</width>
			<height>300</height>
			<texture>floor.png</texture>
			<animation effect="slide" start="0,30" end="0,0" time="150" condition="Window.Previous(Home)">WindowOpen</animation>
			<animation effect="slide" start="0,0" end="0,30" time="150" condition="Window.Next(Home)">WindowClose</animation>
		</control>
		<control type="group">
			<left>270</left>
			<top>90</top>
			<animation type="WindowOpen" reversible="false">
				<effect type="zoom" start="160" end="200" center="1920,1080" easing="out" tween="back" time="225" />
				<effect type="fade" start="0" end="100" time="225" />
			</animation>
			<animation type="WindowClose" reversible="false">
				<effect type="zoom" start="200" end="160" center="1920,1080" easing="in" tween="back" time="225" />
				<effect type="fade" start="100" end="0" time="225" />
			</animation>
			<control type="image">
				<left>16</left>
				<top>16</top>
				<width>3270</width>
				<height>1890</height>
				<texture border="15">ContentPanel.png</texture>
			</control>
			<control type="image">
				<left>16</left>
				<top>1876</top>
				<width>3270</width>
				<height>192</height>
				<texture border="15">ContentPanelMirror.png</texture>
			</control>
			<control type="button">
				<description>Close Window button</description>
				<left>2940</left>
				<top>34</top>
				<width>192</width>
				<height>96</height>
				<label />
				<font />
				<onclick>PreviousMenu</onclick>
				<texturefocus>DialogCloseButton-focus.png</texturefocus>
				<texturenofocus>DialogCloseButton.png</texturenofocus>
				<onleft>1</onleft>
				<onright>1</onright>
				<onup>1</onup>
				<ondown>1</ondown>
				<visible>system.getbool(input.enablemouse)</visible>
			</control>
			<control type="image">
				<description>LOGO</description>
				<left>90</left>
				<top>46</top>
				<width>660</width>
				<height>240</height>
				<aspectratio>keep</aspectratio>
				<texture>Confluence_Logo.png</texture>
			</control>
			<control type="grouplist" id="9000">
				<left>30</left>
				<top>270</top>
				<width>780</width>
				<height>1444</height>
				<itemgap>-4</itemgap>
				<onup>9000</onup>
				<ondown>9000</ondown>
				<control type="button" id="95">
					<description>Button Summary Values</description>
					<height>180</height>
					<width>724</width>
					<textoffsetx>0</textoffsetx>
					<align>right</align>
					<aligny>center</aligny>
					<font>font13_title</font>
					<textcolor>grey2</textcolor>
					<focusedcolor>white</focusedcolor>
					<texturefocus border="5">MenuItemFO.png</texturefocus>
					<texturenofocus border="5">MenuItemNF.png</texturenofocus>
					<pulseonselect>false</pulseonselect>
					<label>20037</label>
				</control>
				<control type="button" id="94">
					<description>Button Storage</description>
					<height>180</height>
					<width>724</width>
					<textoffsetx>0</textoffsetx>
					<align>right</align>
					<aligny>center</aligny>
					<font>font13_title</font>
					<textcolor>grey2</textcolor>
					<focusedcolor>white</focusedcolor>
					<texturefocus border="5">MenuItemFO.png</texturefocus>
					<texturenofocus border="5">MenuItemNF.png</texturenofocus>
					<pulseonselect>false</pulseonselect>
					<label>13277</label>
				</control>
				<control type="button" id="96">
					<description>Button Network</description>
					<height>180</height>
					<width>724</width>
					<textoffsetx>0</textoffsetx>
					<align>right</align>
					<aligny>center</aligny>
					<font>font13_title</font>
					<textcolor>grey2</textcolor>
					<focusedcolor>white</focusedcolor>
					<texturefocus border="5">MenuItemFO.png</texturefocus>
					<texturenofocus border="5">MenuItemNF.png</texturenofocus>
					<pulseonselect>false</pulseonselect>
					<label>13279</label>
				</control>
				<control type="button" id="97">
					<description>Button Video</description>
					<height>180</height>
					<width>724</width>
					<textoffsetx>0</textoffsetx>
					<align>right</align>
					<aligny>center</aligny>
					<font>font13_title</font>
					<textcolor>grey2</textcolor>
					<focusedcolor>white</focusedcolor>
					<texturefocus border="5">MenuItemFO.png</texturefocus>
					<texturenofocus border="5">MenuItemNF.png</texturenofocus>
					<pulseonselect>false</pulseonselect>
					<label>13280</label>
				</control>
				<control type="button" id="98">
					<description>Button Hardware</description>
					<height>180</height>
					<width>724</width>
					<textoffsetx>0</textoffsetx>
					<align>right</align>
					<aligny>center</aligny>
					<font>font13_title</font>
					<textcolor>grey2</textcolor>
					<focusedcolor>white</focusedcolor>
					<texturefocus border="5">MenuItemFO.png</texturefocus>
					<texturenofocus border="5">MenuItemNF.png</texturenofocus>
					<pulseonselect>false</pulseonselect>
					<label>13281</label>
				</control>
				<control type="button" id="99">
					<description>Button PVR</description>
					<height>180</height>
					<width>724</width>
					<textoffsetx>0</textoffsetx>
					<align>right</align>
					<aligny>center</aligny>
					<font>font13_title</font>
					<textcolor>grey2</textcolor>
					<focusedcolor>white</focusedcolor>
					<texturefocus border="5">MenuItemFO.png</texturefocus>
					<texturenofocus border="5">MenuItemNF.png</texturenofocus>
					<pulseonselect>false</pulseonselect>
					<label>19191</label>
				</control>
				<control type="button" id="100">
					<description>Button Privacy Policy</description>
					<height>180</height>
					<width>724</width>
					<textoffsetx>0</textoffsetx>
					<align>right</align>
					<aligny>center</aligny>
					<font>font13_title</font>
					<textcolor>grey2</textcolor>
					<focusedcolor>white</focusedcolor>
					<texturefocus border="5">MenuItemFO.png</texturefocus>
					<texturenofocus border="5">MenuItemNF.png</texturenofocus>
					<pulseonselect>false</pulseonselect>
					<label>12389</label>
					<onright>61</onright>
				</control>
			</control>
			<control type="image">
				<left>804</left>
				<top>30</top>
				<width>2370</width>
				<height>1854</height>
				<texture border="5">black-back2.png</texture>
			</control>
			<control type="image">
				<left>804</left>
				<top>30</top>
				<width>2370</width>
				<height>156</height>
				<texture>dialogheader.png</texture>
			</control>
			<control type="label" id="40">
				<description>header label</description>
				<left>900</left>
				<top>60</top>
				<width>2178</width>
				<height>90</height>
				<font>font16</font>
				<label />
				<align>center</align>
				<aligny>center</aligny>
				<textcolor>white</textcolor>
				<shadowcolor>black</shadowcolor>
			</control>
			<control type="group">
				<left>870</left>
				<top>300</top>
				<control type="label" id="2">
					<description>Label 2</description>
					<left>0</left>
					<top>0</top>
					<width>2250</width>
					<label />
					<font>font13</font>
				</control>
				<control type="label" id="3">
					<description>Label 3</description>
					<left>0</left>
					<top>106</top>
					<width>2250</width>
					<label />
					<font>font13</font>
				</control>
				<control type="label" id="4">
					<description>Label 4</description>
					<left>0</left>
					<top>210</top>
					<width>2250</width>
					<label />
					<font>font13</font>
				</control>
				<control type="label" id="5">
					<description>Label 5</description>
					<left>0</left>
					<top>316</top>
					<width>2250</width>
					<label />
					<font>font13</font>
				</control>
				<control type="label" id="6">
					<description>Label 6</description>
					<left>0</left>
					<top>420</top>
					<width>2250</width>
					<label />
					<font>font13</font>
				</control>
				<control type="label" id="7">
					<description>Label 7</description>
					<left>0</left>
					<top>526</top>
					<width>2250</width>
					<label />
					<font>font13</font>
				</control>
				<control type="label" id="8">
					<description>Label 8</description>
					<left>0</left>
					<top>630</top>
					<width>2250</width>
					<label />
					<font>font13</font>
				</control>
				<control type="label" id="9">
					<description>Label 9</description>
					<left>0</left>
					<top>736</top>
					<width>2250</width>
					<label />
					<font>font13</font>
				</control>
				<control type="label" id="10">
					<description>Label 10</description>
					<left>0</left>
					<top>840</top>
					<width>2250</width>
					<label />
					<font>font13</font>
				</control>
				<control type="label" id="11">
					<description>Label 11</description>
					<left>0</left>
					<top>946</top>
					<width>2250</width>
					<label />
					<font>font13</font>
				</control>
				<control type="textbox" id="30">
					<description>Privacy Policy</description>
					<left>0</left>
					<top>0</top>
					<width>2160</width>
					<height>1050</height>
					<font>font13</font>
					<align>justify</align>
					<textcolor>white</textcolor>
					<shadowcolor>black</shadowcolor>
					<pagecontrol>61</pagecontrol>
				</control>
				<control type="scrollbar" id="61">
					<left>2190</left>
					<top>0</top>
					<width>76</width>
					<height>1050</height>
					<texturesliderbackground border="0,28,0,28">ScrollBarV.png</texturesliderbackground>
					<texturesliderbar border="0,28,0,28">ScrollBarV_bar.png</texturesliderbar>
					<texturesliderbarfocus border="0,28,0,28">ScrollBarV_bar_focus.png</texturesliderbarfocus>
					<textureslidernib>ScrollBarNib.png</textureslidernib>
					<textureslidernibfocus>ScrollBarNib.png</textureslidernibfocus>
					<onleft>100</onleft>
					<onright>100</onright>
					<ondown>61</ondown>
					<onup>61</onup>
					<showonepage>true</showonepage>
					<orientation>vertical</orientation>
					<visible>Control.HasFocus(100) | Control.HasFocus(61)</visible>
				</control>
				<control type="label">
					<description>CPU Text</description>
					<left>0</left>
					<top>1050</top>
					<width>2250</width>
					<height>76</height>
					<label>$LOCALIZE[13271] $INFO[System.CPUUsage]</label>
					<align>left</align>
					<aligny>center</aligny>
					<textcolor>white</textcolor>
					<shadowcolor>black</shadowcolor>
					<font>font12_title</font>
				</control>
				<control type="progress">
					<description>CPU BAR</description>
					<left>0</left>
					<top>1126</top>
					<width>2250</width>
					<height>48</height>
					<info>System.CPUUsage</info>
				</control>
				<control type="label">
					<description>Memory Text</description>
					<left>0</left>
					<top>1186</top>
					<width>auto</width>
					<height>76</height>
					<label>$LOCALIZE[31309] $INFO[system.memory(used)] [B]/[/B] $INFO[system.memory(total)] [B]-[/B] $INFO[system.memory(used.percent)]</label>
					<align>left</align>
					<aligny>center</aligny>
					<textcolor>white</textcolor>
					<shadowcolor>black</shadowcolor>
					<font>font12_title</font>
				</control>
				<control type="progress">
					<description>Memory BAR</description>
					<left>0</left>
					<top>1260</top>
					<width>2250</width>
					<height>48</height>
					<info>system.memory(used)</info>
				</control>
				<control type="grouplist">
					<description>Kodi build version</description>
					<itemgap>150</itemgap>
					<top>1350</top>
					<left>0</left>
					<align>left</align>
					<orientation>horizontal</orientation>
					<control type="label">
						<description>Build label</description>
						<width>auto</width>
						<height>76</height>
						<label>$LOCALIZE[144]</label>
						<textcolor>white</textcolor>
						<shadowcolor>black</shadowcolor>
						<font>font13_title</font>
					</control>
					<control type="label" id="52">
						<description>Kodi Build Version</description>
						<left>270</left>
						<top>1350</top>
						<width>auto</width>
						<textcolor>blue</textcolor>
						<shadowcolor>black</shadowcolor>
						<font>font13_title</font>
					</control>
				</control>
				<control type="grouplist">
					<description>Build date</description>
					<itemgap>30</itemgap>
					<top>1440</top>
					<align>left</align>
					<left>0</left>
					<orientation>horizontal</orientation>
					<control type="label">
						<description>kodi Compiled Text</description>
						<width>auto</width>
						<height>76</height>
						<label>$LOCALIZE[174]</label>
						<textcolor>white</textcolor>
						<shadowcolor>black</shadowcolor>
						<font>font13_title</font>
					</control>
					<control type="label" id="53">
						<description>Kodi Build Date</description>
						<width>auto</width>
						<textcolor>blue</textcolor>
						<shadowcolor>black</shadowcolor>
						<font>font13_title</font>
					</control>
				</control>
			</control>
		</control>
		<include>CommonNowPlaying</include>
		<include>MainWindowMouseButtons</include>
		<include content="CommonWindowHeader">
			<param name="Icon" value="icon_system" />
			<param name="Label" value="$LOCALIZE[130]" />
		</include>
	</controls>
</window>
