<?xml version="1.0" encoding="UTF-8"?>
<window>
	<defaultcontrol>3</defaultcontrol>
	<controls>
		<include>CommonBackground</include>
		<control type="image">
			<left>0</left>
			<top>300r</top>
			<width>3840</width>
			<height>300</height>
			<texture>floor.png</texture>
			<include>VisibleFadeEffect</include>
		</control>
		<control type="group">
			<left>270</left>
			<top>90</top>
			<animation type="WindowOpen" reversible="false">
				<effect type="zoom" start="160" end="200" center="1920,1080" easing="out" tween="back" time="225" />
				<effect type="fade" start="0" end="100" time="225" />
			</animation>
			<animation type="WindowClose" reversible="false">
				<effect type="zoom" start="200" end="160" center="1920,1080" easing="in" tween="back" time="225" />
				<effect type="fade" start="100" end="0" time="225" />
			</animation>
			<control type="image">
				<left>16</left>
				<top>16</top>
				<width>3270</width>
				<height>1890</height>
				<texture border="15">ContentPanel.png</texture>
			</control>
			<control type="image">
				<left>16</left>
				<top>1876</top>
				<width>3270</width>
				<height>192</height>
				<texture border="15">ContentPanelMirror.png</texture>
			</control>
			<control type="button">
				<description>Close Window button</description>
				<left>2940</left>
				<top>34</top>
				<width>192</width>
				<height>96</height>
				<label />
				<font />
				<onclick>PreviousMenu</onclick>
				<texturefocus>DialogCloseButton-focus.png</texturefocus>
				<texturenofocus>DialogCloseButton.png</texturenofocus>
				<onleft>1</onleft>
				<onright>1</onright>
				<onup>1</onup>
				<ondown>1</ondown>
				<visible>system.getbool(input.enablemouse)</visible>
				<include>VisibleFadeEffect</include>
			</control>
			<control type="image">
				<description>LOGO</description>
				<left>90</left>
				<top>46</top>
				<width>660</width>
				<height>240</height>
				<aspectratio>keep</aspectratio>
				<texture>Confluence_Logo.png</texture>
			</control>
			<control type="grouplist" id="3">
				<description>button area</description>
				<left>30</left>
				<top>270</top>
				<width>780</width>
				<height>1444</height>
				<itemgap>-4</itemgap>
				<onleft>5</onleft>
				<onright>5</onright>
				<onup>3</onup>
				<ondown>20</ondown>
			</control>
			<control type="button" id="20">
				<description>Setting level button</description>
				<left>30</left>
				<top>1686</top>
				<height>180</height>
				<width>780</width>
				<label>10037</label>
				<textoffsetx>60</textoffsetx>
				<textoffsety>84</textoffsety>
				<align>right</align>
				<aligny>top</aligny>
				<font>font13</font>
				<textcolor>selected</textcolor>
				<focusedcolor>selected</focusedcolor>
				<texturefocus border="5">MenuItemFO.png</texturefocus>
				<texturenofocus border="5">MenuItemNF.png</texturenofocus>
				<pulseonselect>false</pulseonselect>
				<onleft>5</onleft>
				<onright>5</onright>
				<onup>3</onup>
				<ondown>3</ondown>
				<onclick>SettingsLevelChange</onclick>
			</control>
			<control type="label">
				<left>60</left>
				<top>1698</top>
				<height>76</height>
				<width>690</width>
				<label>31142</label>
				<font>font13_title</font>
				<textcolor>white</textcolor>
				<align>right</align>
				<aligny>center</aligny>
			</control>
			<control type="image">
				<left>804</left>
				<top>30</top>
				<width>2370</width>
				<height>1854</height>
				<texture border="5">black-back2.png</texture>
			</control>
			<control type="image">
				<left>804</left>
				<top>30</top>
				<width>2370</width>
				<height>156</height>
				<texture>dialogheader.png</texture>
			</control>
			<control type="label">
				<description>header label</description>
				<left>900</left>
				<top>60</top>
				<width>2178</width>
				<height>90</height>
				<font>font16</font>
				<label>$INFO[Control.GetLabel(2)] - $LOCALIZE[5]</label>
				<align>center</align>
				<aligny>center</aligny>
				<textcolor>white</textcolor>
				<shadowcolor>black</shadowcolor>
			</control>
			<control type="grouplist" id="5">
				<description>control area</description>
				<left>870</left>
				<top>210</top>
				<width>2250</width>
				<height>1306</height>
				<itemgap>-4</itemgap>
				<pagecontrol>60</pagecontrol>
				<onleft>3</onleft>
				<onright>60</onright>
				<onup>5</onup>
				<ondown>5</ondown>
			</control>
			<control type="scrollbar" id="60">
				<left>3180</left>
				<top>180</top>
				<width>76</width>
				<height>1306</height>
				<texturesliderbackground border="0,28,0,28">ScrollBarV.png</texturesliderbackground>
				<texturesliderbar border="0,28,0,28">ScrollBarV_bar.png</texturesliderbar>
				<texturesliderbarfocus border="0,28,0,28">ScrollBarV_bar_focus.png</texturesliderbarfocus>
				<textureslidernib>ScrollBarNib.png</textureslidernib>
				<textureslidernibfocus>ScrollBarNib.png</textureslidernibfocus>
				<onleft>5</onleft>
				<onright>3</onright>
				<showonepage>false</showonepage>
				<orientation>vertical</orientation>
			</control>
			<control type="image">
				<description>separator image</description>
				<left>870</left>
				<top>1576</top>
				<width>2250</width>
				<height>6</height>
				<texture>separator2.png</texture>
				<colordiffuse>40FFFFFF</colordiffuse>
			</control>
			<control type="textbox" id="6">
				<description>description area</description>
				<left>892</left>
				<top>1596</top>
				<width>2208</width>
				<height>250</height>
				<font>font12</font>
				<align>justify</align>
				<textcolor>white</textcolor>
				<autoscroll time="3000" delay="4000" repeat="5000">true</autoscroll>
			</control>
		</control>
		<include>BehindDialogFadeOut</include>
		<control type="button" id="10">
			<description>Default Category Button</description>
			<height>180</height>
			<width>780</width>
			<textoffsetx>60</textoffsetx>
			<align>right</align>
			<aligny>center</aligny>
			<font>font13_title</font>
			<textcolor>grey2</textcolor>
			<focusedcolor>white</focusedcolor>
			<texturefocus border="5">MenuItemFO.png</texturefocus>
			<texturenofocus border="5">MenuItemNF.png</texturenofocus>
			<pulseonselect>false</pulseonselect>
		</control>
		<control type="button" id="7">
			<description>Default Button</description>
			<left>0</left>
			<top>0</top>
			<height>120</height>
			<font>font13</font>
			<textcolor>grey2</textcolor>
			<focusedcolor>white</focusedcolor>
			<invalidcolor>invalid</invalidcolor>
			<texturefocus border="0,2,0,2">MenuItemFO.png</texturefocus>
			<texturenofocus border="0,2,0,2">MenuItemNF.png</texturenofocus>
		</control>
		<control type="radiobutton" id="8">
			<description>Default RadioButton</description>
			<left>0</left>
			<top>0</top>
			<height>120</height>
			<font>font13</font>
			<textcolor>grey2</textcolor>
			<focusedcolor>white</focusedcolor>
			<texturefocus border="0,2,0,2">MenuItemFO.png</texturefocus>
			<texturenofocus border="0,2,0,2">MenuItemNF.png</texturenofocus>
		</control>
		<control type="spincontrolex" id="9">
			<description>Default SpinControlex</description>
			<left>0</left>
			<top>0</top>
			<height>120</height>
			<font>font13</font>
			<textcolor>grey2</textcolor>
			<focusedcolor>white</focusedcolor>
			<texturefocus border="0,2,0,2">MenuItemFO.png</texturefocus>
			<texturenofocus border="0,2,0,2">MenuItemNF.png</texturenofocus>
			<aligny>center</aligny>
			<reverse>yes</reverse>
		</control>
		<control type="sliderex" id="13">
			<description>Default Slider</description>
			<posx>0</posx>
			<posy>0</posy>
			<height>120</height>
			<font>font13</font>
			<textcolor>grey2</textcolor>
			<focusedcolor>white</focusedcolor>
			<texturefocus border="0,2,0,2">MenuItemFO.png</texturefocus>
			<texturenofocus border="0,2,0,2">MenuItemNF.png</texturenofocus>
			<aligny>center</aligny>
		</control>
		<control type="image" id="11">
			<description>separator image</description>
			<height>6</height>
			<texture>separator2.png</texture>
		</control>
		<control type="label" id="14">
			<description>Default Label</description>
			<left>0</left>
			<top>0</top>
			<height>90</height>
			<label />
			<align>center</align>
			<aligny>bottom</aligny>
			<font>font13_title</font>
			<textcolor>grey</textcolor>
			<shadowcolor>black</shadowcolor>
		</control>
		<control type="colorbutton" id="15">
			<description>Default ColorButton</description>
			<top>0</top>
			<height>120</height>
			<aligny>center</aligny>
			<textcolor>grey2</textcolor>
			<focusedcolor>white</focusedcolor>
			<invalidcolor>invalid</invalidcolor>
			<texturefocus border="0,2,0,2">MenuItemFO.png</texturefocus>
			<texturenofocus border="0,2,0,2">MenuItemNF.png</texturenofocus>
		</control>
		<control type="label" id="2">
			<description>Fake Label so we can pass it value down to the one below</description>
			<left>0</left>
			<top>0</top>
			<width>0</width>
			<height>0</height>
			<font />
			<visible>false</visible>
		</control>
		<control type="group">
			<depth>DepthFooter</depth>
			<include>CommonNowPlaying</include>
		</control>
		<include>MainWindowMouseButtons</include>
		<include content="CommonWindowHeader">
			<param name="Icon" value="icon_system" />
			<param name="Label" value="$LOCALIZE[5]" />
			<param name="ShowLabel2" value="true" />
		</include>
	</controls>
</window>
