<?xml version="1.0" encoding="UTF-8"?>
<window>
	<defaultcontrol>2</defaultcontrol>
	<controls>
		<control type="group" id="13">
			<left>390r</left>
			<top>30</top>
			<visible>!Skin.HasSetting(Show_SlideShow_Paused)</visible>
			<control type="image">
				<left>0</left>
				<top>0</top>
				<width>360</width>
				<height>106</height>
				<texture>black-back.png</texture>
			</control>
			<control type="label">
				<description>paused label</description>
				<left>30</left>
				<top>0</top>
				<width>300</width>
				<height>106</height>
				<align>center</align>
				<aligny>center</aligny>
				<font>font10</font>
				<textcolor>white</textcolor>
				<label>31043</label>
			</control>
		</control>
		<!-- media infos -->
		<control type="group">
			<left>60</left>
			<top>540r</top>
			<visible>Player.ShowInfo + Player.HasMedia</visible>
			<include>VisibleFadeEffect</include>
			<include>SmallMusicInfo</include>
		</control>
		<control type="button">
			<visible>SlideShow.IsVideo + [![Player.Playing + Player.HasVideo] | SlideShow.IsPaused]</visible>
			<description>Video Play Button</description>
			<left>1620</left>
			<top>780</top>
			<width>600</width>
			<height>600</height>
			<font />
			<onclick>play</onclick>
			<texturefocus>arrow-big-right.png</texturefocus>
			<texturenofocus>arrow-big-right.png</texturenofocus>
		</control>
	</controls>
</window>
