<?xml version="1.0" encoding="UTF-8"?>
<window>
	<defaultcontrol always="true">9001</defaultcontrol>
	<coordinates>
		<left>720</left>
		<top>660</top>
	</coordinates>
	<include>dialogeffect</include>
	<controls>
		<include content="DialogBackgroundCommons">
			<param name="DialogBackgroundWidth" value="1200" />
			<param name="DialogBackgroundHeight" value="420" />
			<param name="DialogHeaderWidth" value="1080" />
			<param name="DialogHeaderLabel" value="$LOCALIZE[21421]" />
			<param name="DialogHeaderId" value="2" />
			<param name="CloseButtonLeft" value="1065" />
			<param name="CloseButtonNav" value="9001" />
		</include>
		<control type="label">
			<description>Rule match label</description>
			<left>120</left>
			<top>180</top>
			<width>2160</width>
			<height>106</height>
			<align>center</align>
			<aligny>center</aligny>
			<font>font12</font>
			<textcolor>blue</textcolor>
			<shadowcolor>black</shadowcolor>
			<label>21422</label>
		</control>
		<control type="group" id="9001">
			<control type="button" id="15">
				<description>Rule Field</description>
				<left>90</left>
				<top>300</top>
				<width>1096</width>
				<height>120</height>
				<font>font13</font>
				<texturefocus border="3">button-focus2.png</texturefocus>
				<texturenofocus border="3">button-nofocus.png</texturenofocus>
				<onright>16</onright>
				<onleft>16</onleft>
				<onup>9000</onup>
				<ondown>17</ondown>
			</control>
			<control type="button" id="16">
				<description>Rule operator</description>
				<left>1216</left>
				<top>300</top>
				<width>1096</width>
				<height>120</height>
				<font>font13</font>
				<texturefocus border="3">button-focus2.png</texturefocus>
				<texturenofocus border="3">button-nofocus.png</texturenofocus>
				<onright>15</onright>
				<onleft>15</onleft>
				<onup>9000</onup>
				<ondown>17</ondown>
			</control>
		</control>
		<control type="edit" id="17">
			<description>Value Button</description>
			<left>90</left>
			<top>436</top>
			<width>1696</width>
			<height>120</height>
			<font>font13</font>
			<aligny>center</aligny>
			<invalidcolor>invalid</invalidcolor>
			<texturefocus border="3">button-focus2.png</texturefocus>
			<texturenofocus border="3">button-nofocus.png</texturenofocus>
			<label />
			<hinttext>16028</hinttext>
			<onup>9001</onup>
			<onleft>20</onleft>
			<onright>20</onright>
			<ondown>9000</ondown>
		</control>
		<control type="button" id="20">
			<description>Browse Button</description>
			<left>1800</left>
			<top>436</top>
			<width>510</width>
			<height>120</height>
			<align>center</align>
			<aligny>center</aligny>
			<texturefocus border="3">button-focus.png</texturefocus>
			<texturenofocus border="3">button-nofocus.png</texturenofocus>
			<label>1024</label>
			<font>font12_title</font>
			<onup>9001</onup>
			<onleft>17</onleft>
			<onright>17</onright>
			<ondown>9000</ondown>
		</control>
		<control type="group" id="9000">
			<control type="button" id="18">
				<description>Ok Button</description>
				<left>586</left>
				<top>630</top>
				<width>600</width>
				<height>120</height>
				<align>center</align>
				<aligny>center</aligny>
				<font>font12_title</font>
				<label>186</label>
				<onup>17</onup>
				<onleft>19</onleft>
				<onright>19</onright>
				<ondown>9001</ondown>
			</control>
			<control type="button" id="19">
				<description>Cancel Button</description>
				<left>1216</left>
				<top>630</top>
				<width>600</width>
				<height>120</height>
				<align>center</align>
				<aligny>center</aligny>
				<font>font12_title</font>
				<label>222</label>
				<onup>17</onup>
				<onleft>18</onleft>
				<onright>19</onright>
				<ondown>9001</ondown>
			</control>
		</control>
	</controls>
</window>
