<?xml version="1.0" encoding="UTF-8"?>
<window>
	<defaultcontrol always="true">2</defaultcontrol>
	<coordinates>
		<left>720</left>
		<top>180</top>
	</coordinates>
	<include>dialogeffect</include>
	<controls>
		<control type="image">
			<description>background image</description>
			<left>0</left>
			<top>0</top>
			<width>2400</width>
			<height>1800</height>
			<texture border="40">DialogBack2.png</texture>
		</control>
		<control type="image">
			<description>Dialog Header image</description>
			<left>120</left>
			<top>48</top>
			<width>2160</width>
			<height>120</height>
			<texture>dialogheader.png</texture>
		</control>
		<control type="label">
			<description>header label</description>
			<left>120</left>
			<top>60</top>
			<width>2160</width>
			<height>90</height>
			<font>font13_title</font>
			<label>$LOCALIZE[298]</label>
			<align>center</align>
			<aligny>center</aligny>
			<textcolor>selected</textcolor>
			<shadowcolor>black</shadowcolor>
		</control>
		<control type="button">
			<description>Close Window button</description>
			<left>2130</left>
			<top>46</top>
			<width>192</width>
			<height>96</height>
			<label />
			<font />
			<onclick>PreviousMenu</onclick>
			<texturefocus>DialogCloseButton-focus.png</texturefocus>
			<texturenofocus>DialogCloseButton.png</texturenofocus>
			<onleft>3</onleft>
			<onright>3</onright>
			<onup>3</onup>
			<ondown>3</ondown>
			<visible>system.getbool(input.enablemouse)</visible>
		</control>
		<control type="label">
			<description>number of files/pages in list text label</description>
			<left>1380</left>
			<top>1486</top>
			<width>900</width>
			<height>106</height>
			<font>font12</font>
			<align>right</align>
			<aligny>center</aligny>
			<scroll>true</scroll>
			<textcolor>grey</textcolor>
			<label>([COLOR=blue]$INFO[Container(11).NumItems][/COLOR]) $LOCALIZE[31025] - $LOCALIZE[31024] ([COLOR=blue]$INFO[Container(11).CurrentPage]/$INFO[Container(11).NumPages][/COLOR])</label>
		</control>
		<control type="panel" id="11">
			<left>120</left>
			<top>196</top>
			<width>2160</width>
			<height>1290</height>
			<onleft>2</onleft>
			<onright>3</onright>
			<ondown>2</ondown>
			<onup>2</onup>
			<scrolltime>200</scrolltime>
			<viewtype label="536">icon</viewtype>
			<pagecontrol />
			<orientation>vertical</orientation>
			<itemlayout height="646" width="720">
				<control type="image">
					<left>6</left>
					<top>6</top>
					<width>706</width>
					<height>634</height>
					<texture border="3">button-nofocus.png</texture>
				</control>
				<control type="image">
					<left>22</left>
					<top>60</top>
					<width>660</width>
					<height>450</height>
					<aspectratio>scale</aspectratio>
					<texture background="true">$INFO[ListItem.Icon]</texture>
				</control>
				<control type="label">
					<left>22</left>
					<top>556</top>
					<width>678</width>
					<height>46</height>
					<font>font12</font>
					<selectedcolor>selected</selectedcolor>
					<align>center</align>
					<aligny>center</aligny>
					<label>$INFO[ListItem.Label]$INFO[ListItem.Label2, (,)]</label>
				</control>
			</itemlayout>
			<focusedlayout height="646" width="720">
				<control type="image">
					<left>6</left>
					<top>6</top>
					<width>706</width>
					<height>634</height>
					<texture border="3">folder-focus.png</texture>
				</control>
				<control type="image">
					<left>22</left>
					<top>60</top>
					<width>660</width>
					<height>450</height>
					<aspectratio>scale</aspectratio>
					<texture background="true">$INFO[ListItem.Icon]</texture>
				</control>
				<control type="label">
					<left>22</left>
					<top>556</top>
					<width>678</width>
					<height>46</height>
					<font>font12</font>
					<selectedcolor>selected</selectedcolor>
					<align>center</align>
					<aligny>center</aligny>
					<label>$INFO[ListItem.Label]$INFO[ListItem.Label2, (,)]</label>
				</control>
			</focusedlayout>
		</control>
		<control type="grouplist" id="9000">
			<left>60</left>
			<top>1606</top>
			<width>2280</width>
			<height>120</height>
			<itemgap>16</itemgap>
			<align>center</align>
			<orientation>horizontal</orientation>
			<onleft>9000</onleft>
			<onright>9000</onright>
			<onup>11</onup>
			<ondown>11</ondown>
			<control type="button" id="2">
				<description>Create Bookmark button</description>
				<label>294</label>
				<width>720</width>
				<include>ButtonInfoDialogsCommonValues</include>
			</control>
			<control type="button" id="3">
				<description>Clear Bookmark button</description>
				<label>296</label>
				<width>720</width>
				<include>ButtonInfoDialogsCommonValues</include>
			</control>
			<control type="button" id="4">
				<description>Clear Bookmark button</description>
				<label>20406</label>
				<width>720</width>
				<include>ButtonInfoDialogsCommonValues</include>
				<visible>videoplayer.content(episodes)</visible>
			</control>
		</control>
	</controls>
</window>
