<?xml version="1.0" encoding="UTF-8"?>
<window>
	<defaultcontrol />
	<controls>
		<!-- view mode, sizing, screen resolution -->
		<control type="group" id="0">
			<depth>DepthOSD+</depth>
			<left>0</left>
			<top>60</top>
			<animation effect="fade" time="150">VisibleChange</animation>
			<control type="image">
				<description>media info background image</description>
				<left>0</left>
				<top>0</top>
				<width>3840</width>
				<height>480</height>
				<texture>black-back.png</texture>
			</control>
			<control type="label" id="10">
				<description>row 1 label</description>
				<left>150</left>
				<top>30</top>
				<width>3540</width>
				<height>90</height>
				<align>left</align>
				<aligny>center</aligny>
				<font>font12</font>
				<label />
			</control>
			<control type="label" id="11">
				<description>row 2 label</description>
				<left>150</left>
				<top>166</top>
				<width>3540</width>
				<height>90</height>
				<align>left</align>
				<aligny>center</aligny>
				<font>font12</font>
				<label />
			</control>
			<control type="label" id="12">
				<description>row 3 label</description>
				<left>150</left>
				<top>300</top>
				<width>3540</width>
				<height>136</height>
				<align>left</align>
				<aligny>center</aligny>
				<font>font12</font>
				<label />
			</control>
		</control>
		<!-- media infos -->
		<control type="group" id="1">
			<depth>DepthOSD</depth>
			<visible>[Player.ShowInfo | Window.IsActive(VideoOSD)] + ![Window.IsVisible(OSDSubtitleSettings) | Window.IsVisible(OSDVideoSettings) | Window.IsVisible(OSDAudioSettings) | Window.IsVisible(VideoBookmarks) | Window.IsVisible(PVROSDChannels) | Window.IsVisible(PVRChannelGuide) | Window.IsVisible(SliderDialog)]</visible>
			<animation effect="fade" time="150">VisibleChange</animation>
			<control type="image" id="1">
				<left>-60</left>
				<top>-450</top>
				<width>3960</width>
				<height>768</height>
				<texture flipy="true" border="1">HomeNowPlayingBack.png</texture>
			</control>
			<control type="label" id="1">
				<description>Chapter Count Header label</description>
				<left>90</left>
				<top>16</top>
				<width>3000</width>
				<height>76</height>
				<align>left</align>
				<aligny>center</aligny>
				<font>font13</font>
				<textcolor>white</textcolor>
				<shadowcolor>black</shadowcolor>
				<label>$INFO[Player.Chapter,$LOCALIZE[21396]: ]$INFO[Player.ChapterCount, / ]$INFO[Player.ChapterName,[COLOR=grey] - (,)[/COLOR]]</label>
				<visible>Player.ChapterCount + !VideoPlayer.Content(LiveTV)</visible>
			</control>
			<control type="label" id="1">
				<description>Channel Group label</description>
				<left>90</left>
				<top>16</top>
				<width>3000</width>
				<height>76</height>
				<align>left</align>
				<aligny>center</aligny>
				<font>font13</font>
				<textcolor>white</textcolor>
				<shadowcolor>black</shadowcolor>
				<label>$INFO[VideoPlayer.ChannelGroup,$LOCALIZE[31509]: ]</label>
				<visible>VideoPlayer.Content(LiveTV)</visible>
			</control>
			<control type="label" id="1">
				<description>Clock label</description>
				<left>1350</left>
				<top>16</top>
				<width>2400</width>
				<height>76</height>
				<align>right</align>
				<aligny>center</aligny>
				<font>font13</font>
				<textcolor>white</textcolor>
				<shadowcolor>black</shadowcolor>
				<label>$INFO[System.Time]</label>
				<animation effect="slide" start="0,0" end="-90,0" time="0" condition="Player.Muted">conditional</animation>
				<animation effect="slide" start="0,0" end="-210,0" time="0" condition="system.getbool(input.enablemouse) + Window.IsVisible(VideoOSD)">conditional</animation>
			</control>
			<control type="image" id="1">
				<left>-60</left>
				<top>690r</top>
				<width>3960</width>
				<height>690</height>
				<texture border="1">HomeNowPlayingBack.png</texture>
			</control>
			<control type="image" id="1">
				<depth>DepthOSDPopout</depth>
				<description>cover image</description>
				<left>60</left>
				<top>780r</top>
				<width>900</width>
				<height>690</height>
				<texture fallback="DefaultVideoCover.png">$VAR[NowPlayingThumb]</texture>
				<aspectratio aligny="bottom">keep</aspectratio>
				<bordertexture infill="false" border="8">ThumbShadow.png</bordertexture>
				<bordersize>8</bordersize>
				<visible>![VideoPlayer.Content(Movies) | VideoPlayer.Content(LiveTV)]</visible>
			</control>
			<control type="image" id="1">
				<depth>DepthOSDPopout</depth>
				<description>Movie cover image</description>
				<left>60</left>
				<top>1050r</top>
				<width>900</width>
				<height>990</height>
				<texture fallback="DefaultVideoCover.png">$VAR[NowPlayingThumb]</texture>
				<aspectratio aligny="bottom">keep</aspectratio>
				<bordertexture infill="false" border="8">ThumbShadow.png</bordertexture>
				<bordersize>8</bordersize>
				<visible>VideoPlayer.Content(Movies)</visible>
			</control>
			<control type="image" id="1">
				<depth>DepthOSDPopout</depth>
				<description>PIcon image</description>
				<left>60</left>
				<top>600r</top>
				<width>900</width>
				<height>450</height>
				<texture fallback="DefaultVideoCover.png">$INFO[Player.Art(thumb)]</texture>
				<aspectratio aligny="center">keep</aspectratio>
				<visible>VideoPlayer.Content(LiveTV)</visible>
			</control>
			<control type="group" id="1">
				<left>990</left>
				<top>556r</top>
				<control type="label" id="1">
					<description>Heading label</description>
					<left>0</left>
					<top>0</top>
					<width>2730</width>
					<height>76</height>
					<align>left</align>
					<aligny>center</aligny>
					<font>font13</font>
					<label>$LOCALIZE[31040]</label>
					<textcolor>white</textcolor>
					<shadowcolor>black</shadowcolor>
					<visible>![VideoPlayer.Content(LiveTV) + [PVR.IsRecordingPlayingChannel | PVR.IsPlayingActiveRecording]]</visible>
					<animation effect="slide" start="0,0" end="0,76" time="0" condition="!VideoPlayer.Content(Movies) + !VideoPlayer.Content(Episodes) + !VideoPlayer.Content(MusicVideos) + !VideoPlayer.Content(LiveTV) + !PVR.IsPlayingRecording">conditional</animation>
				</control>
				<control type="image" id="1">
					<top>0</top>
					<width>150</width>
					<height>76</height>
					<aspectratio align="center" aligny="center">keep</aspectratio>
					<texture>PVR-IsRecording.png</texture>
					<visible>VideoPlayer.Content(LiveTV) + [[PVR.IsRecordingPlayingChannel + !Player.ChannelPreviewActive] | PVR.IsPlayingActiveRecording]</visible>
				</control>
				<control type="label" id="1">
					<description>Heading label</description>
					<left>150</left>
					<top>0</top>
					<width>2580</width>
					<height>76</height>
					<align>left</align>
					<aligny>center</aligny>
					<font>font13</font>
					<label>$LOCALIZE[19158]</label>
					<textcolor>white</textcolor>
					<shadowcolor>black</shadowcolor>
					<visible>VideoPlayer.Content(LiveTV) + [[PVR.IsRecordingPlayingChannel + !Player.ChannelPreviewActive] | PVR.IsPlayingActiveRecording]</visible>
				</control>
				<control type="label" id="1">
					<description>Studio label</description>
					<left>60</left>
					<top>90</top>
					<width>2730</width>
					<height>76</height>
					<align>left</align>
					<font>font12</font>
					<label>$INFO[VideoPlayer.Studio]</label>
					<textcolor>grey2</textcolor>
					<shadowcolor>black</shadowcolor>
					<visible>VideoPlayer.Content(Movies)</visible>
				</control>
				<control type="label" id="1">
					<description>TV Show label</description>
					<left>60</left>
					<top>90</top>
					<width>2730</width>
					<height>76</height>
					<align>left</align>
					<font>font12</font>
					<label>$INFO[VideoPlayer.TVShowTitle] ($INFO[VideoPlayer.Season,,x]$INFO[VideoPlayer.Episode])</label>
					<textcolor>grey2</textcolor>
					<shadowcolor>black</shadowcolor>
					<visible>VideoPlayer.Content(Episodes)</visible>
				</control>
				<control type="label" id="1">
					<description>Music Info label</description>
					<left>60</left>
					<top>90</top>
					<width>2730</width>
					<height>76</height>
					<align>left</align>
					<font>font12</font>
					<label>$INFO[VideoPlayer.Artist] $INFO[VideoPlayer.Album, - ]</label>
					<textcolor>grey2</textcolor>
					<shadowcolor>black</shadowcolor>
					<visible>VideoPlayer.Content(MusicVideos)</visible>
				</control>
				<control type="label" id="1">
					<description>LiveTV Info label</description>
					<left>60</left>
					<top>90</top>
					<width>2730</width>
					<height>76</height>
					<align>left</align>
					<font>font12</font>
					<label>$INFO[VideoPlayer.ChannelNumberLabel,([COLOR=blue],[/COLOR]) ]$INFO[VideoPlayer.ChannelName]$INFO[VideoPlayer.EpisodeName, (,)]</label>
					<textcolor>grey2</textcolor>
					<shadowcolor>black</shadowcolor>
					<visible>VideoPlayer.Content(LiveTV) | PVR.IsPlayingRecording</visible>
				</control>
				<control type="grouplist" id="1">
					<left>60</left>
					<top>180</top>
					<width>2730</width>
					<height>106</height>
					<itemgap>16</itemgap>
					<orientation>horizontal</orientation>
					<control type="label" id="1">
						<width min="30" max="1560">auto</width>
						<height>90</height>
						<font>font30</font>
						<align>left</align>
						<aligny>center</aligny>
						<label>$INFO[Player.Title]</label>
						<textcolor>orange</textcolor>
						<scroll>true</scroll>
					</control>
					<control type="image" id="1">
						<description>Video Resolution Image</description>
						<width>150</width>
						<height>106</height>
						<aspectratio align="center">keep</aspectratio>
						<texture>$INFO[VideoPlayer.VideoResolution,flagging/video/,.png]</texture>
						<visible>!Player.ChannelPreviewActive</visible>
					</control>
					<control type="image" id="1">
						<description>Codec Image</description>
						<width>220</width>
						<height>106</height>
						<aspectratio align="left">keep</aspectratio>
						<texture>$INFO[VideoPlayer.HdrType,flagging/video/,.png]</texture>
						<visible>!String.IsEmpty(VideoPlayer.HdrType)</visible>
					</control>
					<control type="image" id="1">
						<description>Audio Codec Image</description>
						<width>256</width>
						<height>106</height>
						<aspectratio align="center">keep</aspectratio>
						<visible>!Player.ChannelPreviewActive</visible>
						<texture>$INFO[VideoPlayer.AudioCodec,flagging/audio/,.png]</texture>
					</control>
					<control type="image" id="1">
						<description>Audio Channels Image</description>
						<width>150</width>
						<height>106</height>
						<aspectratio align="center">keep</aspectratio>
						<texture>$INFO[VideoPlayer.AudioChannels,flagging/audio/,.png]</texture>
						<visible>!Player.ChannelPreviewActive</visible>
					</control>
					<control type="group" id="1">
						<width>256</width>
						<height>106</height>
						<visible>![String.IsEmpty(VideoPlayer.AudioLanguage) | Player.ChannelPreviewActive]</visible>
						<control type="image" id="1">
							<left>16</left>
							<top>0</top>
							<description>Audio Language Image</description>
							<width>240</width>
							<height>106</height>
							<texture>flagging/AudioLang.png</texture>
						</control>
						<control type="label" id="1">
							<left>114</left>
							<top>6</top>
							<width>142</width>
							<height>106</height>
							<font>font13</font>
							<align>left</align>
							<label>$INFO[VideoPlayer.AudioLanguage]</label>
							<textcolor>grey</textcolor>
						</control>
					</control>
					<control type="group" id="1">
						<width>256</width>
						<height>106</height>
						<visible>![String.IsEmpty(VideoPlayer.SubtitlesLanguage) | Player.ChannelPreviewActive] + VideoPlayer.SubtitlesEnabled</visible>
						<control type="image" id="1">
							<left>16</left>
							<top>0</top>
							<width>240</width>
							<height>106</height>
							<texture>flagging/SubLang.png</texture>
						</control>
						<control type="label" id="1">
							<left>114</left>
							<top>6</top>
							<width>142</width>
							<height>106</height>
							<font>font13</font>
							<align>left</align>
							<label>$INFO[VideoPlayer.SubtitlesLanguage]</label>
							<textcolor>grey</textcolor>
						</control>
					</control>
				</control>
				<control type="label" id="1">
					<left>0</left>
					<top>360</top>
					<width>2730</width>
					<height>76</height>
					<label>$LOCALIZE[31049] $INFO[Player.FinishTime]</label>
					<align>center</align>
					<aligny>center</aligny>
					<font>font12</font>
					<textcolor>grey</textcolor>
					<scroll>true</scroll>
					<visible>[Player.ShowInfo | Window.IsVisible(VideoOSD)] + !VideoPlayer.Content(LiveTV)</visible>
					<animation effect="fade" time="150">VisibleChange</animation>
				</control>
				<control type="label" id="1">
					<left>0</left>
					<top>360</top>
					<width>2730</width>
					<height>76</height>
					<label>$INFO[VideoPlayer.NextTitle,[B]$LOCALIZE[19031]: [/B]]</label>
					<align>center</align>
					<aligny>center</aligny>
					<font>font12</font>
					<textcolor>grey</textcolor>
					<scroll>true</scroll>
					<visible>!Window.IsVisible(VideoOSD) + VideoPlayer.Content(LiveTV)</visible>
					<animation effect="fade" time="150">VisibleChange</animation>
				</control>
				<control type="label" id="1">
					<left>0</left>
					<top>450</top>
					<width>2730</width>
					<height>76</height>
					<label>[B]$LOCALIZE[31961][/B] $INFO[PVR.TimeshiftCur] (-$INFO[PVR.TimeshiftOffset])</label>
					<align>center</align>
					<aligny>center</aligny>
					<font>font12</font>
					<textcolor>grey</textcolor>
					<scroll>true</scroll>
					<visible>!Window.IsVisible(VideoOSD) + VideoPlayer.Content(LiveTV) + PVR.IsTimeShift</visible>
					<animation effect="fade" time="150">VisibleChange</animation>
				</control>
			</control>
			<control type="group" id="1">
				<left>990</left>
				<top>286r</top>
				<visible>!VideoPlayer.Content(LiveTV) | [VideoPlayer.Content(LiveTV) + VideoPlayer.HasEpg]</visible>
				<control type="label" id="1">
					<visible>!VideoPlayer.Content(LiveTV)</visible>
					<left>0</left>
					<top>0</top>
					<width>300</width>
					<height>120</height>
					<font>font13</font>
					<align>left</align>
					<aligny>center</aligny>
					<label>$INFO[Player.Time(hh:mm:ss)]</label>
				</control>
				<control type="label" id="1">
					<visible>VideoPlayer.Content(LiveTV)</visible>
					<left>0</left>
					<top>0</top>
					<width>300</width>
					<height>120</height>
					<font>font13</font>
					<align>left</align>
					<aligny>center</aligny>
					<label>$INFO[VideoPlayer.StartTime]</label>
				</control>
				<control type="group" id="1">
					<visible>VideoPlayer.Content(LiveTV)</visible>
					<control type="progress" id="1">
						<description>ProgressbarTimeshift</description>
						<left>300</left>
						<top>46</top>
						<width>2160</width>
						<height>48</height>
						<info>PVR.TimeshiftProgressBufferEnd</info>
						<midtexture border="9,13,9,13">OSDProgressMidLight.png</midtexture>
						<visible>PVR.IsTimeShift</visible>
					</control>
					<control type="progress" id="1">
						<description>Progressbar</description>
						<left>300</left>
						<top>46</top>
						<width>2160</width>
						<height>48</height>
						<info>PVR.EpgEventProgress</info>
					</control>
				</control>
				<control type="group" id="1">
					<visible>!VideoPlayer.Content(LiveTV)</visible>
					<control type="progress" id="1">
						<description>ProgressbarCache</description>
						<left>300</left>
						<top>46</top>
						<width>2160</width>
						<height>48</height>
						<info>Player.ProgressCache</info>
						<midtexture border="9,13,9,13">OSDProgressMidLight.png</midtexture>
						<visible>!Player.ChannelPreviewActive</visible>
					</control>
					<control type="progress" id="1">
						<description>Progressbar</description>
						<left>300</left>
						<top>46</top>
						<width>2160</width>
						<height>48</height>
						<info>Player.Progress</info>
					</control>
				</control>
				<control type="label" id="1">
					<visible>!VideoPlayer.Content(LiveTV)</visible>
					<left>2460</left>
					<top>0</top>
					<width>300</width>
					<height>120</height>
					<font>font13</font>
					<align>right</align>
					<aligny>center</aligny>
					<label>$INFO[Player.Duration(hh:mm:ss)]</label>
				</control>
				<control type="label" id="1">
					<visible>VideoPlayer.Content(LiveTV)</visible>
					<left>2460</left>
					<top>0</top>
					<width>300</width>
					<height>120</height>
					<font>font13</font>
					<align>right</align>
					<aligny>center</aligny>
					<label>$INFO[VideoPlayer.EndTime]</label>
				</control>
				<control type="ranges" id="1">
					<description>Chapters</description>
					<left>300</left>
					<top>46</top>
					<width>2160</width>
					<height>48</height>
					<info>Player.Chapters</info>
					<texturebg border="9,13,9,13" colordiffuse="00FFFFFF">OSDProgressBack.png</texturebg>
					<righttexture border="3,8,3,5" colordiffuse="FFFFFFFF">OSDProgressNib.png</righttexture>
				</control>
				<control type="ranges" id="1">
					<description>Cuts</description>
					<left>300</left>
					<top>46</top>
					<width>2160</width>
					<height>48</height>
					<info>Player.Cuts</info>
					<texturebg border="9,13,9,13" colordiffuse="00FFFFFF">OSDProgressBack.png</texturebg>
					<righttexture border="3,8,3,5" colordiffuse="FFFF0000">OSDProgressNib.png</righttexture>
				</control>
				<control type="ranges" id="1">
					<description>Scene Markers</description>
					<left>300</left>
					<top>46</top>
					<width>2160</width>
					<height>48</height>
					<info>Player.SceneMarkers</info>
					<texturebg border="9,13,9,13" colordiffuse="00FFFFFF">OSDProgressBack.png</texturebg>
					<righttexture border="3,8,3,5" colordiffuse="FF0000FF">OSDProgressNib.png</righttexture>
				</control>
				<control type="ranges" id="1">
					<description>Editlist</description>
					<left>300</left>
					<top>46</top>
					<width>2160</width>
					<height>48</height>
					<info>Player.Editlist</info>
					<texturebg border="9,13,9,13" colordiffuse="00FFFFFF">OSDProgressBack.png</texturebg>
					<lefttexture border="3,8,3,5" colordiffuse="FFFFFFFF">OSDProgressNib.png</lefttexture>
					<midtexture colordiffuse="FFFF0000">colors/white.png</midtexture>
					<righttexture border="3,8,3,5" colordiffuse="FFFFFFFF">OSDProgressNib.png</righttexture>
				</control>
			</control>
		</control>
		<control type="label" id="1">
			<description>Seek Number label</description>
			<left>90</left>
			<top>16</top>
			<width>3660</width>
			<height>76</height>
			<align>center</align>
			<aligny>center</aligny>
			<font>font13</font>
			<textcolor>white</textcolor>
			<shadowcolor>black</shadowcolor>
			<label>$INFO[Player.SeekNumeric]</label>
		</control>
	</controls>
</window>
