<?xml version="1.0" encoding="UTF-8"?>
<includes>
	<!-- ID: 10 -->
	<include name="PVRGuideViewTimeline">
		<control type="group">
			<description>TV Guide Timeline</description>
			<visible>Control.IsVisible(10)</visible>
			<include>VisibleFadeEffect</include>
			<control type="image">
				<description>separator image</description>
				<left>240</left>
				<top>304</top>
				<width>3300</width>
				<height>1</height>
				<colordiffuse>88FFFFFF</colordiffuse>
				<texture>separator2.png</texture>
			</control>
			<control type="epggrid" id="10">
				<description>EPG Grid</description>
				<left>240</left>
				<top>214</top>
				<width>3316</width>
				<height>1258</height>
				<onleft>101</onleft>
				<onright>60</onright>
				<onup>10</onup>
				<ondown>10</ondown>
				<viewtype label="19032">list</viewtype>
				<pagecontrol>60</pagecontrol>
				<scrolltime>350</scrolltime>
				<timeblocks>40</timeblocks>
				<rulerunit>6</rulerunit>
				<progresstexture border="0,48,18,14">PVR-EpgProgressIndicator.png</progresstexture>
				<rulerlayout height="106" width="120">
					<control type="label" id="2">
						<left>0</left>
						<top>0</top>
						<width>102</width>
						<height>88</height>
						<font>font12</font>
						<aligny>center</aligny>
						<selectedcolor>selected</selectedcolor>
						<align>center</align>
						<label>$INFO[ListItem.Label]</label>
						<visible>!ListItem.Property(DateLabel)</visible>
					</control>
					<control type="label" id="2">
						<left>0</left>
						<top>0</top>
						<width>102</width>
						<height>88</height>
						<font>font12</font>
						<aligny>center</aligny>
						<selectedcolor>selected</selectedcolor>
						<align>left</align>
						<label>$INFO[ListItem.Label]</label>
						<visible>ListItem.Property(DateLabel)</visible>
					</control>
				</rulerlayout>
				<channellayout height="144" width="840">
					<control type="image">
						<left>0</left>
						<top>0</top>
						<width>810</width>
						<height>144</height>
						<texture border="2">MenuItemNF.png</texture>
						<include>VisibleFadeEffect</include>
					</control>
					<control type="label">
						<left>16</left>
						<top>16</top>
						<width>120</width>
						<height>106</height>
						<font>font12</font>
						<align>left</align>
						<aligny>center</aligny>
						<textcolor>grey</textcolor>
						<selectedcolor>grey</selectedcolor>
						<info>ListItem.ChannelNumberLabel</info>
					</control>
					<control type="image">
						<left>136</left>
						<top>12</top>
						<width>136</width>
						<height>132</height>
						<texture>$INFO[ListItem.Icon]</texture>
						<aspectratio>keep</aspectratio>
					</control>
					<control type="label" id="1">
						<left>282</left>
						<top>0</top>
						<width>480</width>
						<height>144</height>
						<font>font13</font>
						<aligny>center</aligny>
						<selectedcolor>selected</selectedcolor>
						<align>left</align>
						<label>$INFO[ListItem.ChannelName]</label>
					</control>
				</channellayout>
				<focusedchannellayout height="144" width="840">
					<control type="image">
						<left>0</left>
						<top>0</top>
						<width>810</width>
						<height>144</height>
						<texture border="2">MenuItemNF.png</texture>
						<visible>!Control.HasFocus(10)</visible>
						<include>VisibleFadeEffect</include>
					</control>
					<control type="image">
						<left>0</left>
						<top>0</top>
						<width>810</width>
						<height>144</height>
						<texture border="2">MenuItemFO.png</texture>
						<visible>Control.HasFocus(10)</visible>
						<include>VisibleFadeEffect</include>
					</control>
					<control type="label">
						<left>16</left>
						<top>16</top>
						<width>120</width>
						<height>106</height>
						<font>font12</font>
						<align>left</align>
						<aligny>center</aligny>
						<textcolor>grey</textcolor>
						<selectedcolor>grey</selectedcolor>
						<info>ListItem.ChannelNumberLabel</info>
					</control>
					<control type="image">
						<left>136</left>
						<top>12</top>
						<width>136</width>
						<height>132</height>
						<texture>$INFO[ListItem.Icon]</texture>
						<aspectratio>keep</aspectratio>
					</control>
					<control type="label" id="1">
						<left>282</left>
						<top>0</top>
						<width>480</width>
						<height>144</height>
						<font>font13</font>
						<aligny>center</aligny>
						<selectedcolor>selected</selectedcolor>
						<align>left</align>
						<label>$INFO[ListItem.ChannelName]</label>
					</control>
				</focusedchannellayout>
				<itemlayout height="144" width="120">
					<control type="image" id="2">
						<width>120</width>
						<height>144</height>
						<left>0</left>
						<top>0</top>
						<aspectratio>stretch</aspectratio>
						<texture border="3">$VAR[EpgGenreVar]</texture>
						<!-- mod genre -->
					</control>
					<control type="label" id="1">
						<left>30</left>
						<top>10</top>
						<width>60</width>
						<height>76</height>
						<font>font12</font>
						<aligny>center</aligny>
						<selectedcolor>selected</selectedcolor>
						<align>left</align>
						<info>ListItem.Label</info>
					</control>
					<control type="image">
						<left>40</left>
						<top>84</top>
						<width>48</width>
						<height>48</height>
						<texture>$VAR[PVRTimerIcon]</texture>
						<animation effect="slide" start="0,0" end="80,0" condition="$EXP[epg_event_live]">Conditional</animation>
						<!--mod -->
					</control>
					<include>ViewsPVRGuideLive</include>
					<!-- mod -->
				</itemlayout>
				<focusedlayout height="144" width="120">
					<control type="image" id="14">
						<width>120</width>
						<height>144</height>
						<left>0</left>
						<top>0</top>
						<texture border="5">folder-focus.png</texture>
					</control>
					<control type="image" id="2">
						<width>120</width>
						<height>144</height>
						<left>0</left>
						<top>0</top>
						<aspectratio>stretch</aspectratio>
						<texture border="3">$VAR[EpgGenreVar]</texture>
						<!-- mod genre -->
					</control>
					<control type="label" id="1">
						<left>30</left>
						<top>10</top>
						<width>60</width>
						<height>76</height>
						<font>font12</font>
						<aligny>center</aligny>
						<selectedcolor>selected</selectedcolor>
						<align>left</align>
						<info>ListItem.Label</info>
					</control>
					<control type="image">
						<left>40</left>
						<top>84</top>
						<width>48</width>
						<height>48</height>
						<texture>$VAR[PVRTimerIcon]</texture>
						<animation effect="slide" start="0,0" end="80,0" condition="$EXP[epg_event_live]">Conditional</animation>
						<!--mod -->
					</control>
					<include>ViewsPVRGuideLive</include>
					<!-- mod -->
				</focusedlayout>
			</control>
			<control type="scrollbar" id="60">
				<left>3564</left>
				<top>312</top>
				<width>76</width>
				<height>1164</height>
				<texturesliderbackground border="0,28,0,28">ScrollBarV.png</texturesliderbackground>
				<texturesliderbar border="0,28,0,28">ScrollBarV_bar.png</texturesliderbar>
				<texturesliderbarfocus border="0,28,0,28">ScrollBarV_bar_focus.png</texturesliderbarfocus>
				<textureslidernib>ScrollBarNib.png</textureslidernib>
				<textureslidernibfocus>ScrollBarNib.png</textureslidernibfocus>
				<onleft>10</onleft>
				<onright>101</onright>
				<showonepage>false</showonepage>
				<orientation>vertical</orientation>
				<visible>Control.IsVisible(10)</visible>
			</control>
			<control type="group">
				<visible>!String.IsEmpty(ListItem.Label)</visible>
				<left>240</left>
				<top>1524</top>
				<control type="image">
					<left>186</left>
					<top>18</top>
					<width>390</width>
					<height>390</height>
					<texture background="true">$INFO[ListItem.Icon]</texture>
					<aspectratio align="center" aligny="top">keep</aspectratio>
				</control>
				<control type="label">
					<left>840</left>
					<top>0</top>
					<width>2520</width>
					<height>60</height>
					<label>[B]$INFO[ListItem.Label]$INFO[ListItem.EpisodeName, (,)][/B]</label>
					<font>font13</font>
					<textcolor>white</textcolor>
				</control>
				<control type="label">
					<left>840</left>
					<top>76</top>
					<width>2520</width>
					<height>60</height>
					<label>$INFO[ListItem.StartTime]$INFO[ListItem.EndTime, - ]$INFO[ListItem.Season, • $LOCALIZE[20373] ]$INFO[ListItem.Episode, • $LOCALIZE[20359] ]$INFO[ListItem.Genre, • ]</label>
					<font>font12</font>
					<textcolor>grey</textcolor>
				</control>
				<control type="textbox">
					<description>Plot value</description>
					<left>840</left>
					<top>172</top>
					<width>2520</width>
					<height>190</height>
					<font>font12</font>
					<align>justify</align>
					<textcolor>grey</textcolor>
					<autoscroll delay="10000" time="3000" repeat="6000">true</autoscroll>
					<label>$INFO[ListItem.Plot]</label>
				</control>
			</control>
		</control>
	</include>
	<!-- ID: 12 -->
	<include name="PVRGuideViewNext">
		<control type="group">
			<description>TV Guide Next</description>
			<visible>Control.IsVisible(12)</visible>
			<include>VisibleFadeEffect</include>
			<control type="group">
				<left>240</left>
				<top>180</top>
				<control type="label">
					<description>Time label</description>
					<left>0</left>
					<top>60</top>
					<width>300</width>
					<height>60</height>
					<font>font13_title</font>
					<textcolor>white</textcolor>
					<shadowcolor>black</shadowcolor>
					<align>center</align>
					<aligny>center</aligny>
					<label>555</label>
				</control>
				<control type="label">
					<description>Channel label</description>
					<left>300</left>
					<top>60</top>
					<width>750</width>
					<height>60</height>
					<font>font13_title</font>
					<textcolor>white</textcolor>
					<shadowcolor>black</shadowcolor>
					<align>center</align>
					<aligny>center</aligny>
					<label>19148</label>
				</control>
				<control type="label">
					<description>Title</description>
					<left>1050</left>
					<top>60</top>
					<width>1650</width>
					<height>60</height>
					<font>font13_title</font>
					<textcolor>white</textcolor>
					<shadowcolor>black</shadowcolor>
					<align>center</align>
					<aligny>center</aligny>
					<label>369</label>
				</control>
				<control type="label">
					<description>Status header label</description>
					<left>2880</left>
					<top>60</top>
					<width>420</width>
					<height>60</height>
					<font>font13_title</font>
					<textcolor>white</textcolor>
					<shadowcolor>black</shadowcolor>
					<align>center</align>
					<aligny>center</aligny>
					<label>126</label>
				</control>
				<control type="image">
					<description>separator image</description>
					<left>0</left>
					<top>150</top>
					<width>3300</width>
					<height>1</height>
					<colordiffuse>88FFFFFF</colordiffuse>
					<texture>separator2.png</texture>
				</control>
				<control type="list" id="12">
					<viewtype label="19031">list</viewtype>
					<left>0</left>
					<top>180</top>
					<width>3300</width>
					<height>1500</height>
					<onup>12</onup>
					<ondown>12</ondown>
					<onleft>101</onleft>
					<onright>76</onright>
					<pagecontrol>76</pagecontrol>
					<scrolltime>200</scrolltime>
					<itemlayout height="120">
						<control type="image">
							<left>0</left>
							<top>0</top>
							<width>3300</width>
							<height>124</height>
							<texture border="5">MenuItemNF.png</texture>
						</control>
						<control type="image">
							<left>300</left>
							<top>0</top>
							<width>750</width>
							<height>120</height>
							<colordiffuse>33FFFFFF</colordiffuse>
							<texture border="5">StackFO.png</texture>
						</control>
						<control type="image">
							<left>2880</left>
							<top>0</top>
							<width>420</width>
							<height>120</height>
							<colordiffuse>33FFFFFF</colordiffuse>
							<texture border="5">StackFO.png</texture>
						</control>
						<control type="label">
							<left>0</left>
							<top>0</top>
							<width>300</width>
							<height>120</height>
							<font>font12</font>
							<align>center</align>
							<aligny>center</aligny>
							<textcolor>grey2</textcolor>
							<selectedcolor>selected</selectedcolor>
							<info>ListItem.StartTime</info>
						</control>
						<control type="image">
							<left>330</left>
							<top>16</top>
							<width>90</width>
							<height>90</height>
							<info>ListItem.Icon</info>
							<aspectratio>keep</aspectratio>
						</control>
						<control type="label">
							<left>450</left>
							<top>0</top>
							<width>570</width>
							<height>106</height>
							<font>font12</font>
							<align>left</align>
							<aligny>center</aligny>
							<textcolor>grey2</textcolor>
							<selectedcolor>selected</selectedcolor>
							<info>ListItem.ChannelName</info>
						</control>
						<control type="label">
							<left>1080</left>
							<top>0</top>
							<width>1770</width>
							<height>106</height>
							<font>font13</font>
							<align>left</align>
							<aligny>center</aligny>
							<textcolor>grey2</textcolor>
							<selectedcolor>selected</selectedcolor>
							<label>$INFO[ListItem.Label]$INFO[ListItem.EpisodeName, (,)]</label>
						</control>
						<control type="image">
							<left>2910</left>
							<top>30</top>
							<width>60</width>
							<height>60</height>
							<texture>$VAR[PVRTimerIcon]</texture>
						</control>
						<control type="label">
							<left>3000</left>
							<top>0</top>
							<width>240</width>
							<height>120</height>
							<font>font10</font>
							<align>left</align>
							<aligny>center</aligny>
							<textcolor>grey2</textcolor>
							<selectedcolor>selected</selectedcolor>
							<label>$VAR[PVRTimerLabel]</label>
						</control>
					</itemlayout>
					<focusedlayout height="300">
						<control type="image">
							<left>0</left>
							<top>1</top>
							<width>3300</width>
							<height>294</height>
							<colordiffuse>AAFFFFFF</colordiffuse>
							<texture border="5">black-back2.png</texture>
						</control>
						<control type="image">
							<left>0</left>
							<top>0</top>
							<width>3300</width>
							<height>300</height>
							<texture border="5">MenuItemNF.png</texture>
						</control>
						<control type="image">
							<left>300</left>
							<top>0</top>
							<width>750</width>
							<height>120</height>
							<colordiffuse>AAFFFFFF</colordiffuse>
							<texture border="5">StackFO.png</texture>
							<visible>!Control.HasFocus(12)</visible>
						</control>
						<control type="image">
							<left>2880</left>
							<top>0</top>
							<width>420</width>
							<height>120</height>
							<colordiffuse>AAFFFFFF</colordiffuse>
							<texture border="5">StackFO.png</texture>
							<visible>!Control.HasFocus(12)</visible>
						</control>
						<control type="image">
							<left>300</left>
							<top>0</top>
							<width>750</width>
							<height>120</height>
							<colordiffuse>88FFFFFF</colordiffuse>
							<texture border="5">StackFO.png</texture>
							<visible>Control.HasFocus(12)</visible>
						</control>
						<control type="image">
							<left>2880</left>
							<top>0</top>
							<width>420</width>
							<height>120</height>
							<colordiffuse>88FFFFFF</colordiffuse>
							<texture border="5">StackFO.png</texture>
							<visible>Control.HasFocus(12)</visible>
						</control>
						<control type="label">
							<left>0</left>
							<top>0</top>
							<width>300</width>
							<height>120</height>
							<font>font12</font>
							<align>center</align>
							<aligny>center</aligny>
							<textcolor>white</textcolor>
							<selectedcolor>selected</selectedcolor>
							<info>ListItem.StartTime</info>
						</control>
						<control type="image">
							<left>330</left>
							<top>16</top>
							<width>90</width>
							<height>90</height>
							<info>ListItem.Icon</info>
							<aspectratio>keep</aspectratio>
						</control>
						<control type="label">
							<left>450</left>
							<top>0</top>
							<width>570</width>
							<height>106</height>
							<font>font12</font>
							<align>left</align>
							<aligny>center</aligny>
							<textcolor>white</textcolor>
							<selectedcolor>selected</selectedcolor>
							<info>ListItem.ChannelName</info>
						</control>
						<control type="label">
							<left>1080</left>
							<top>0</top>
							<width>1770</width>
							<height>106</height>
							<font>font13</font>
							<align>left</align>
							<aligny>center</aligny>
							<textcolor>white</textcolor>
							<selectedcolor>selected</selectedcolor>
							<label>$INFO[ListItem.Label]$INFO[ListItem.EpisodeName, (,)]</label>
						</control>
						<control type="textbox">
							<description>Plot Value for TVShow</description>
							<left>150</left>
							<top>112</top>
							<width>3000</width>
							<height>174</height>
							<font>font12</font>
							<align>justify</align>
							<textcolor>grey2</textcolor>
							<shadowcolor>black</shadowcolor>
							<pagecontrol />
							<label>$INFO[ListItem.Plot]</label>
						</control>
						<control type="image">
							<left>2910</left>
							<top>30</top>
							<width>60</width>
							<height>60</height>
							<texture>$VAR[PVRTimerIcon]</texture>
						</control>
						<control type="label">
							<left>3000</left>
							<top>0</top>
							<width>240</width>
							<height>120</height>
							<font>font10</font>
							<align>left</align>
							<aligny>center</aligny>
							<textcolor>grey2</textcolor>
							<selectedcolor>selected</selectedcolor>
							<label>$VAR[PVRTimerLabel]</label>
						</control>
					</focusedlayout>
				</control>
				<control type="scrollbar" id="76">
					<left>3316</left>
					<top>180</top>
					<width>76</width>
					<height>1500</height>
					<texturesliderbackground border="0,28,0,28">ScrollBarV.png</texturesliderbackground>
					<texturesliderbar border="0,28,0,28">ScrollBarV_bar.png</texturesliderbar>
					<texturesliderbarfocus border="0,28,0,28">ScrollBarV_bar_focus.png</texturesliderbarfocus>
					<textureslidernib>ScrollBarNib.png</textureslidernib>
					<textureslidernibfocus>ScrollBarNib.png</textureslidernibfocus>
					<onleft>12</onleft>
					<onright>101</onright>
					<showonepage>false</showonepage>
					<orientation>vertical</orientation>
				</control>
			</control>
			<control type="label">
				<depth>DepthFooter</depth>
				<animation effect="slide" start="0,0" end="-270,0" time="0" condition="system.getbool(input.enablemouse)">Conditional</animation>
				<description>Page Count Label</description>
				<right>120</right>
				<top>160r</top>
				<width>1500</width>
				<height>60</height>
				<font>font12</font>
				<textcolor>grey</textcolor>
				<scroll>false</scroll>
				<align>right</align>
				<aligny>center</aligny>
				<label>([COLOR=blue]$INFO[Container(12).NumItems][/COLOR]) $LOCALIZE[31025] - $LOCALIZE[31024] ([COLOR=blue]$INFO[Container(12).CurrentPage]/$INFO[Container(12).NumPages][/COLOR])</label>
			</control>
		</control>
	</include>
</includes>
