<?xml version="1.0" encoding="UTF-8"?>
<includes>
	<include name="MusicInfoListView">
		<control type="group">
			<visible>Control.IsVisible(506)</visible>
			<include>VisibleFadeEffect</include>
			<include content="CommonInfoListView">
				<param name="control_id" value="506" />
				<param name="view_label" value="$LOCALIZE[544]" />
				<param name="visible" value="Container.Content(Files) | Window.IsVisible(MusicPlaylist) |  Container.Content(Songs) | Container.Content(Albums)" />
			</include>
		</control>
		<control type="group">
			<visible>Control.IsVisible(507)</visible>
			<include>VisibleFadeEffect</include>
			<include content="CommonInfoListView">
				<param name="control_id" value="507" />
				<param name="view_label" value="$LOCALIZE[31040]" />
				<param name="visible" value="Window.IsVisible(MusicPlaylist) | Window.IsVisible(10502)" />
			</include>
		</control>
	</include>
	<include name="CommonInfoListView">
		<definition>
			<control type="list" id="$PARAM[control_id]">
				<left>210</left>
				<top>226</top>
				<width>2340</width>
				<height>1684</height>
				<onleft>2</onleft>
				<onright>60</onright>
				<onup>$PARAM[control_id]</onup>
				<ondown>$PARAM[control_id]</ondown>
				<viewtype label="$PARAM[view_label]">list</viewtype>
				<pagecontrol>60</pagecontrol>
				<scrolltime>200</scrolltime>
				<visible>$PARAM[visible]</visible>
				<itemlayout height="120" width="2340">
					<control type="image">
						<left>0</left>
						<top>0</top>
						<width>2340</width>
						<height>124</height>
						<texture border="0,2,0,2">MenuItemNF.png</texture>
					</control>
					<control type="label">
						<left>30</left>
						<top>0</top>
						<width>2190</width>
						<height>120</height>
						<font>font13</font>
						<textcolor>grey2</textcolor>
						<selectedcolor>selected</selectedcolor>
						<align>left</align>
						<aligny>center</aligny>
						<label>$INFO[ListItem.Label]</label>
					</control>
					<control type="label">
						<left>180</left>
						<top>0</top>
						<width>2100</width>
						<height>120</height>
						<font>font12</font>
						<textcolor>grey2</textcolor>
						<selectedcolor>selected</selectedcolor>
						<align>right</align>
						<aligny>center</aligny>
						<label>$INFO[ListItem.Label2]</label>
					</control>
				</itemlayout>
				<focusedlayout height="120" width="2280">
					<control type="image">
						<left>0</left>
						<top>0</top>
						<width>2280</width>
						<height>124</height>
						<texture border="0,2,0,2">MenuItemNF.png</texture>
						<visible>!Control.HasFocus($PARAM[control_id])</visible>
						<include>VisibleFadeEffect</include>
					</control>
					<control type="image">
						<left>0</left>
						<top>0</top>
						<width>2340</width>
						<height>124</height>
						<texture border="0,2,0,2">MenuItemFO.png</texture>
						<visible>Control.HasFocus($PARAM[control_id])</visible>
						<include>VisibleFadeEffect</include>
					</control>
					<control type="image">
						<left>1740</left>
						<top>16</top>
						<width>600</width>
						<height>94</height>
						<texture border="0,0,14,0">MediaItemDetailBG.png</texture>
						<visible>Control.HasFocus($PARAM[control_id]) + !String.IsEmpty(ListItem.Label2)</visible>
					</control>
					<control type="label">
						<left>30</left>
						<top>0</top>
						<width>2190</width>
						<height>120</height>
						<font>font13</font>
						<textcolor>white</textcolor>
						<selectedcolor>selected</selectedcolor>
						<align>left</align>
						<aligny>center</aligny>
						<label>$INFO[ListItem.Label]</label>
					</control>
					<control type="label">
						<left>180</left>
						<top>0</top>
						<width>2100</width>
						<height>120</height>
						<font>font12</font>
						<textcolor>grey2</textcolor>
						<selectedcolor>selected</selectedcolor>
						<align>right</align>
						<aligny>center</aligny>
						<label>$INFO[ListItem.Label2]</label>
					</control>
				</focusedlayout>
			</control>
			<control type="scrollbar" id="60">
				<left>2550</left>
				<top>234</top>
				<width>76</width>
				<height>1680</height>
				<texturesliderbackground border="0,28,0,28">ScrollBarV.png</texturesliderbackground>
				<texturesliderbar border="0,28,0,28">ScrollBarV_bar.png</texturesliderbar>
				<texturesliderbarfocus border="0,28,0,28">ScrollBarV_bar_focus.png</texturesliderbarfocus>
				<textureslidernib>ScrollBarNib.png</textureslidernib>
				<textureslidernibfocus>ScrollBarNib.png</textureslidernibfocus>
				<onleft>$PARAM[control_id]</onleft>
				<onright>2</onright>
				<showonepage>false</showonepage>
				<orientation>vertical</orientation>
				<visible>Control.IsVisible($PARAM[control_id])</visible>
			</control>
			<control type="group">
				<visible>Control.IsVisible($PARAM[control_id])</visible>
				<left>2730</left>
				<top>240</top>
				<control type="label">
					<left>30</left>
					<top>0</top>
					<width>870</width>
					<height>60</height>
					<label>$VAR[MusicInfoListViewLabel]</label>
					<align>center</align>
					<aligny>center</aligny>
					<font>font13</font>
					<textcolor>white</textcolor>
				</control>
				<control type="image">
					<left>30</left>
					<top>60</top>
					<width>870</width>
					<height>870</height>
					<aspectratio aligny="bottom">keep</aspectratio>
					<fadetime>IconCrossfadeTime</fadetime>
					<texture fallback="DefaultAlbumCover.png" background="true">$VAR[MusicInfoListViewThumb]</texture>
					<bordertexture infill="false" border="8">ThumbShadow.png</bordertexture>
					<bordersize>8</bordersize>
				</control>
				<control type="image">
					<left>30</left>
					<top>946</top>
					<width>504</width>
					<height>60</height>
					<texture fallback="ratings/0.png">$VAR[MusicInfoListViewtRating]</texture>
				</control>
				<control type="label">
					<left>30</left>
					<top>1020</top>
					<width>870</width>
					<height>600</height>
					<label>$VAR[MusicInfoListViewPanel]</label>
					<wrapmultiline>true</wrapmultiline>
					<scroll>true</scroll>
					<align>left</align>
					<font>font12_title</font>
					<textcolor>white</textcolor>
					<shadowcolor>black</shadowcolor>
				</control>
			</control>
		</definition>
	</include>
	<include name="AlbumWrapView2_Fanart">
		<control type="group">
			<left>0</left>
			<top>1050</top>
			<visible>Control.IsVisible(509) + Skin.HasSetting(View509HideInfo)</visible>
			<include>VisibleFadeEffect</include>
			<control type="image">
				<left>0</left>
				<top>0</top>
				<width>3840</width>
				<height>810</height>
				<texture border="1">HomeNowPlayingBack.png</texture>
			</control>
			<control type="label">
				<left>120</left>
				<top>210</top>
				<width>3600</width>
				<height>60</height>
				<font>font24_title</font>
				<textcolor>white</textcolor>
				<shadowcolor>black</shadowcolor>
				<scroll>true</scroll>
				<align>center</align>
				<aligny>center</aligny>
				<label>$INFO[ListItem.Label]</label>
				<animation effect="slide" start="0,0" end="0,60" time="150" condition="!Control.HasFocus(509)">conditional</animation>
			</control>
		</control>
		<control type="group">
			<visible>Control.IsVisible(509)</visible>
			<include>VisibleFadeEffect</include>
			<left>0</left>
			<top>1350</top>
			<control type="fixedlist" id="509">
				<depth>DepthContent-</depth>
				<visible>Container.Content(Albums)</visible>
				<hitrect x="0" y="-30" w="3840" h="570" />
				<left>-240</left>
				<top>0</top>
				<width>4080</width>
				<height>750</height>
				<onleft>509</onleft>
				<onright>509</onright>
				<onup>2</onup>
				<ondown>60</ondown>
				<viewtype label="31029">wrap</viewtype>
				<pagecontrol>60</pagecontrol>
				<scrolltime>200</scrolltime>
				<focusposition>4</focusposition>
				<movement>2</movement>
				<orientation>horizontal</orientation>
				<preloaditems>4</preloaditems>
				<itemlayout height="600" width="480">
					<control type="image">
						<left>6</left>
						<top>60</top>
						<width>480</width>
						<height>480</height>
						<aspectratio>stretch</aspectratio>
						<bordertexture infill="false" border="5">button-nofocus.png</bordertexture>
						<bordersize>4</bordersize>
						<fadetime>200</fadetime>
						<texture background="true">$INFO[ListItem.Icon]</texture>
					</control>
					<control type="image">
						<left>18</left>
						<top>72</top>
						<width>456</width>
						<height>456</height>
						<aspectratio>stretch</aspectratio>
						<texture>black-back.png</texture>
						<colordiffuse>AAFFFFFF</colordiffuse>
					</control>
					<control type="image">
						<left>6</left>
						<top>540</top>
						<width>480</width>
						<height>480</height>
						<aspectratio>stretch</aspectratio>
						<bordertexture infill="false" border="5" diffuse="diffuse_mirror2.png">button-nofocus.png</bordertexture>
						<bordersize>4</bordersize>
						<fadetime>200</fadetime>
						<texture background="true" flipy="true" diffuse="diffuse_mirror2.png">$INFO[ListItem.Icon]</texture>
					</control>
				</itemlayout>
				<focusedlayout height="600" width="480">
					<control type="image">
						<depth>DepthContentPopout</depth>
						<left>-6</left>
						<top>48</top>
						<width>504</width>
						<height>504</height>
						<aspectratio>stretch</aspectratio>
						<bordertexture infill="false" border="8">ThumbBorder.png</bordertexture>
						<bordersize>8</bordersize>
						<fadetime>200</fadetime>
						<texture background="true">$INFO[ListItem.Icon]</texture>
						<animation reversible="false" effect="zoom" start="-6,48,504,504" end="-36,-12,594,594" time="150">focus</animation>
						<animation reversible="false" effect="zoom" end="-6,48,504,504" start="-36,-12,594,594" time="150">unfocus</animation>
					</control>
					<control type="image">
						<depth>DepthContentPopout</depth>
						<left>540</left>
						<top>976</top>
						<width>106</width>
						<height>106</height>
						<aspectratio>keep</aspectratio>
						<texture>$INFO[ListItem.Overlay]</texture>
						<animation type="focus">
							<effect type="fade" start="0" end="100" time="150" />
							<effect type="slide" start="0,0" end="120,120" time="150" />
						</animation>
						<animation type="unfocus">
							<effect type="fade" start="100" end="0" time="150" />
							<effect type="slide" end="0,0" start="120,120" time="150" />
						</animation>
					</control>
				</focusedlayout>
			</control>
			<control type="scrollbar" id="60">
				<depth>DepthContent</depth>
				<left>930</left>
				<top>586</top>
				<width>1980</width>
				<height>76</height>
				<texturesliderbackground border="28,0,28,0">ScrollBarH.png</texturesliderbackground>
				<texturesliderbar border="28,0,28,0">ScrollBarH_bar.png</texturesliderbar>
				<texturesliderbarfocus border="28,0,28,0">ScrollBarH_bar_focus.png</texturesliderbarfocus>
				<textureslidernib>ScrollBarNib.png</textureslidernib>
				<textureslidernibfocus>ScrollBarNib.png</textureslidernibfocus>
				<onup>509</onup>
				<ondown>2</ondown>
				<showonepage>false</showonepage>
				<orientation>horizontal</orientation>
				<visible>Control.IsVisible(509)</visible>
			</control>
		</control>
		<control type="group">
			<left>540</left>
			<top>120</top>
			<visible>Control.IsVisible(509) + !Skin.HasSetting(View509HideInfo)</visible>
			<include>VisibleFadeEffect</include>
			<control type="image">
				<left>0</left>
				<top>0</top>
				<width>2760</width>
				<height>1230</height>
				<texture border="20">ContentPanel.png</texture>
			</control>
			<control type="label">
				<left>120</left>
				<top>60</top>
				<width>2520</width>
				<height>60</height>
				<font>font13</font>
				<textcolor>white</textcolor>
				<shadowcolor>black</shadowcolor>
				<scroll>true</scroll>
				<align>center</align>
				<aligny>center</aligny>
				<label>$INFO[ListItem.Property(Album_Artist)]</label>
			</control>
			<control type="label">
				<left>120</left>
				<top>150</top>
				<width>2520</width>
				<height>60</height>
				<font>font24_title</font>
				<textcolor>blue</textcolor>
				<shadowcolor>black</shadowcolor>
				<scroll>true</scroll>
				<align>center</align>
				<aligny>center</aligny>
				<label>$INFO[ListItem.Label]</label>
			</control>
			<control type="group">
				<left>120</left>
				<top>240</top>
				<control type="label">
					<left>0</left>
					<top>0</top>
					<width>1200</width>
					<height>90</height>
					<font>font13_title</font>
					<textcolor>white</textcolor>
					<shadowcolor>black</shadowcolor>
					<scroll>true</scroll>
					<align>left</align>
					<aligny>center</aligny>
					<label>31331</label>
				</control>
				<control type="label">
					<left>0</left>
					<top>106</top>
					<width>2550</width>
					<height>90</height>
					<font>font13</font>
					<textcolor>white</textcolor>
					<shadowcolor>black</shadowcolor>
					<scroll>true</scroll>
					<align>left</align>
					<aligny>center</aligny>
					<label>$LOCALIZE[515]: $INFO[ListItem.Genre]</label>
				</control>
				<control type="label">
					<left>0</left>
					<top>196</top>
					<width>2550</width>
					<height>90</height>
					<font>font13</font>
					<textcolor>white</textcolor>
					<shadowcolor>black</shadowcolor>
					<scroll>true</scroll>
					<align>left</align>
					<aligny>center</aligny>
					<label>$LOCALIZE[562]: $INFO[ListItem.Year]</label>
				</control>
				<control type="fadelabel">
					<left>0</left>
					<top>286</top>
					<width>1200</width>
					<height>90</height>
					<font>font13</font>
					<textcolor>white</textcolor>
					<shadowcolor>black</shadowcolor>
					<scroll>true</scroll>
					<align>left</align>
					<aligny>center</aligny>
					<label>$LOCALIZE[563]:</label>
					<scrollout>false</scrollout>
					<pauseatend>2000</pauseatend>
				</control>
				<control type="label">
					<description>Rating value</description>
					<left>300</left>
					<top>286</top>
					<width>480</width>
					<height>96</height>
					<label>$INFO[ListItem.Userrating]</label>
				</control>
				<control type="textbox">
					<description>Description Value for Album</description>
					<left>0</left>
					<top>456</top>
					<width>2550</width>
					<height>432</height>
					<font>font13</font>
					<align>justify</align>
					<pagecontrol />
					<textcolor>white</textcolor>
					<label>$INFO[ListItem.Property(Album_Description)]</label>
					<autoscroll time="2000" delay="3000" repeat="5000">Skin.HasSetting(AutoScroll)</autoscroll>
				</control>
			</control>
		</control>
	</include>
	<include name="MusicVideoInfoListView">
		<control type="group">
			<visible>Control.IsVisible(511)</visible>
			<include>VisibleFadeEffect</include>
			<control type="list" id="511">
				<left>210</left>
				<top>226</top>
				<width>2280</width>
				<height>1684</height>
				<onleft>2</onleft>
				<onright>60</onright>
				<onup>511</onup>
				<ondown>511</ondown>
				<viewtype label="$LOCALIZE[544]">list</viewtype>
				<pagecontrol>60</pagecontrol>
				<scrolltime>200</scrolltime>
				<visible>Container.Content(MusicVideos)</visible>
				<itemlayout height="120" width="2280">
					<control type="image">
						<left>0</left>
						<top>0</top>
						<width>2280</width>
						<height>124</height>
						<texture border="0,2,0,2">MenuItemNF.png</texture>
					</control>
					<control type="label">
						<left>30</left>
						<top>0</top>
						<width>2160</width>
						<height>120</height>
						<font>font13</font>
						<textcolor>grey2</textcolor>
						<selectedcolor>selected</selectedcolor>
						<align>left</align>
						<aligny>center</aligny>
						<label>$INFO[ListItem.Label]</label>
					</control>
					<control type="label">
						<left>90</left>
						<top>0</top>
						<width>2100</width>
						<height>120</height>
						<font>font12</font>
						<textcolor>grey2</textcolor>
						<selectedcolor>selected</selectedcolor>
						<align>right</align>
						<aligny>center</aligny>
						<label>$INFO[ListItem.Label2]</label>
					</control>
					<control type="image">
						<left>2206</left>
						<top>42</top>
						<width>60</width>
						<height>48</height>
						<texture>$INFO[ListItem.Overlay]</texture>
						<aspectratio>keep</aspectratio>
					</control>
				</itemlayout>
				<focusedlayout height="120" width="2280">
					<control type="image">
						<left>0</left>
						<top>0</top>
						<width>2280</width>
						<height>124</height>
						<texture border="0,2,0,2">MenuItemNF.png</texture>
						<visible>!Control.HasFocus(511)</visible>
						<include>VisibleFadeEffect</include>
					</control>
					<control type="image">
						<left>0</left>
						<top>0</top>
						<width>2280</width>
						<height>124</height>
						<texture border="0,2,0,2">MenuItemFO.png</texture>
						<visible>Control.HasFocus(511)</visible>
						<include>VisibleFadeEffect</include>
					</control>
					<control type="image">
						<left>1680</left>
						<top>16</top>
						<width>600</width>
						<height>94</height>
						<texture border="0,0,14,0">MediaItemDetailBG.png</texture>
						<visible>Control.HasFocus(511) + !String.IsEmpty(ListItem.Label2)</visible>
					</control>
					<control type="label">
						<left>30</left>
						<top>0</top>
						<width>2160</width>
						<height>120</height>
						<font>font13</font>
						<textcolor>white</textcolor>
						<selectedcolor>selected</selectedcolor>
						<align>left</align>
						<aligny>center</aligny>
						<label>$INFO[ListItem.Label]</label>
					</control>
					<control type="label">
						<left>90</left>
						<top>0</top>
						<width>2100</width>
						<height>120</height>
						<font>font12</font>
						<textcolor>grey2</textcolor>
						<selectedcolor>selected</selectedcolor>
						<align>right</align>
						<aligny>center</aligny>
						<label>$INFO[ListItem.Label2]</label>
					</control>
					<control type="image">
						<left>2206</left>
						<top>42</top>
						<width>60</width>
						<height>48</height>
						<texture>$INFO[ListItem.Overlay]</texture>
						<aspectratio>keep</aspectratio>
					</control>
				</focusedlayout>
			</control>
			<control type="scrollbar" id="60">
				<left>2550</left>
				<top>234</top>
				<width>76</width>
				<height>1680</height>
				<texturesliderbackground border="0,28,0,28">ScrollBarV.png</texturesliderbackground>
				<texturesliderbar border="0,28,0,28">ScrollBarV_bar.png</texturesliderbar>
				<texturesliderbarfocus border="0,28,0,28">ScrollBarV_bar_focus.png</texturesliderbarfocus>
				<textureslidernib>ScrollBarNib.png</textureslidernib>
				<textureslidernibfocus>ScrollBarNib.png</textureslidernibfocus>
				<onleft>511</onleft>
				<onright>2</onright>
				<showonepage>false</showonepage>
				<orientation>vertical</orientation>
				<visible>Control.IsVisible(511)</visible>
			</control>
			<control type="group">
				<left>2730</left>
				<top>240</top>
				<control type="image">
					<left>30</left>
					<top>0</top>
					<width>870</width>
					<height>690</height>
					<aspectratio>keep</aspectratio>
					<fadetime>IconCrossfadeTime</fadetime>
					<texture background="true">$VAR[PosterThumb]</texture>
					<bordertexture infill="false" border="8">ThumbShadow.png</bordertexture>
					<bordersize>8</bordersize>
				</control>
				<control type="grouplist">
					<description>Media Codec Flagging Images</description>
					<left>30</left>
					<top>690</top>
					<width>870</width>
					<align>center</align>
					<itemgap>0</itemgap>
					<orientation>horizontal</orientation>
					<include>VideoCodecFlaggingConditions</include>
					<include>AudioCodecFlaggingConditions</include>
				</control>
				<control type="label">
					<left>30</left>
					<top>870</top>
					<width>870</width>
					<height>76</height>
					<label>$INFO[ListItem.Artist]</label>
					<scroll>true</scroll>
					<align>center</align>
					<aligny>center</aligny>
					<font>font24_title</font>
					<textcolor>white</textcolor>
					<shadowcolor>black</shadowcolor>
				</control>
				<control type="label">
					<left>30</left>
					<top>1050</top>
					<width>870</width>
					<height>76</height>
					<label>$INFO[ListItem.Album]</label>
					<wrapmultiline>true</wrapmultiline>
					<align>center</align>
					<aligny>center</aligny>
					<font>font13</font>
					<textcolor>grey2</textcolor>
					<shadowcolor>black</shadowcolor>
				</control>
				<control type="label">
					<left>30</left>
					<top>1230</top>
					<width>870</width>
					<height>76</height>
					<label>$INFO[ListItem.Title]</label>
					<scroll>true</scroll>
					<align>center</align>
					<aligny>top</aligny>
					<font>font13_title</font>
					<textcolor>white</textcolor>
					<shadowcolor>black</shadowcolor>
					<wrapmultiline>true</wrapmultiline>
					<visible>!Container.Content(Albums)</visible>
				</control>
				<control type="label">
					<left>30</left>
					<top>1410</top>
					<width>870</width>
					<height>76</height>
					<label>$INFO[ListItem.Studio]</label>
					<scroll>true</scroll>
					<align>center</align>
					<aligny>top</aligny>
					<font>font13</font>
					<textcolor>grey2</textcolor>
					<shadowcolor>black</shadowcolor>
					<wrapmultiline>true</wrapmultiline>
				</control>
				<control type="label">
					<description>Year txt</description>
					<left>30</left>
					<top>1590</top>
					<width>870</width>
					<height>76</height>
					<label>$INFO[listitem.Year,[COLOR=blue]$LOCALIZE[345]: [/COLOR]]</label>
					<align>center</align>
					<aligny>center</aligny>
					<font>font13_title</font>
					<textcolor>white</textcolor>
				</control>
			</control>
		</control>
	</include>
	<include name="ArtistMediaListView">
		<control type="group">
			<visible>Control.IsVisible(512)</visible>
			<include>VisibleFadeEffect</include>
			<control type="list" id="512">
				<left>210</left>
				<top>234</top>
				<width>1740</width>
				<height>1684</height>
				<onleft>2</onleft>
				<onright>60</onright>
				<onup>512</onup>
				<ondown>512</ondown>
				<viewtype label="$LOCALIZE[544]">list</viewtype>
				<pagecontrol>60</pagecontrol>
				<scrolltime>200</scrolltime>
				<visible>Container.Content(Artists)</visible>
				<itemlayout height="120" width="1740">
					<control type="image">
						<left>0</left>
						<top>0</top>
						<width>1740</width>
						<height>124</height>
						<texture border="0,2,0,2">MenuItemNF.png</texture>
					</control>
					<control type="label">
						<left>30</left>
						<top>0</top>
						<width>1680</width>
						<height>120</height>
						<font>font13</font>
						<textcolor>grey2</textcolor>
						<selectedcolor>selected</selectedcolor>
						<align>left</align>
						<aligny>center</aligny>
						<label>$INFO[ListItem.Label]</label>
					</control>
				</itemlayout>
				<focusedlayout height="120" width="1740">
					<control type="image">
						<left>0</left>
						<top>0</top>
						<width>1740</width>
						<height>124</height>
						<texture border="0,2,0,2">MenuItemNF.png</texture>
						<visible>!Control.HasFocus(512)</visible>
						<include>VisibleFadeEffect</include>
					</control>
					<control type="image">
						<left>0</left>
						<top>0</top>
						<width>1740</width>
						<height>124</height>
						<texture border="0,2,0,2">MenuItemFO.png</texture>
						<visible>Control.HasFocus(512)</visible>
						<include>VisibleFadeEffect</include>
					</control>
					<control type="label">
						<left>30</left>
						<top>0</top>
						<width>1680</width>
						<height>120</height>
						<font>font13</font>
						<textcolor>white</textcolor>
						<selectedcolor>selected</selectedcolor>
						<align>left</align>
						<aligny>center</aligny>
						<label>$INFO[ListItem.Label]</label>
					</control>
				</focusedlayout>
			</control>
			<control type="scrollbar" id="60">
				<left>1950</left>
				<top>234</top>
				<width>76</width>
				<height>1680</height>
				<texturesliderbackground border="0,28,0,28">ScrollBarV.png</texturesliderbackground>
				<texturesliderbar border="0,28,0,28">ScrollBarV_bar.png</texturesliderbar>
				<texturesliderbarfocus border="0,28,0,28">ScrollBarV_bar_focus.png</texturesliderbarfocus>
				<textureslidernib>ScrollBarNib.png</textureslidernib>
				<textureslidernibfocus>ScrollBarNib.png</textureslidernibfocus>
				<onleft>512</onleft>
				<onright>2</onright>
				<showonepage>false</showonepage>
				<orientation>vertical</orientation>
				<visible>Control.IsVisible(512)</visible>
			</control>
			<control type="group">
				<left>2130</left>
				<top>210</top>
				<control type="image">
					<left>0</left>
					<top>0</top>
					<width>1530</width>
					<height>900</height>
					<aspectratio>keep</aspectratio>
					<fadetime>IconCrossfadeTime</fadetime>
					<texture background="true">$INFO[ListItem.Icon]</texture>
					<bordertexture infill="false" border="8">ThumbShadow.png</bordertexture>
					<bordersize>8</bordersize>
				</control>
				<control type="group">
					<top>930</top>
					<control type="label">
						<description>Born txt</description>
						<left>0</left>
						<top>0</top>
						<width>420</width>
						<height>76</height>
						<label>$LOCALIZE[21893]:</label>
						<align>right</align>
						<aligny>center</aligny>
						<font>font13_title</font>
						<textcolor>blue</textcolor>
						<visible>!String.IsEmpty(ListItem.Property(Artist_Born))</visible>
					</control>
					<control type="label">
						<description>Born Value</description>
						<left>450</left>
						<top>0</top>
						<width>1050</width>
						<height>76</height>
						<label>$INFO[ListItem.Property(Artist_Born)]</label>
						<align>left</align>
						<aligny>center</aligny>
						<font>font13</font>
						<scroll>true</scroll>
						<visible>!String.IsEmpty(ListItem.Property(Artist_Born))</visible>
					</control>
					<control type="label">
						<description>Formed txt</description>
						<left>0</left>
						<top>0</top>
						<width>420</width>
						<height>76</height>
						<label>$LOCALIZE[21894]:</label>
						<align>right</align>
						<aligny>center</aligny>
						<font>font13_title</font>
						<textcolor>blue</textcolor>
						<visible>!String.IsEmpty(ListItem.Property(Artist_Formed))</visible>
					</control>
					<control type="label">
						<description>Formed Value</description>
						<left>450</left>
						<top>0</top>
						<width>1050</width>
						<height>76</height>
						<label>$INFO[ListItem.Property(Artist_Formed)]</label>
						<align>left</align>
						<aligny>center</aligny>
						<font>font13</font>
						<scroll>true</scroll>
						<visible>!String.IsEmpty(ListItem.Property(Artist_Formed))</visible>
					</control>
					<control type="label">
						<description>Genre txt</description>
						<left>0</left>
						<top>90</top>
						<width>420</width>
						<height>76</height>
						<label>$LOCALIZE[515]:</label>
						<align>right</align>
						<aligny>center</aligny>
						<font>font13_title</font>
						<textcolor>blue</textcolor>
					</control>
					<control type="label">
						<description>Genre Value</description>
						<left>450</left>
						<top>90</top>
						<width>1050</width>
						<height>76</height>
						<label fallback="10005">$INFO[ListItem.Property(Artist_Genre)]</label>
						<align>left</align>
						<aligny>center</aligny>
						<font>font13</font>
						<scroll>true</scroll>
					</control>
					<control type="image">
						<left>0</left>
						<top>180</top>
						<width>1530</width>
						<height>12</height>
						<texture>separator.png</texture>
					</control>
					<control type="textbox">
						<description>Description Value for Artist</description>
						<left>30</left>
						<top>216</top>
						<width>1470</width>
						<height>570</height>
						<font>font13</font>
						<align>justify</align>
						<textcolor>white</textcolor>
						<label>$INFO[ListItem.Property(Artist_Description)]</label>
						<autoscroll time="2000" delay="3000" repeat="5000">Skin.HasSetting(AutoScroll)</autoscroll>
					</control>
				</control>
			</control>
		</control>
	</include>
	<include name="AlbumInfoListView">
		<control type="group">
			<visible>Control.IsVisible(513)</visible>
			<include>VisibleFadeEffect</include>
			<control type="list" id="513">
				<left>210</left>
				<top>226</top>
				<width>2340</width>
				<height>1684</height>
				<onleft>2</onleft>
				<onright>51360</onright>
				<onup>513</onup>
				<ondown>513</ondown>
				<viewtype label="$LOCALIZE[10523]">list</viewtype>
				<pagecontrol>51360</pagecontrol>
				<scrolltime>200</scrolltime>
				<visible>Container.Content(Albums)</visible>
				<itemlayout height="120" width="2340">
					<control type="image">
						<left>0</left>
						<top>0</top>
						<width>2340</width>
						<height>124</height>
						<texture border="0,2,0,2">MenuItemNF.png</texture>
					</control>
					<control type="label">
						<left>30</left>
						<top>0</top>
						<width>2190</width>
						<height>120</height>
						<font>font13</font>
						<textcolor>grey2</textcolor>
						<selectedcolor>selected</selectedcolor>
						<align>left</align>
						<aligny>center</aligny>
						<label>$INFO[ListItem.Label]</label>
					</control>
					<control type="label">
						<left>180</left>
						<top>0</top>
						<width>2100</width>
						<height>120</height>
						<font>font12</font>
						<textcolor>grey2</textcolor>
						<selectedcolor>selected</selectedcolor>
						<align>right</align>
						<aligny>center</aligny>
						<label>$INFO[ListItem.Label2]</label>
					</control>
				</itemlayout>
				<focusedlayout height="120" width="2340">
					<control type="image">
						<left>0</left>
						<top>0</top>
						<width>2340</width>
						<height>124</height>
						<texture border="0,2,0,2">MenuItemNF.png</texture>
						<visible>!Control.HasFocus(513)</visible>
						<include>VisibleFadeEffect</include>
					</control>
					<control type="image">
						<left>0</left>
						<top>0</top>
						<width>2340</width>
						<height>124</height>
						<texture border="0,2,0,2">MenuItemFO.png</texture>
						<visible>Control.HasFocus(513)</visible>
						<include>VisibleFadeEffect</include>
					</control>
					<control type="image">
						<left>1740</left>
						<top>16</top>
						<width>600</width>
						<height>94</height>
						<texture border="0,0,14,0">MediaItemDetailBG.png</texture>
						<visible>Control.HasFocus(513) + !String.IsEmpty(ListItem.Label2)</visible>
					</control>
					<control type="label">
						<left>30</left>
						<top>0</top>
						<width>2190</width>
						<height>120</height>
						<font>font13</font>
						<textcolor>white</textcolor>
						<selectedcolor>selected</selectedcolor>
						<align>left</align>
						<aligny>center</aligny>
						<label>$INFO[ListItem.Label]</label>
					</control>
					<control type="label">
						<left>180</left>
						<top>0</top>
						<width>2100</width>
						<height>120</height>
						<font>font12</font>
						<textcolor>grey2</textcolor>
						<selectedcolor>selected</selectedcolor>
						<align>right</align>
						<aligny>center</aligny>
						<label>$INFO[ListItem.Label2]</label>
					</control>
				</focusedlayout>
			</control>
			<control type="scrollbar" id="51360">
				<left>2550</left>
				<top>234</top>
				<width>76</width>
				<height>1680</height>
				<texturesliderbackground border="0,28,0,28">ScrollBarV.png</texturesliderbackground>
				<texturesliderbar border="0,28,0,28">ScrollBarV_bar.png</texturesliderbar>
				<texturesliderbarfocus border="0,28,0,28">ScrollBarV_bar_focus.png</texturesliderbarfocus>
				<textureslidernib>ScrollBarNib.png</textureslidernib>
				<textureslidernibfocus>ScrollBarNib.png</textureslidernibfocus>
				<onleft>513</onleft>
				<onright>2</onright>
				<showonepage>false</showonepage>
				<orientation>vertical</orientation>
				<visible>Control.IsVisible(513)</visible>
			</control>
			<control type="group">
				<left>2730</left>
				<top>210</top>
				<control type="image">
					<left>30</left>
					<top>0</top>
					<width>870</width>
					<height>720</height>
					<aspectratio aligny="bottom">keep</aspectratio>
					<fadetime>IconCrossfadeTime</fadetime>
					<texture background="true">$INFO[ListItem.Icon]</texture>
					<bordertexture infill="false" border="8">ThumbShadow.png</bordertexture>
					<bordersize>8</bordersize>
				</control>
				<control type="label">
					<description>Description Header txt</description>
					<left>30</left>
					<top>720</top>
					<width>870</width>
					<height>76</height>
					<label>21821</label>
					<align>center</align>
					<aligny>center</aligny>
					<font>font12_title</font>
					<textcolor>blue</textcolor>
					<shadowcolor>black</shadowcolor>
				</control>
				<control type="textbox">
					<description>Description Value for Album</description>
					<left>30</left>
					<top>816</top>
					<width>870</width>
					<height>894</height>
					<font>font13</font>
					<align>justify</align>
					<pagecontrol />
					<textcolor>white</textcolor>
					<label>$INFO[ListItem.Property(Album_Description)]</label>
					<autoscroll time="2000" delay="3000" repeat="5000">Skin.HasSetting(AutoScroll)</autoscroll>
				</control>
			</control>
		</control>
	</include>
</includes>
