<?xml version="1.0" encoding="UTF-8"?>
<includes>
	<include name="CommonRootView">
		<control type="group">
			<visible>Control.IsVisible(50)</visible>
			<include>VisibleFadeEffect</include>
			<control type="list" id="50">
				<left>210</left>
				<top>234</top>
				<width>2070</width>
				<height>1684</height>
				<onleft>2</onleft>
				<onright>60</onright>
				<onup>50</onup>
				<ondown>50</ondown>
				<viewtype label="535">list</viewtype>
				<pagecontrol>60</pagecontrol>
				<scrolltime>200</scrolltime>
				<itemlayout height="120" width="1740">
					<control type="image">
						<left>0</left>
						<top>0</top>
						<width>2070</width>
						<height>124</height>
						<texture border="0,2,0,2">MenuItemNF.png</texture>
					</control>
					<control type="label">
						<left>30</left>
						<top>0</top>
						<width>1740</width>
						<height>120</height>
						<font>font13</font>
						<textcolor>grey2</textcolor>
						<selectedcolor>selected</selectedcolor>
						<align>left</align>
						<aligny>center</aligny>
						<label>$VAR[ShowCustomLabel]</label>
					</control>
					<control type="label">
						<left>840</left>
						<top>0</top>
						<width>1200</width>
						<height>120</height>
						<font>font12</font>
						<textcolor>grey2</textcolor>
						<selectedcolor>selected</selectedcolor>
						<align>right</align>
						<aligny>center</aligny>
						<label>$INFO[ListItem.Label2]</label>
						<visible>!Window.IsVisible(Videos)</visible>
					</control>
					<control type="label">
						<left>660</left>
						<top>0</top>
						<width>1200</width>
						<height>120</height>
						<font>font12</font>
						<textcolor>grey2</textcolor>
						<selectedcolor>selected</selectedcolor>
						<align>right</align>
						<aligny>center</aligny>
						<label>$INFO[ListItem.Label2]</label>
						<visible>Window.IsVisible(Videos)</visible>
						<animation effect="slide" start="0,0" end="120,0" delay="0" time="0" condition="![Container.Content(Movies) | Container.Content(Episodes) | Container.Content(MusicVideos)]">conditional</animation>
					</control>
					<control type="image">
						<left>1876</left>
						<top>24</top>
						<width>120</width>
						<height>78</height>
						<texture>$VAR[MediaInfoOverlayVar]</texture>
						<aspectratio>keep</aspectratio>
						<visible>Window.IsVisible(Videos) + [Container.Content(Movies) | Container.Content(Sets) | Container.Content(Episodes) | Container.Content(MusicVideos)]</visible>
					</control>
					<control type="image">
						<left>1996</left>
						<top>42</top>
						<width>48</width>
						<height>48</height>
						<texture>OverlayWatching.png</texture>
						<visible>Window.IsVisible(Videos) + ListItem.IsResumable</visible>
					</control>
					<control type="image">
						<left>1996</left>
						<top>42</top>
						<width>60</width>
						<height>48</height>
						<texture>$INFO[ListItem.Overlay]</texture>
						<aspectratio>keep</aspectratio>
						<visible>Window.IsVisible(Videos)</visible>
					</control>
				</itemlayout>
				<focusedlayout height="120" width="1740">
					<control type="image">
						<left>0</left>
						<top>0</top>
						<width>2070</width>
						<height>124</height>
						<texture border="0,2,0,2">MenuItemNF.png</texture>
						<visible>!Control.HasFocus(50)</visible>
						<include>VisibleFadeEffect</include>
					</control>
					<control type="image">
						<left>0</left>
						<top>0</top>
						<width>2070</width>
						<height>124</height>
						<texture border="0,2,0,2">MenuItemFO.png</texture>
						<visible>Control.HasFocus(50)</visible>
						<include>VisibleFadeEffect</include>
					</control>
					<control type="image">
						<left>1470</left>
						<top>16</top>
						<width>600</width>
						<height>94</height>
						<texture border="0,0,14,0">MediaItemDetailBG.png</texture>
						<visible>Control.HasFocus(50) + !String.IsEmpty(ListItem.Label2)</visible>
					</control>
					<control type="label">
						<left>30</left>
						<top>0</top>
						<width>1740</width>
						<height>120</height>
						<font>font13</font>
						<textcolor>white</textcolor>
						<selectedcolor>selected</selectedcolor>
						<align>left</align>
						<aligny>center</aligny>
						<label>$VAR[ShowCustomLabel]</label>
					</control>
					<control type="label">
						<left>840</left>
						<top>0</top>
						<width>1200</width>
						<height>120</height>
						<font>font12</font>
						<textcolor>grey2</textcolor>
						<selectedcolor>selected</selectedcolor>
						<align>right</align>
						<aligny>center</aligny>
						<label>$INFO[ListItem.Label2]</label>
						<visible>!Window.IsVisible(Videos)</visible>
					</control>
					<control type="label">
						<left>660</left>
						<top>0</top>
						<width>1200</width>
						<height>120</height>
						<font>font12</font>
						<textcolor>grey2</textcolor>
						<selectedcolor>selected</selectedcolor>
						<align>right</align>
						<aligny>center</aligny>
						<label>$INFO[ListItem.Label2]</label>
						<visible>Window.IsVisible(Videos)</visible>
						<animation effect="slide" start="0,0" end="120,0" delay="0" time="0" condition="![Container.Content(Movies) | Container.Content(Episodes) | Container.Content(MusicVideos)]">conditional</animation>
					</control>
					<control type="image">
						<left>1876</left>
						<top>24</top>
						<width>120</width>
						<height>78</height>
						<texture>$VAR[MediaInfoOverlayVar]</texture>
						<aspectratio>keep</aspectratio>
						<visible>Window.IsVisible(Videos) + [Container.Content(Movies) | Container.Content(Sets) | Container.Content(Episodes) | Container.Content(MusicVideos)]</visible>
					</control>
					<control type="image">
						<left>1996</left>
						<top>42</top>
						<width>48</width>
						<height>48</height>
						<texture>OverlayWatching.png</texture>
						<visible>Window.IsVisible(Videos) + ListItem.IsResumable</visible>
					</control>
					<control type="image">
						<left>1996</left>
						<top>42</top>
						<width>60</width>
						<height>48</height>
						<texture>$INFO[ListItem.Overlay]</texture>
						<aspectratio>keep</aspectratio>
						<visible>Window.IsVisible(Videos)</visible>
					</control>
				</focusedlayout>
			</control>
			<control type="scrollbar" id="60">
				<left>2280</left>
				<top>256</top>
				<width>76</width>
				<height>1650</height>
				<texturesliderbackground border="0,28,0,28">ScrollBarV.png</texturesliderbackground>
				<texturesliderbar border="0,28,0,28">ScrollBarV_bar.png</texturesliderbar>
				<texturesliderbarfocus border="0,28,0,28">ScrollBarV_bar_focus.png</texturesliderbarfocus>
				<textureslidernib>ScrollBarNib.png</textureslidernib>
				<textureslidernibfocus>ScrollBarNib.png</textureslidernibfocus>
				<onleft>50</onleft>
				<onright>2</onright>
				<showonepage>false</showonepage>
				<orientation>vertical</orientation>
				<visible>Control.IsVisible(50)</visible>
			</control>
			<control type="group">
				<depth>DepthContent-</depth>
				<left>2550</left>
				<top>300</top>
				<visible>Control.IsVisible(50)</visible>
				<control type="image">
					<left>0</left>
					<top>0</top>
					<width>1080</width>
					<height>1620</height>
					<aspectratio aligny="bottom">keep</aspectratio>
					<fadetime>IconCrossfadeTime</fadetime>
					<texture background="true">$VAR[PosterThumb]</texture>
					<bordertexture infill="false" border="8">ThumbShadow.png</bordertexture>
					<bordersize>8</bordersize>
				</control>
				<control type="image">
					<left>24</left>
					<top>1596</top>
					<width>1032</width>
					<height>1572</height>
					<aspectratio aligny="top">keep</aspectratio>
					<fadetime>IconCrossfadeTime</fadetime>
					<texture diffuse="diffuse_mirror3.png" flipy="true" background="true">$VAR[PosterThumb]</texture>
				</control>
				<include>VideoRating</include>
				<!-- mod -->
			</control>
		</control>
	</include>
	<include name="ThumbnailView">
		<control type="group">
			<visible>Control.IsVisible(500)</visible>
			<include>VisibleFadeEffect</include>
			<control type="panel" id="500">
				<left>270</left>
				<top>240</top>
				<width>3240</width>
				<height>1674</height>
				<onleft>2</onleft>
				<onright>60</onright>
				<onup>500</onup>
				<ondown>500</ondown>
				<viewtype label="21371">list</viewtype>
				<pagecontrol>60</pagecontrol>
				<scrolltime>200</scrolltime>
				<preloaditems>2</preloaditems>
				<itemlayout condition="!Container.Content(Movies) + !Container.Content(Seasons) + !Container.Content(TVShows) + !Container.Content(Sets)" height="558" width="648">
					<control type="image">
						<left>1</left>
						<top>0</top>
						<width>642</width>
						<height>480</height>
						<bordertexture infill="false" border="5">button-nofocus.png</bordertexture>
						<bordersize>5</bordersize>
						<texture background="true">$VAR[PosterThumb]</texture>
						<aspectratio>keep</aspectratio>
						<visible>!Container.Content(Episodes)</visible>
					</control>
					<control type="image">
						<left>1</left>
						<top>0</top>
						<width>642</width>
						<height>480</height>
						<aspectratio>scale</aspectratio>
						<bordertexture infill="false" border="5">button-nofocus.png</bordertexture>
						<bordersize>5</bordersize>
						<texture background="true">$INFO[Listitem.Icon]</texture>
						<visible>Container.Content(Episodes)</visible>
					</control>
					<control type="label">
						<left>24</left>
						<top>480</top>
						<width>600</width>
						<height>76</height>
						<font>font12</font>
						<textcolor>grey2</textcolor>
						<selectedcolor>selected</selectedcolor>
						<align>center</align>
						<aligny>center</aligny>
						<label>$VAR[ShowCustomLabel]</label>
					</control>
					<control type="image">
						<left>510</left>
						<top>390</top>
						<width>90</width>
						<height>90</height>
						<aspectratio>keep</aspectratio>
						<texture>$INFO[ListItem.Overlay]</texture>
					</control>
				</itemlayout>
				<focusedlayout condition="!Container.Content(Movies) + !Container.Content(Seasons) + !Container.Content(TVShows) + !Container.Content(Sets)" height="558" width="648">
					<control type="image">
						<left>1</left>
						<top>0</top>
						<width>642</width>
						<height>480</height>
						<bordertexture infill="false" border="5">folder-focus.png</bordertexture>
						<bordersize>5</bordersize>
						<texture background="true">$VAR[PosterThumb]</texture>
						<aspectratio>keep</aspectratio>
						<visible>!Container.Content(Episodes)</visible>
					</control>
					<control type="image">
						<left>1</left>
						<top>0</top>
						<width>642</width>
						<height>480</height>
						<aspectratio>scale</aspectratio>
						<bordertexture infill="false" border="5">folder-focus.png</bordertexture>
						<bordersize>5</bordersize>
						<texture background="true">$INFO[Listitem.Icon]</texture>
						<visible>Container.Content(Episodes)</visible>
					</control>
					<control type="label">
						<left>24</left>
						<top>480</top>
						<width>600</width>
						<height>76</height>
						<font>font12</font>
						<textcolor>white</textcolor>
						<selectedcolor>selected</selectedcolor>
						<align>center</align>
						<aligny>center</aligny>
						<label>$VAR[ShowCustomLabel]</label>
					</control>
					<control type="image">
						<left>510</left>
						<top>390</top>
						<width>90</width>
						<height>90</height>
						<aspectratio>keep</aspectratio>
						<texture>$INFO[ListItem.Overlay]</texture>
					</control>
				</focusedlayout>
				<itemlayout condition="Container.Content(Movies) | Container.Content(Seasons) | Container.Content(TVShows) | Container.Content(Sets)" height="838" width="648">
					<control type="image">
						<left>1</left>
						<top>0</top>
						<width>642</width>
						<height>720</height>
						<bordertexture infill="false" border="5">button-nofocus.png</bordertexture>
						<bordersize>5</bordersize>
						<texture background="true">$VAR[PosterThumb]</texture>
						<aspectratio>keep</aspectratio>
					</control>
					<control type="label">
						<left>24</left>
						<top>720</top>
						<width>600</width>
						<height>76</height>
						<font>font12</font>
						<textcolor>grey2</textcolor>
						<selectedcolor>selected</selectedcolor>
						<align>center</align>
						<aligny>center</aligny>
						<label>$VAR[ShowCustomLabel]</label>
					</control>
					<control type="image">
						<left>80</left>
						<top>628</top>
						<width>76</width>
						<height>80</height>
						<aspectratio aligny="bottom">keep</aspectratio>
						<texture border="2">$VAR[VersionsExtrasOverlay]</texture>
					</control>
					<control type="image">
						<left>510</left>
						<top>630</top>
						<width>90</width>
						<height>90</height>
						<aspectratio>keep</aspectratio>
						<texture>$INFO[ListItem.Overlay]</texture>
					</control>
					<include>VideoRating</include>
					<!-- mod -->
				</itemlayout>
				<focusedlayout condition="Container.Content(Movies) | Container.Content(Seasons) | Container.Content(TVShows) | Container.Content(Sets)" height="828" width="648">
					<control type="image">
						<left>1</left>
						<top>0</top>
						<width>642</width>
						<height>720</height>
						<bordertexture infill="false" border="5">folder-focus.png</bordertexture>
						<bordersize>5</bordersize>
						<texture background="true">$VAR[PosterThumb]</texture>
						<aspectratio>keep</aspectratio>
					</control>
					<control type="label">
						<left>24</left>
						<top>720</top>
						<width>600</width>
						<height>76</height>
						<font>font12</font>
						<textcolor>white</textcolor>
						<selectedcolor>selected</selectedcolor>
						<align>center</align>
						<aligny>center</aligny>
						<label>$VAR[ShowCustomLabel]</label>
					</control>
					<control type="image">
						<left>80</left>
						<top>628</top>
						<width>76</width>
						<height>80</height>
						<aspectratio aligny="bottom">keep</aspectratio>
						<texture border="2">$VAR[VersionsExtrasOverlay]</texture>
					</control>
					<control type="image">
						<left>510</left>
						<top>630</top>
						<width>90</width>
						<height>90</height>
						<aspectratio>keep</aspectratio>
						<texture>$INFO[ListItem.Overlay]</texture>
					</control>
					<include>VideoRating</include>
					<!-- mod -->
				</focusedlayout>
			</control>
			<control type="scrollbar" id="60">
				<left>3510</left>
				<top>240</top>
				<width>76</width>
				<height>1650</height>
				<texturesliderbackground border="0,28,0,28">ScrollBarV.png</texturesliderbackground>
				<texturesliderbar border="0,28,0,28">ScrollBarV_bar.png</texturesliderbar>
				<texturesliderbarfocus border="0,28,0,28">ScrollBarV_bar_focus.png</texturesliderbarfocus>
				<textureslidernib>ScrollBarNib.png</textureslidernib>
				<textureslidernibfocus>ScrollBarNib.png</textureslidernibfocus>
				<onleft>500</onleft>
				<onright>2</onright>
				<showonepage>false</showonepage>
				<orientation>vertical</orientation>
				<visible>Control.IsVisible(500)</visible>
			</control>
		</control>
	</include>
	<include name="WideIconView">
		<control type="group">
			<visible>Control.IsVisible(505)</visible>
			<include>VisibleFadeEffect</include>
			<control type="panel" id="505">
				<visible>Container.Content(TVShows) | Container.Content(Files)</visible>
				<left>286</left>
				<top>240</top>
				<width>3240</width>
				<height>1650</height>
				<onleft>2</onleft>
				<onright>60</onright>
				<onup>505</onup>
				<ondown>505</ondown>
				<viewtype label="$LOCALIZE[539]">list</viewtype>
				<pagecontrol>60</pagecontrol>
				<scrolltime>200</scrolltime>
				<preloaditems>2</preloaditems>
				<itemlayout height="330" width="1620">
					<control type="image">
						<left>1</left>
						<top>0</top>
						<width>1614</width>
						<height>316</height>
						<bordertexture infill="false" border="5">button-nofocus.png</bordertexture>
						<bordersize>5</bordersize>
						<texture background="true">$VAR[BannerThumb]</texture>
						<aspectratio>keep</aspectratio>
					</control>
					<control type="image">
						<left>1500</left>
						<top>210</top>
						<width>106</width>
						<height>106</height>
						<aspectratio>keep</aspectratio>
						<texture>$INFO[ListItem.Overlay]</texture>
					</control>
				</itemlayout>
				<focusedlayout height="330" width="1620">
					<control type="image">
						<left>1</left>
						<top>0</top>
						<width>1614</width>
						<height>316</height>
						<bordertexture infill="false" border="5">folder-focus.png</bordertexture>
						<bordersize>5</bordersize>
						<texture background="true">$VAR[BannerThumb]</texture>
						<aspectratio>keep</aspectratio>
					</control>
					<control type="image">
						<left>1500</left>
						<top>210</top>
						<width>106</width>
						<height>106</height>
						<aspectratio>keep</aspectratio>
						<texture>$INFO[ListItem.Overlay]</texture>
					</control>
				</focusedlayout>
			</control>
			<control type="scrollbar" id="60">
				<left>3510</left>
				<top>240</top>
				<width>76</width>
				<height>1650</height>
				<texturesliderbackground border="0,28,0,28">ScrollBarV.png</texturesliderbackground>
				<texturesliderbar border="0,28,0,28">ScrollBarV_bar.png</texturesliderbar>
				<texturesliderbarfocus border="0,28,0,28">ScrollBarV_bar_focus.png</texturesliderbarfocus>
				<textureslidernib>ScrollBarNib.png</textureslidernib>
				<textureslidernibfocus>ScrollBarNib.png</textureslidernibfocus>
				<onleft>505</onleft>
				<onright>2</onright>
				<showonepage>false</showonepage>
				<orientation>vertical</orientation>
				<visible>Control.IsVisible(505)</visible>
			</control>
		</control>
	</include>
	<include name="FullWidthList">
		<control type="group">
			<visible>Control.IsVisible(51)</visible>
			<include>VisibleFadeEffect</include>
			<control type="list" id="51">
				<left>286</left>
				<top>234</top>
				<width>3240</width>
				<height>1684</height>
				<onleft>2</onleft>
				<onright>60</onright>
				<onup>51</onup>
				<ondown>51</ondown>
				<viewtype label="537">list</viewtype>
				<pagecontrol>60</pagecontrol>
				<scrolltime>200</scrolltime>
				<itemlayout height="120" width="3240">
					<control type="image">
						<left>0</left>
						<top>0</top>
						<width>3240</width>
						<height>124</height>
						<texture border="0,2,0,2">MenuItemNF.png</texture>
					</control>
					<control type="image">
						<left>30</left>
						<top>12</top>
						<width>120</width>
						<height>96</height>
						<texture background="true">$VAR[PosterThumb]</texture>
						<aspectratio>keep</aspectratio>
					</control>
					<control type="label">
						<left>180</left>
						<top>0</top>
						<width>2850</width>
						<height>120</height>
						<font>font13</font>
						<textcolor>grey2</textcolor>
						<selectedcolor>selected</selectedcolor>
						<align>left</align>
						<aligny>center</aligny>
						<label>$VAR[ShowCustomLabel]</label>
					</control>
					<control type="label">
						<left>180</left>
						<top>0</top>
						<width>3000</width>
						<height>120</height>
						<font>font12</font>
						<textcolor>grey2</textcolor>
						<selectedcolor>selected</selectedcolor>
						<align>right</align>
						<aligny>center</aligny>
						<label>$INFO[ListItem.Label2]</label>
						<visible>!Window.IsVisible(Videos)</visible>
					</control>
					<control type="label">
						<left>196</left>
						<top>0</top>
						<width>2820</width>
						<height>120</height>
						<font>font12</font>
						<textcolor>grey2</textcolor>
						<selectedcolor>selected</selectedcolor>
						<align>right</align>
						<aligny>center</aligny>
						<label>$INFO[ListItem.Label2]</label>
						<visible>Window.IsVisible(Videos)</visible>
						<animation effect="slide" start="0,0" end="120,0" delay="0" time="0" condition="![Container.Content(Movies) | Container.Content(Episodes) | Container.Content(MusicVideos)]">conditional</animation>
					</control>
					<control type="image">
						<left>3030</left>
						<top>24</top>
						<width>120</width>
						<height>78</height>
						<texture>$VAR[MediaInfoOverlayVar]</texture>
						<aspectratio>keep</aspectratio>
						<visible>Window.IsVisible(Videos) + [Container.Content(Movies) | Container.Content(Sets) | Container.Content(Episodes) | Container.Content(MusicVideos)]</visible>
					</control>
					<control type="image">
						<left>3150</left>
						<top>42</top>
						<width>48</width>
						<height>48</height>
						<texture>OverlayWatching.png</texture>
						<visible>Window.IsVisible(Videos) + ListItem.IsResumable</visible>
					</control>
					<control type="image">
						<left>3150</left>
						<top>42</top>
						<width>60</width>
						<height>48</height>
						<texture>$INFO[ListItem.Overlay]</texture>
						<aspectratio>keep</aspectratio>
						<visible>Window.IsVisible(Videos)</visible>
					</control>
				</itemlayout>
				<focusedlayout height="120" width="3240">
					<control type="image">
						<left>0</left>
						<top>0</top>
						<width>3240</width>
						<height>124</height>
						<texture border="0,2,0,2">MenuItemNF.png</texture>
						<visible>!Control.HasFocus(51)</visible>
						<include>VisibleFadeEffect</include>
					</control>
					<control type="image">
						<left>0</left>
						<top>0</top>
						<width>3240</width>
						<height>124</height>
						<texture border="0,2,0,2">MenuItemFO.png</texture>
						<visible>Control.HasFocus(51)</visible>
						<include>VisibleFadeEffect</include>
					</control>
					<control type="image">
						<left>2626</left>
						<top>16</top>
						<width>600</width>
						<height>94</height>
						<texture border="0,0,14,0">MediaItemDetailBG.png</texture>
						<visible>Control.HasFocus(51) + !String.IsEmpty(ListItem.Label2)</visible>
					</control>
					<control type="image">
						<left>30</left>
						<top>12</top>
						<width>120</width>
						<height>96</height>
						<texture background="true">$VAR[PosterThumb]</texture>
						<aspectratio>keep</aspectratio>
					</control>
					<control type="label">
						<left>180</left>
						<top>0</top>
						<width>2850</width>
						<height>120</height>
						<font>font13</font>
						<textcolor>white</textcolor>
						<selectedcolor>selected</selectedcolor>
						<align>left</align>
						<aligny>center</aligny>
						<label>$VAR[ShowCustomLabel]</label>
					</control>
					<control type="label">
						<left>180</left>
						<top>0</top>
						<width>3000</width>
						<height>120</height>
						<font>font12</font>
						<textcolor>grey2</textcolor>
						<selectedcolor>selected</selectedcolor>
						<align>right</align>
						<aligny>center</aligny>
						<label>$INFO[ListItem.Label2]</label>
						<visible>!Window.IsVisible(Videos)</visible>
					</control>
					<control type="label">
						<left>196</left>
						<top>0</top>
						<width>2820</width>
						<height>120</height>
						<font>font12</font>
						<textcolor>grey2</textcolor>
						<selectedcolor>selected</selectedcolor>
						<align>right</align>
						<aligny>center</aligny>
						<label>$INFO[ListItem.Label2]</label>
						<visible>Window.IsVisible(Videos)</visible>
						<animation effect="slide" start="0,0" end="120,0" delay="0" time="0" condition="![Container.Content(Movies) | Container.Content(Episodes) | Container.Content(MusicVideos)]">conditional</animation>
					</control>
					<control type="image">
						<left>3030</left>
						<top>24</top>
						<width>120</width>
						<height>78</height>
						<texture>$VAR[MediaInfoOverlayVar]</texture>
						<aspectratio>keep</aspectratio>
						<visible>Window.IsVisible(Videos) + [Container.Content(Movies) | Container.Content(Sets) | Container.Content(Episodes) | Container.Content(MusicVideos)]</visible>
					</control>
					<control type="image">
						<left>3150</left>
						<top>42</top>
						<width>48</width>
						<height>48</height>
						<texture>OverlayWatching.png</texture>
						<visible>Window.IsVisible(Videos) + ListItem.IsResumable</visible>
					</control>
					<control type="image">
						<left>3150</left>
						<top>42</top>
						<width>60</width>
						<height>48</height>
						<texture>$INFO[ListItem.Overlay]</texture>
						<aspectratio>keep</aspectratio>
						<visible>Window.IsVisible(Videos)</visible>
					</control>
				</focusedlayout>
			</control>
			<control type="scrollbar" id="60">
				<left>3510</left>
				<top>240</top>
				<width>76</width>
				<height>1650</height>
				<texturesliderbackground border="0,28,0,28">ScrollBarV.png</texturesliderbackground>
				<texturesliderbar border="0,28,0,28">ScrollBarV_bar.png</texturesliderbar>
				<texturesliderbarfocus border="0,28,0,28">ScrollBarV_bar_focus.png</texturesliderbarfocus>
				<textureslidernib>ScrollBarNib.png</textureslidernib>
				<textureslidernibfocus>ScrollBarNib.png</textureslidernibfocus>
				<onleft>50</onleft>
				<onright>2</onright>
				<showonepage>false</showonepage>
				<orientation>vertical</orientation>
				<visible>Control.IsVisible(51)</visible>
			</control>
		</control>
	</include>
</includes>
