<?xml version="1.0" encoding="UTF-8"?>
<includes>
	<include name="PictureWrapView">
		<control type="group">
			<visible>Control.IsVisible(510)</visible>
			<include>VisibleFadeEffect</include>
			<left>0</left>
			<top>1320</top>
			<control type="wraplist" id="510">
				<depth>DepthContent+</depth>
				<left>-76</left>
				<top>16</top>
				<width>3990</width>
				<height>750</height>
				<onleft>510</onleft>
				<onright>510</onright>
				<onup>2</onup>
				<ondown>60</ondown>
				<viewtype label="31032">wrap</viewtype>
				<pagecontrol>60</pagecontrol>
				<scrolltime>200</scrolltime>
				<focusposition>3</focusposition>
				<orientation>horizontal</orientation>
				<preloaditems>4</preloaditems>
				<itemlayout height="600" width="570">
					<control type="image">
						<left>46</left>
						<top>120</top>
						<width>480</width>
						<height>480</height>
						<aspectratio>stretch</aspectratio>
						<bordertexture infill="false" border="10">ThumbShadow.png</bordertexture>
						<bordersize>8</bordersize>
						<fadetime>200</fadetime>
						<texture border="2">ThumbBG.png</texture>
					</control>
					<control type="image">
						<left>76</left>
						<top>150</top>
						<width>420</width>
						<height>420</height>
						<aspectratio>keep</aspectratio>
						<texture background="true">$INFO[ListItem.Icon]</texture>
					</control>
				</itemlayout>
				<focusedlayout height="600" width="570">
					<control type="image">
						<depth>DepthContentPopout</depth>
						<left>46</left>
						<top>120</top>
						<width>480</width>
						<height>480</height>
						<aspectratio>stretch</aspectratio>
						<bordertexture infill="false" border="10">ThumbShadow.png</bordertexture>
						<bordersize>8</bordersize>
						<fadetime>200</fadetime>
						<texture border="2">ThumbBG.png</texture>
						<animation reversible="false" effect="zoom" start="46,120,480,480" end="-30,-16,630,630" time="150">focus</animation>
						<animation reversible="false" effect="zoom" end="46,120,480,480" start="-30,-16,630,630" time="150">unfocus</animation>
					</control>
					<control type="image">
						<depth>DepthContentPopout</depth>
						<left>76</left>
						<top>150</top>
						<width>420</width>
						<height>420</height>
						<aspectratio>keep</aspectratio>
						<texture background="true">$INFO[ListItem.Icon]</texture>
						<animation reversible="false" effect="zoom" start="76,150,420,420" end="16,30,540,540" time="150">focus</animation>
						<animation reversible="false" effect="zoom" end="76,150,420,420" start="16,30,540,540" time="150">unfocus</animation>
					</control>
				</focusedlayout>
			</control>
			<control type="scrollbar" id="60">
				<left>930</left>
				<top>600</top>
				<width>1980</width>
				<height>76</height>
				<texturesliderbackground border="28,0,28,0">ScrollBarH.png</texturesliderbackground>
				<texturesliderbar border="28,0,28,0">ScrollBarH_bar.png</texturesliderbar>
				<texturesliderbarfocus border="28,0,28,0">ScrollBarH_bar_focus.png</texturesliderbarfocus>
				<textureslidernib>ScrollBarNib.png</textureslidernib>
				<textureslidernibfocus>ScrollBarNib.png</textureslidernibfocus>
				<onup>510</onup>
				<ondown>2</ondown>
				<showonepage>false</showonepage>
				<orientation>horizontal</orientation>
				<visible>Control.IsVisible(510)</visible>
			</control>
		</control>
	</include>
	<include name="PictureThumbView">
		<control type="group">
			<visible>Control.IsVisible(514)</visible>
			<control type="panel" id="514">
				<left>180</left>
				<top>226</top>
				<width>1296</width>
				<height>1728</height>
				<onleft>2</onleft>
				<onright>60</onright>
				<onup>514</onup>
				<ondown>514</ondown>
				<viewtype label="$LOCALIZE[31031]">list</viewtype>
				<pagecontrol>60</pagecontrol>
				<scrolltime>200</scrolltime>
				<preloaditems>2</preloaditems>
				<itemlayout height="432" width="432">
					<control type="image">
						<left>0</left>
						<top>0</top>
						<width>432</width>
						<height>432</height>
						<aspectratio>stretch</aspectratio>
						<bordertexture infill="false" border="10">ThumbShadow.png</bordertexture>
						<bordersize>8</bordersize>
						<fadetime>200</fadetime>
						<texture border="2">ThumbBG.png</texture>
					</control>
					<control type="image">
						<left>30</left>
						<top>30</top>
						<width>372</width>
						<height>372</height>
						<aspectratio>keep</aspectratio>
						<texture background="true">$INFO[ListItem.Icon]</texture>
					</control>
				</itemlayout>
				<focusedlayout height="432" width="432">
					<control type="image">
						<left>0</left>
						<top>0</top>
						<width>432</width>
						<height>432</height>
						<aspectratio>stretch</aspectratio>
						<bordertexture infill="false" border="10">folder-Focus.png</bordertexture>
						<bordersize>8</bordersize>
						<fadetime>200</fadetime>
						<texture border="2">ThumbBG.png</texture>
					</control>
					<control type="image">
						<left>30</left>
						<top>30</top>
						<width>372</width>
						<height>372</height>
						<aspectratio>keep</aspectratio>
						<texture background="true">$INFO[ListItem.Icon]</texture>
					</control>
				</focusedlayout>
			</control>
			<control type="scrollbar" id="60">
				<left>1500</left>
				<top>210</top>
				<width>76</width>
				<height>1728</height>
				<texturesliderbackground border="0,28,0,28">ScrollBarV.png</texturesliderbackground>
				<texturesliderbar border="0,28,0,28">ScrollBarV_bar.png</texturesliderbar>
				<texturesliderbarfocus border="0,28,0,28">ScrollBarV_bar_focus.png</texturesliderbarfocus>
				<textureslidernib>ScrollBarNib.png</textureslidernib>
				<textureslidernibfocus>ScrollBarNib.png</textureslidernibfocus>
				<onleft>514</onleft>
				<onright>2</onright>
				<showonepage>false</showonepage>
				<orientation>vertical</orientation>
				<visible>Control.IsVisible(514)</visible>
			</control>
			<control type="group">
				<left>1710</left>
				<top>240</top>
				<control type="label">
					<description>Title txt</description>
					<left>0</left>
					<top>0</top>
					<width>1920</width>
					<height>46</height>
					<label>$INFO[ListItem.Label]</label>
					<align>center</align>
					<aligny>center</aligny>
					<font>font24_title</font>
					<textcolor>white</textcolor>
					<shadowcolor>black</shadowcolor>
				</control>
				<control type="image">
					<left>0</left>
					<top>90</top>
					<width>1920</width>
					<height>1410</height>
					<texture background="true">$INFO[ListItem.FilenameAndPath]</texture>
					<fadetime>600</fadetime>
					<aspectratio>keep</aspectratio>
					<bordertexture infill="false" border="8">ThumbShadow.png</bordertexture>
					<bordersize>9</bordersize>
				</control>
				<control type="label">
					<description>Date time txt</description>
					<left>0</left>
					<top>1530</top>
					<width>1920</width>
					<height>46</height>
					<label>$INFO[ListItem.PictureDateTime,[COLOR=blue]$LOCALIZE[31326][/COLOR] - ]</label>
					<align>left</align>
					<aligny>center</aligny>
					<font>font13</font>
					<textcolor>white</textcolor>
					<shadowcolor>black</shadowcolor>
				</control>
				<control type="label">
					<description>Resolution txt</description>
					<left>0</left>
					<top>1606</top>
					<width>1920</width>
					<height>46</height>
					<label>$INFO[ListItem.PictureResolution,[COLOR=blue]$LOCALIZE[31327][/COLOR] - ]</label>
					<align>left</align>
					<aligny>center</aligny>
					<font>font13</font>
					<textcolor>white</textcolor>
					<shadowcolor>black</shadowcolor>
				</control>
			</control>
		</control>
	</include>
</includes>
