<?xml version="1.0" encoding="UTF-8" standalone="yes"?>
<addon id="service.temperature" name="Teploměr" version="1.0.0" provider-name="jkmh">
  <requires>
    <import addon="xbmc.python" version="3.0.0"/>
	<import addon="script.module.requests" version="2.22.0+matrix.1"/>
  </requires>
  <extension point="xbmc.service" library="main.py"/>
  <extension point="xbmc.addon.metadata">
    <summary lang="en_GB"></summary>
    <description lang="en_GB"></description>
    <description lang="cs_CZ">Vyčítání teplot z domácího teploměru</description>
    <license>GPL-3.0-only</license>
    <platform>all</platform>
    <assets>
      <icon>icon.png</icon>
    </assets>
  </extension>
</addon>
