<addon id="plugin.video.filmfinder"
       name="Film Finder"
       version="1.0.0"
       provider-name="TvojeJmeno">
    <requires>
        <import addon="script.module.requests" version="2.18.4"/>
        <import addon="script.module.beautifulsoup4" version="4.5.0"/>
    </requires>
    <extension point="xbmc.python.pluginsource" library="main.py">
        <provides>video</provides>
    </extension>
    <extension point="xbmc.addon.metadata">
        <summary lang="en">Film Finder</summary>
        <description lang="cs">Doplnit</description>
        <disclaimer lang="cz">Doplnit.</disclaimer>
        <platform>all</platform>
        <forum>https://www.xbmc-kodi.cz/prispevek-sktonline</forum>
        <source>https://github.com/cache-sk/SkTonline</source>
        <assets>
            <icon>icon.png</icon>
        </assets>
    </extension>
</addon>
