<?xml version="1.0" encoding="UTF-8" standalone="yes"?>
<addon id="service.ping.monitor" name="Ping Monitor" version="1.0.2" provider-name="jkmh">
  <requires>
    <import addon="xbmc.python" version="3.0.0"/>
  </requires>
  <extension point="xbmc.service" language="en" library="ping.py"/>
  <extension point="xbmc.addon.metadata">
    <summary lang="cs_CZ">Monitoring dostupnosti sítě a internetu</summary>
    <description lang="cs_CZ">Monitoring dostupnosti sítě a internetu pomocí příkazu ping. K zobrazení je nutná editace skinu.</description>
    <license>GPL-3.0-only</license>
    <platform>all</platform>
    <assets>
      <icon>icon.png</icon>
    </assets>
  </extension>
</addon>
