<addon id="plugin.video.hellspy" name="Hellspy.cz" version="1.0.0" provider-name="jkmh">
	<requires>
	  <import addon="xbmc.python" version="3.0.1"/>
	  <import addon="script.module.requests"/>
	  <import addon="script.module.urllib3" version="1.26.9"/>
	</requires>
	<extension point="xbmc.python.pluginsource" library="default.py">
	  <provides>video</provides>
	</extension>
    <extension point="xbmc.addon.metadata">
        <summary lang="cs">Vyhledávání videí na serveru Hellspy.cz</summary>
        <description lang="cs">Hledej a přehrávej videa z Hellspy.cz Není nutný účet.[CR][CR]Tímto díky @JanoHD za nápad.</description>
        <platform>all</platform>
    	<assets>
			<icon>icon.png</icon>
		</assets>
	</extension>
</addon>

