<window>
    <defaultcontrol>100</defaultcontrol>
    <coordinates>
        <posx>200</posx>
        <posy>200</posy>
    </coordinates>
    <controls>

        <!-- Background -->
        <control type="image">
            <posx>0</posx>
            <posy>0</posy>
            <width>1280</width>
            <height>410</height>
            <texture border="20">DialogBack.png</texture>
        </control>
		<control type="button" id="100">
			<posx>40</posx>
			<posy>60</posy>
			<width>700</width>
			<height>60</height>
			<label>Generovat tabulku očištěnou tabulku v databázi</label>
			<onup>102</onup>
			<ondown>101</ondown>
		</control>
        <control type="button" id="101">
			<posx>40</posx>
			<posy>120</posy>
			<width>700</width>
			<height>60</height>
			<label>Vyhledat funkční linky a opravit v databázi</label>
			<onup>100</onup>
			<ondown>104</ondown>
		</control>
		<control type="button" id="104">
			<posx>40</posx>
			<posy>180</posy>
			<width>700</width>
			<height>60</height>
			<label>Generovat .strm soubory</label>
			<onup>101</onup>
			<ondown>102</ondown>
		</control>
		<control type="button" id="102">
			<posx>40</posx>
			<posy>240</posy>
			<width>700</width>
			<height>60</height>
			<label>Nastavení</label>
			<onup>104</onup>
			<ondown>100</ondown>
		</control>
    </controls>
</window>
