<?xml version="1.0" encoding="UTF-8"?>
<includes>
	<include name="Widget_Info">
		 <control type="group">
					<visible>Control.HasFocus(5100) | Control.HasFocus(5200) | Control.HasFocus(5300) | Control.HasFocus(5400) | Control.HasFocus(5600) | Control.HasFocus(6100) | Control.HasFocus(6200) | Control.HasFocus(6300)</visible>
					<animation type="Visible">
						<effect type="fade" start="0" end="100" time="300" tween="sine" easing="out" />
						<effect type="slide" start="-320" end="0" time="400" tween="cubic" easing="out" />
					</animation>
					<animation type="Hidden">
						<effect type="fade" start="100" end="0" time="300" tween="sine" easing="out" />
						<effect type="slide" start="0" end="-320" time="300" tween="cubic" easing="out" />
					</animation>
					<left>0</left>
					<top>0</top>
					<control type="image">
						<width>462</width>
						<bottom>0</bottom>
						<texture>colors/black.png</texture>
					</control>
					<include content="WidgetInfo">
						<param name="container_id" value="5100" />
					</include>
					<include content="WidgetInfo">
						<param name="container_id" value="5200" />
					</include>
					<include content="WidgetInfo">
						<param name="container_id" value="5300" />
					</include>
					<include content="WidgetInfo">
						<param name="container_id" value="5400" />
					</include>
					<include content="WidgetInfo">
						<param name="container_id" value="5600" />
					</include>
					<include content="WidgetInfo">
						<param name="container_id" value="6100" />
					</include>
					<include content="WidgetInfo">
						<param name="container_id" value="6200" />
						<param name="episode" value="true" />                
					</include>
					<include content="WidgetInfo">
						<param name="container_id" value="6300" />
					</include>
				</control>
	</include>
</includes>
