<?xml version="1.0" encoding="UTF-8"?>
<includes>
	   <include name="WidgetInfo"> <!-- Easy+ Selected Item Info -->
        <param name="episode">false</param>
        <definition>
            <control type="grouplist">
                <left>10</left>
                <top>100</top>
                <bottom>40</bottom>
                <visible>Control.HasFocus($PARAM[container_id])</visible>
                <control type="textbox">
                    <height>100</height>
                    <width>442</width>
                    <aligny>center</aligny>
                    <scroll>true</scroll>
                    <font>font36_title</font>
                    <label>$INFO[Container($PARAM[container_id]).ListItem.Label]</label>
                    <shadowcolor>text_shadow</shadowcolor>
                    <autoscroll delay="5000" time="1500" repeat="5000">Skin.HasSetting(autoscroll)</autoscroll>
                    <visible>!$PARAM[episode]</visible>
                </control>
                <control type="textbox">
                    <height>100</height>
                    <width>442</width>
                    <aligny>center</aligny>
                    <font>font36_title</font>
                    <label>$INFO[Container($PARAM[container_id]).ListItem.TVShowTitle] $INFO[Container($PARAM[container_id]).ListItem.Label]</label>
                    <shadowcolor>text_shadow</shadowcolor>
                    <autoscroll delay="5000" time="1500" repeat="5000">Skin.HasSetting(autoscroll)</autoscroll>
                    <visible>$PARAM[episode]</visible>
                </control>
                <control type="label">
                    <height>50</height>
                    <width>442</width>
                    <aligny>center</aligny>
                    <font>font37</font>
                    <label color=grey>($INFO[Container($PARAM[container_id]).ListItem.Year])</label>
                    <shadowcolor>text_shadow</shadowcolor>
                    <visible>!String.IsEmpty(Container($PARAM[container_id]).ListItem.Year) + !Container($PARAM[container_id]).ListItem.IsCollection</visible>
                </control>
                <control type="image">
                    <height>320</height>
                    <width>442</width>
                    <aspectratio aligny="center" align="left">keep</aspectratio>
                    <texture background="true">$INFO[Container($PARAM[container_id]).ListItem.Art(fanart)]</texture>
                    <visible>!String.IsEmpty(Container($PARAM[container_id]).ListItem.Art(fanart))</visible>
                </control>
                <control type="textbox">
                    <height>450</height>
                    <width>442</width>
                    <label>$INFO[Container($PARAM[container_id]).ListItem.Tagline,[I],[/I][CR][CR]]$INFO[Container($PARAM[container_id]).ListItem.Plot][CR][CR]</label>
                    <shadowcolor>text_shadow</shadowcolor>
¨                    <autoscroll delay="10000" time="3000" repeat="10000">Skin.HasSetting(autoscroll)</autoscroll>
                    <visible>!Container($PARAM[container_id]).ListItem.IsCollection</visible>
                </control>
                <control type="panel">
                    <height>490</height>
                    <width>442</width>
                    <orientation>vertical</orientation>
                    <autoscroll delay="10000" time="3000" repeat="10000">Skin.HasSetting(autoscroll)</autoscroll>
                    <visible>Container($PARAM[container_id]).ListItem.IsCollection</visible>
                    <focusedlayout height="40" width="442">
                        <control type="label">
                            <label>$INFO[ListItem.Year,[color=#000000],[/color]  -  ]$INFO[ListItem.Label]</label>
                            <shadowcolor>text_shadow</shadowcolor>
                        </control>
                    </focusedlayout>
                    <itemlayout height="40" width="442">
                        <control type="label">
                            <label>$INFO[ListItem.Year,[color=#000000],[/color]  -  ]$INFO[ListItem.Label]</label>
                            <shadowcolor>text_shadow</shadowcolor>
                        </control>
                    </itemlayout>
                    <content sortby="year" sortorder="descending">$INFO[Container($PARAM[container_id]).ListItem.FolderPath]</content>
                </control>
            </control>
        </definition>
    </include>
</includes>
