<?xml version="1.0" encoding="UTF-8" standalone="yes"?>
<addon id="plugin.copernicus.sat" name="Copernicus Sat" version="1.1.0" provider-name="jkmh">
  <requires>
    <import addon="xbmc.python" version="3.0.0"/>
	<import addon="script.module.oauthlib" version="3.2.2"/>
	<import addon="script.module.requests_oauthlib" version="1.3.1+matrix.1"/>
	<import addon="script.module.requests" version="2.21.0" />
	<import addon="script.module.beautifulsoup4" version="4.6.3" />
  </requires>
  <extension point="xbmc.python.pluginsource" library="main.py">
     <provides>image</provides>
  </extension>
  <extension point="xbmc.addon.metadata">
    <summary lang="cs_CZ">Stahování družicových snímků</summary>
    <description lang="en_GB"></description>
    <description lang="cs_CZ">Stahujeme družicové snímky Sentinel-2 z programu Copernicus.[CR]Vyzkoušíme generování/stahování čerstvých snímků z družic mise Sentinel-2.[CR][Článek na Živě.cz][CR](https://www.zive.cz/clanky/programujeme-v-pythonu-jak-uplne-zadarmo-stahnout-cerstve-druzicove-snimky-libovolneho-mista-v-cesku/sc-3-a-229892/default.aspx)**</description>
    <license>GPL-3.0-only</license>
    <platform>all</platform>
    <assets>
      <icon>icon.png</icon>
    </assets>
  </extension>
</addon>
