<?xml version="1.0" encoding="UTF-8"?>
<includes>
    <!--sets base screen dimensions-->
    <constant name="fullscreenWidth">1920</constant>
    <constant name="fullscreenHeight">1080</constant>
    <include name="dimensionsFullscreen">
        <posx>0</posx>
        <posy>0</posy>
        <width>fullscreenWidth</width>
        <height>fullscreenHeight</height>
    </include>
    <!--Grid (24 cols @72px. Margins: 26px / 96px, row-height: 57 (1.6 em))-->
    <constant name="col-1-begin">96</constant>
    <constant name="col-2-begin">168</constant>
    <constant name="col-3-begin">240</constant>
    <constant name="col-4-begin">312</constant>
    <constant name="col-5-begin">384</constant>
    <constant name="col-6-begin">456</constant>
    <constant name="col-7-begin">528</constant>
    <constant name="col-8-begin">600</constant>
    <constant name="col-9-begin">672</constant>
    <constant name="col-10-begin">744</constant>
    <constant name="col-11-begin">816</constant>
    <constant name="col-12-begin">888</constant>
    <constant name="col-13-begin">960</constant>
    <constant name="col-14-begin">1032</constant>
    <constant name="col-15-begin">1104</constant>
    <constant name="col-16-begin">1176</constant>
    <constant name="col-17-begin">1248</constant>
    <constant name="col-18-begin">1320</constant>
    <constant name="col-19-begin">1392</constant>
    <constant name="col-20-begin">1464</constant>
    <constant name="col-21-begin">1536</constant>
    <constant name="col-22-begin">1608</constant>
    <constant name="col-23-begin">1680</constant>
    <constant name="col-24-begin">1752</constant>
    <constant name="1-col">72</constant>
    <constant name="2-col">144</constant>
    <constant name="3-col">216</constant>
    <constant name="4-col">288</constant>
    <constant name="5-col">360</constant>
    <constant name="6-col">432</constant>
    <constant name="7-col">504</constant>
    <constant name="8-col">576</constant>
    <constant name="9-col">648</constant>
    <constant name="10-col">720</constant>
    <constant name="11-col">792</constant>
    <constant name="12-col">864</constant>
    <constant name="13-col">936</constant>
    <constant name="14-col">1008</constant>
    <constant name="15-col">1080</constant>
    <constant name="16-col">1152</constant>
    <constant name="17-col">1224</constant>
    <constant name="18-col">1296</constant>
    <constant name="19-col">1368</constant>
    <constant name="20-col">1440</constant>
    <constant name="21-col">1512</constant>
    <constant name="22-col">1584</constant>
    <constant name="23-col">1656</constant>
    <constant name="24-col">1728</constant>
    <constant name="1-col-gutter">48</constant>
    <constant name="2-col-gutter">120</constant>
    <constant name="3-col-gutter">192</constant>
    <constant name="4-col-gutter">264</constant>
    <constant name="5-col-gutter">336</constant>
    <constant name="6-col-gutter">408</constant>
    <constant name="7-col-gutter">480</constant>
    <constant name="8-col-gutter">552</constant>
    <constant name="9-col-gutter">624</constant>
    <constant name="10-col-gutter">696</constant>
    <constant name="11-col-gutter">768</constant>
    <constant name="12-col-gutter">840</constant>
    <constant name="13-col-gutter">912</constant>
    <constant name="14-col-gutter">984</constant>
    <constant name="15-col-gutter">1056</constant>
    <constant name="16-col-gutter">1128</constant>
    <constant name="17-col-gutter">1200</constant>
    <constant name="18-col-gutter">1272</constant>
    <constant name="19-col-gutter">1344</constant>
    <constant name="20-col-gutter">1416</constant>
    <constant name="21-col-gutter">1488</constant>
    <constant name="22-col-gutter">1560</constant>
    <constant name="23-col-gutter">1632</constant>
    <constant name="24-col-gutter">1704</constant>
    <constant name="1-col-textbox">69</constant>
    <constant name="2-col-textbox">141</constant>
    <constant name="3-col-textbox">213</constant>
    <constant name="4-col-textbox">285</constant>
    <constant name="5-col-textbox">357</constant>
    <constant name="6-col-textbox">429</constant>
    <constant name="7-col-textbox">501</constant>
    <constant name="8-col-textbox">573</constant>
    <constant name="9-col-textbox">645</constant>
    <constant name="10-col-textbox">717</constant>
    <constant name="11-col-textbox">789</constant>
    <constant name="12-col-textbox">861</constant>
    <constant name="13-col-textbox">933</constant>
    <constant name="14-col-textbox">1005</constant>
    <constant name="15-col-textbox">1077</constant>
    <constant name="16-col-textbox">1149</constant>
    <constant name="17-col-textbox">1221</constant>
    <constant name="18-col-textbox">1293</constant>
    <constant name="19-col-textbox">1365</constant>
    <constant name="20-col-textbox">1437</constant>
    <constant name="21-col-textbox">1509</constant>
    <constant name="22-col-textbox">1581</constant>
    <constant name="23-col-textbox">1653</constant>
    <constant name="24-col-textbox">1725</constant>
    <constant name="1-col-indent">84</constant>
    <constant name="2-col-indent">156</constant>
    <constant name="3-col-indent">228</constant>
    <constant name="4-col-indent">300</constant>
    <constant name="5-col-indent">372</constant>
    <constant name="6-col-indent">444</constant>
    <constant name="7-col-indent">516</constant>
    <constant name="8-col-indent">588</constant>
    <constant name="9-col-indent">660</constant>
    <constant name="10-col-indent">732</constant>
    <constant name="11-col-indent">804</constant>
    <constant name="12-col-indent">876</constant>
    <constant name="13-col-indent">948</constant>
    <constant name="14-col-indent">1020</constant>
    <constant name="15-col-indent">1092</constant>
    <constant name="16-col-indent">1164</constant>
    <constant name="17-col-indent">1236</constant>
    <constant name="18-col-indent">1308</constant>
    <constant name="19-col-indent">1380</constant>
    <constant name="20-col-indent">1452</constant>
    <constant name="21-col-indent">1524</constant>
    <constant name="22-col-indent">1596</constant>
    <constant name="23-col-indent">1668</constant>
    <constant name="24-col-indent">1740</constant>
    <constant name="row-1-begin">54</constant>
    <constant name="row-2-begin">90</constant>
    <constant name="row-3-begin">126</constant>
    <constant name="row-4-begin">162</constant>
    <constant name="row-5-begin">198</constant>
    <constant name="row-6-begin">234</constant>
    <constant name="row-7-begin">270</constant>
    <constant name="row-8-begin">306</constant>
    <constant name="row-9-begin">342</constant>
    <constant name="row-10-begin">378</constant>
    <constant name="row-11-begin">414</constant>
    <constant name="row-12-begin">450</constant>
    <constant name="row-13-begin">486</constant>
    <constant name="row-14-begin">522</constant>
    <constant name="row-15-begin">558</constant>
    <constant name="row-16-begin">594</constant>
    <constant name="row-17-begin">630</constant>
    <constant name="row-18-begin">666</constant>
    <constant name="row-19-begin">702</constant>
    <constant name="row-20-begin">738</constant>
    <constant name="row-21-begin">774</constant>
    <constant name="row-22-begin">810</constant>
    <constant name="row-23-begin">846</constant>
    <constant name="row-24-begin">882</constant>
    <constant name="row-25-begin">918</constant>
    <constant name="row-26-begin">954</constant>
    <constant name="row-27-begin">990</constant>
    <constant name="1-row">36</constant>
    <constant name="2-row">72</constant>
    <constant name="3-row">108</constant>
    <constant name="4-row">144</constant>
    <constant name="5-row">180</constant>
    <constant name="6-row">216</constant>
    <constant name="7-row">252</constant>
    <constant name="8-row">288</constant>
    <constant name="9-row">324</constant>
    <constant name="10-row">360</constant>
    <constant name="11-row">396</constant>
    <constant name="12-row">432</constant>
    <constant name="13-row">468</constant>
    <constant name="14-row">504</constant>
    <constant name="15-row">540</constant>
    <constant name="16-row">576</constant>
    <constant name="17-row">612</constant>
    <constant name="18-row">648</constant>
    <constant name="19-row">684</constant>
    <constant name="20-row">720</constant>
    <constant name="21-row">756</constant>
    <constant name="22-row">792</constant>
    <constant name="23-row">828</constant>
    <constant name="24-row">864</constant>
    <constant name="25-row">900</constant>
    <constant name="26-row">936</constant>
    <constant name="27-row">972</constant>
</includes>