<?xml version="1.0" encoding="UTF-8"?>

<includes>

	<include name="Calendar">
		<control type="group">
			<description>Birthday and Holidays</description>
			<right>10</right>
			<top>55</top>
			<width>20</width>
			<height>50</height>
			<animation effect="slide" start="0,0" end="0,25" time="75" condition="Skin.HasSetting(InfoboxOn)">conditional</animation>
			<visible>Skin.HasSetting(HolidaysOn)</visible>
				<control type="label">
						<description>Holidays</description>
						<right>0</right>
						<top>15</top>
						<width>380</width>
						<align>right</align>
						<aligny>center</aligny>
						<font>font12</font>
						<textcolor>white</textcolor>
						<shadowcolor>black</shadowcolor>
						<scroll>true</scroll>
						<label>Jmeniny slaví [B][COLOR orange]$INFO[Window(Home).Property(name_day)][/COLOR][/B]</label>
						<visible>System.AddonIsEnabled(service.holidays)</visible>
					</control>
					<control type="label">
						<description>Holidays</description>
						<right>210</right>
						<top>-75</top>
						<width>525</width>
						<align>right</align>
						<aligny>center</aligny>
						<font>font12</font>
						<textcolor>white</textcolor>
						<shadowcolor>black</shadowcolor>
						<scroll>true</scroll>
						<label>[B][COLOR red]$INFO[Window(Home).Property(Státní svátek)][/COLOR][/B]</label>
						<visible>String.IsEqual(Window(Home).Property(public_holiday), True) + System.AddonIsEnabled(service.holidays)</visible>
					</control>
					<control type="label">
						<description>birthday</description>
						<right>0</right>
						<top>60</top>
						<width>375</width>
						<align>right</align>
						<aligny>center</aligny>
						<font>font12</font>
						<textcolor>white</textcolor>
						<shadowcolor>black</shadowcolor>
						<label>Narozeniny slaví [B][COLOR orange]$INFO[Window(Home).Property(Birthday)][/COLOR][/B]</label>
						<visible>!String.IsEmpty(Window(Home).Property(Birthday)) + System.AddonIsEnabled(service.birthdays.reminder)</visible>
						<!-- <visible>true</visible> -->
					</control>
				</control>
		<control type="group">
			<description>Day and Date</description>
			<right>170</right>
			<top>35</top>
			<width>20</width>
			<height>75</height>
			<visible>Skin.HasSetting(DatumOn)</visible>
			<animation effect="slide" start="0,0" end="0,-30" time="75" condition="!Skin.HasSetting(InfoboxOn)">conditional</animation>
			<!-- <control type="image">
					<!-- <description>shops_open</description> -->
					<!-- <left>-80</left> -->
					<!-- <top>-25</top> -->
					<!-- <width>25</width> -->
					<!-- <fadetime>300</fadetime> -->
					<!-- <aspectratio aligny="center" align="center">keep</aspectratio> -->
					<!-- <texture>status/shopping.png</texture> -->
					<!-- <visible>String.IsEqual(Window(Home).Property(obchody), False)</visible> -->
				<!-- </control> -->
				<!-- <control type="image">
					<!-- <description>shops_closed</description> -->
					<!-- <left>-80</left> -->
					<!-- <top>-25</top> -->
					<!-- <width>25</width> -->
					<!-- <fadetime>300</fadetime> -->
					<!-- <colordiffuse>red</colordiffuse> -->
					<!-- <aspectratio aligny="center" align="center">keep</aspectratio> -->
					<!-- <texture>status/shopping.png</texture> -->
					<!-- <visible>String.IsEqual(Window(Home).Property(obchody), True)</visible> -->
				<!-- </control> -->
			<control type="label">
					<description>Date label</description>
					<right>2</right>
					<top>2</top>
					<width>150</width>
					<align>right</align>
					<font>font12</font>
					<textcolor>white</textcolor>
					<shadowcolor>black</shadowcolor>
					<label>$INFO[System.Date(d. MMM)]</label>
					<include>Window_OpenClose_Animation</include>
					<animation effect="slide" start="0,0" end="-40,0" time="75" condition="Player.Muted">conditional</animation>
				</control>
				<control type="label">
					<description>Day label</description>
					<right>2</right>
					<top>26</top>
					<width>150</width>
					<align>right</align>
					<font>font12</font>
					<textcolor>white</textcolor>
					<shadowcolor>black</shadowcolor>
					<label>$INFO[System.Date(DDD)]</label>
					<include>Window_OpenClose_Animation</include>
					<animation effect="slide" start="0,0" end="-40,0" time="75" condition="Player.Muted">conditional</animation>
				</control>
			</control>
		<control type="grouplist">
					<description>weather</description>
					<right>10</right>
					<top>55</top>
					<width>200</width>
					<height>60</height>
					<align>right</align>
					<itemgap>0</itemgap>
					<orientation>horizontal</orientation>
					<!-- <visible>Skin.HasSetting(homepageWeatherinfo) + !String.IsEmpty(Weather.Plugin) + String.IsEmpty(Window(Home).Property(Birthday))</visible> -->
					<visible>Skin.HasSetting(homepageWeatherinfo) + !String.IsEmpty(Weather.Plugin)</visible>
					<include>AdvancedSettingsAnimation</include> <!-- mod_include-->
					<control type="label">
						<description>Temp label</description>
						<top>10</top>
						<width>auto</width>
						<aligny>center</aligny>
						<font>font16</font>
						<textcolor>white</textcolor>
						<shadowcolor>black</shadowcolor>
						<label>$INFO[Window(Weather).Property(Current.Temperature)]</label>
					</control>
					<control type="label">					
						<description>Temp Units</description>
						<top>20</top>
						<width>auto</width>
						<font>font10</font>
						<aligny>center</aligny>
						<label>$INFO[System.TemperatureUnits]</label>
						<textcolor>white</textcolor>
						<shadowcolor>black</shadowcolor>
					</control>
					<control type="image">
						<description>Weather image</description>
						<top>0</top>
						<width>50</width>
						<height>50</height>
						<aspectratio aligny="center" align="center">keep</aspectratio>
						<texture>$INFO[Weather.ConditionsIcon]</texture>
					</control>
			</control>
	</include>
</includes>