<?xml version="1.0" encoding="UTF-8" standalone="yes"?>
<addon id="script.audiobooks" name="AudioBooks" version="1.0.1" provider-name="jkmh">
	<requires>
		<import addon="xbmc.python" version="3.0.0"/>
		<import addon="script.module.mutagen" version="1.47.0"/>
		<import addon="script.module.simplejson" version="3.3.0"/>
	</requires>
	<extension point="xbmc.python.pluginsource" library="plugin.py">
		<provides>audio</provides>
	</extension>
	<extension point="xbmc.service" library="service.py" start="login"/>
	<extension point="xbmc.addon.metadata">
		<summary lang="en">Play AudioBooks</summary>

		<description lang="en">Allows the playing of AudioBooks</description>

		<language></language>
		<platform>all</platform>
		<license>See LICENSE.txt</license>
		<assets>
			<icon>icon.png</icon>
			<fanart>fanart.jpg</fanart>
			<screenshot>resources/screenshot-01.jpg</screenshot>
			<screenshot>resources/screenshot-02.jpg</screenshot>
			<screenshot>resources/screenshot-03.jpg</screenshot>
			<banner>resources/banner.jpg</banner>
			<logo>resources/logo.png</logo>
		</assets>
	</extension>
</addon>
