<?xml version="1.0" encoding="UTF-8"?>
<window type="buttonMenu" id="1199">
<defaultcontrol>9000</defaultcontrol>
	<include>Animation_DialogPopupOpenClose</include>
	<controls>
		<control type="group">
			<centerleft>50%</centerleft>
			<width>600</width>
			<centertop>50%</centertop>
			<height>700</height>
			<include content="DialogBackgroundCommons">
				<param name="width" value="600" />
				<param name="height" value="80" />
				<param name="header_label" value="Extended controls" />
				<param name="header_id" value="2" />
			</include>
			<control type="panel" id="9000">
				<include>ButtonMenuList</include>
				<content>
					<!-- <item> -->
						<!-- <onclick>ActivateWindow(1198)</onclick> -->
						<!-- <label>Skip Ads</label> -->
						<!-- <visible>True</visible> -->
					<!-- </item> -->
					<!-- <item> -->
						<!-- <description>iteminfo</description> -->
						<!-- <onclick>ActivateWindow(1150)</onclick> -->
						<!-- <label>Item Info</label> -->
						<!-- <visible>True</visible> -->
					<!-- </item> -->
					<!-- <item> -->
						<!-- <description>Help</description> -->
						<!-- <onclick>ActivateWindow(1190)</onclick> -->
						<!-- <label>Help</label> -->
						<!-- <visible>True</visible> -->
					<!-- </item> -->
					<item>
						<description>ToggleDebug</description>
						<onclick>ToggleDebug</onclick>
						<label>ToggleDebug</label>
						<visible>True</visible>
					</item>
					<item>
						<description>Skin.ToggleDebug</description>
						<onclick>Skin.ToggleDebug</onclick>
						<label>Skin.ToggleDebug</label>
						<visible>True</visible>
					</item>
					<item>
						<description>Reload skin</description>
						<onclick>ReloadSkin()</onclick>
						<label>Reload skin</label>
						<visible>True</visible>
					</item>
					<item>
						<description>Reload keymaps</description>
						<onclick>reloadkeymaps</onclick>
						<label>Reload keymaps</label>
						<visible>True</visible>
					</item>
					<item>
						<label>Restart Kodi</label>
						<onclick>RestartApp()</onclick>
					</item>
				</content>
			</control>
		</control>
	</controls>
</window>
