<addon id="script.rakuten.tv" name="Rakuten TV" provider-name="waladir" version="1.0.0">
    <requires>
        <import addon="xbmc.python" version="3.0.0" />
        <import addon="script.module.requests" />
    </requires>
    <extension point="xbmc.python.script" library="main.py"/>
    <extension library="main.py" point="xbmc.python.pluginsource">
        <provides>video</provides>
    </extension>
    <extension point="xbmc.service" library="service.py"/>
    <extension point="xbmc.addon.metadata">
        <summary lang="cs_CS">Vygenerování playlistu a EPG pro PVR IPTV Simple Clienta pro Rakuten TV</summary>
        <description lang="cs_CS">
        </description>
        <assets>
            <icon>icon.png</icon>
        </assets>
    </extension>
</addon>