<?xml version="1.0" encoding="UTF-8" standalone="yes"?>
<addon id="plugin.video.idnes.tv" name="iDnes TV" version="1.3.1" provider-name="jkmh">
	<requires>
		<import addon="xbmc.python" version="3.0.0"/>
		<import addon="xbmc.addon" version="14.0.0"/>
		<import addon="script.module.requests"/>
		<import addon="script.module.beautifulsoup4"/>
		<import addon="script.module.routing"/>
		<import addon="script.module.urllib3"/>
		<import addon="script.module.requests" version="2.1.0"/>
		<import addon="script.module.dateutil" version="2.8.1"/>
	</requires>
	<extension library="default.py" point="xbmc.python.pluginsource">
		<provides>video</provides>
	</extension>
	<extension point="xbmc.addon.metadata">
		<summary lang="cs_CZ">iDnes.cz</summary>
		<description lang="cs_CZ">Doplněk umožňuje sledování pořadů z webu tv.idnes.cz a kino.idnes.cz</description>
		<platform>all</platform>
		<assets>
			<icon>icon.png</icon>
		</assets>
	</extension>
</addon>
