<includes>

<!-- Includes z mod_IncludesOpenMeteo.xml směřují do MyWeather.xml -->
	<include name="Moon">
			<control type="group">
					<!-- <visible>!String.IsEmpty(Window.Property(Today.IsFetched))</visible> -->
					<control type="label">
						<description>Moonrise Label</description>
						<left>45</left>
						<top>855</top>
						<width>450</width>
						<height>53</height>
						<font>font13</font>
						<align>left</align>
						<aligny>center</aligny>
						<label>Východ měsíce : [COLOR=white]$INFO[Window.Property(Today.moonrise)][/COLOR]</label>
						<textcolor>grey2</textcolor>
						<shadowcolor>black</shadowcolor>
						<visible>!String.IsEmpty(Window.Property(Today.moonrise))</visible>
					</control>
					<control type="label">
						<description>Moonset label</description>
						<left>255</left>
						<top>855</top>
						<width>450</width>
						<height>53</height>
						<font>font13</font>
						<align>right</align>
						<aligny>center</aligny>
						<label>Západ měsíce : [COLOR=white]$INFO[Window.Property(Today.moonset)][/COLOR]</label>
						<textcolor>grey2</textcolor>
						<shadowcolor>black</shadowcolor>
						<visible>!String.IsEmpty(Window.Property(Today.moonset))</visible>
					</control>
			</control>
	</include>
	<include name="WeatherButtons">
				<control type="button" id="309">
					<description>Test button</description>
					<textwidth>353</textwidth>
					<include>ButtonCommonValues</include>
					<label>$ADDON[weather.openmeteo 32325]</label>
					<onfocus>SetProperty(navigation)</onfocus>
					<!-- <visible>!String.IsEmpty(Window.Property(Alerts.IsFetched))</visible> -->
				</control>
	</include>
	<!-- <include name="Weather_Widget_Include">
		<control type="group">
			<width>176</width>
			<height>60</height>

			<control type="label">
				<width>176</width>
				<height>30</height>
				<label>$PARAM[label]</label>
				<align>center</align>
				<aligny>center</aligny>
				<font>font10</font>
				<textcolor>$INFO[Window(weather).Property(hourly.0.$PARAM[type]graphcolor)]</textcolor>
			</control>
			<control type="label">
				<top>30</top>
				<width>176</width>
				<height>30</height>
				<label>$INFO[Window(weather).Property(current.$PARAM[type])] $INFO[Window(weather).Property(unit.$PARAM[unit])]</label>
				<align>center</align>
				<aligny>center</aligny>
				<font>font12</font>
			</control>
		</control>
	</include>
	<include name="Weather_Widget_Airquality">
		<include content="Weather_Widget_Include"><param name="label">$ADDON[weather.openmeteo 32325]</param><param name="type">aqieu</param><param name="unit">na</param></include>
		<include content="Weather_Widget_Include"><param name="label">$ADDON[weather.openmeteo 32326]</param><param name="type">aqius</param><param name="unit">na</param></include>
		<include content="Weather_Widget_Include"><param name="label">PM2.5</param><param name="type">pm25</param><param name="unit">particles</param></include>
		<include content="Weather_Widget_Include"><param name="label">PM10</param><param name="type">pm10</param><param name="unit">particles</param></include>
		<include content="Weather_Widget_Include"><param name="label">CO</param><param name="type">co</param><param name="unit">particles</param></include>
		<include content="Weather_Widget_Include"><param name="label">NO²</param><param name="type">no2</param><param name="unit">particles</param></include>
		<include content="Weather_Widget_Include"><param name="label">SO²</param><param name="type">so2</param><param name="unit">particles</param></include>
		<include content="Weather_Widget_Include"><param name="label">$ADDON[weather.openmeteo 32338]</param><param name="type">ozone</param><param name="unit">particles</param></include>
		<include content="Weather_Widget_Include"><param name="label">$ADDON[weather.openmeteo 32339]</param><param name="type">dust</param><param name="unit">particles</param></include>
	</include> -->
	
	
	<!-- <include name="WeatherMapItem">
		<control type="group" id="700$PARAM[item_id]">
			<height>1110</height>
			<visible>Weather.IsFetched + !String.IsEmpty(Window(weather).Property(Map.$PARAM[item_id].Area)) + !String.IsEmpty(Window(weather).Property(Map.IsFetched))</visible>
			<centerleft>50%</centerleft>
			<width>1920</width>
			<control type="button" id="700$PARAM[item_id]0">
				<left>50</left>
				<top>100</top>
				<width>1820</width>
				<height>920</height>
				<onup>$PARAM[onup_id]</onup>
				<ondown>$PARAM[ondown_id]</ondown>
				<onleft>101</onleft>
				<onclick condition="String.isEmpty(Window(weather).Property(map$PARAM[item_id]play))">SetProperty(map$PARAM[item_id]play, true, weather)</onclick>
				<onclick condition="!String.isEmpty(Window(weather).Property(map$PARAM[item_id]play))">ClearProperty(map$PARAM[item_id]play, weather)</onclick>
			</control>
			<control type="image">
				<left>50</left>
				<top>100</top>
				<width>1820</width>
				<height>920</height>
				<texture>dialogs/dialog-bg-nobo.png</texture>
				<bordertexture border="21" infill="false">overlays/shadow.png</bordertexture>
				<bordersize>20</bordersize>
			</control>
	
			<control type="image">
				<left>120</left>
				<top>160</top>
				<width>1680</width>
				<height>800</height>
				<texture>$INFO[Window(weather).Property(Map.$PARAM[item_id].Area)]</texture>
				<aspectratio>scale</aspectratio>
			</control>

			<control type="image">
				<left>120</left>
				<top>160</top>
				<width>1680</width>
				<height>800</height>
				<texture>$INFO[Window(weather).Property(Map.$PARAM[item_id].Layer)]</texture>
				<aspectratio>scale</aspectratio>
				<colordiffuse>B0FFFFFF</colordiffuse>
				<visible>String.isEmpty(Window(weather).Property(Map.$PARAM[item_id].Layer.0))</visible>
			</control>

			<control type="group">
				<visible>String.isEmpty(Window(weather).Property(map$PARAM[item_id]play)) + !String.isEmpty(Window(weather).Property(Map.$PARAM[item_id].Layer.0))</visible>
				<include content="Weather_Map_Image"><param name="idmap">$PARAM[item_id]</param><param name="id">0</param><param name="play">false</param></include>
			</control>

			<control type="group">
				<visible>!String.isEmpty(Window(weather).Property(map$PARAM[item_id]play))</visible>
				<include content="Weather_Map_Image"><param name="idmap">$PARAM[item_id]</param><param name="id">23</param></include>
				<include content="Weather_Map_Image"><param name="idmap">$PARAM[item_id]</param><param name="id">22</param></include>
				<include content="Weather_Map_Image"><param name="idmap">$PARAM[item_id]</param><param name="id">21</param></include>
				<include content="Weather_Map_Image"><param name="idmap">$PARAM[item_id]</param><param name="id">20</param></include>
				<include content="Weather_Map_Image"><param name="idmap">$PARAM[item_id]</param><param name="id">19</param></include>
				<include content="Weather_Map_Image"><param name="idmap">$PARAM[item_id]</param><param name="id">18</param></include>
				<include content="Weather_Map_Image"><param name="idmap">$PARAM[item_id]</param><param name="id">17</param></include>
				<include content="Weather_Map_Image"><param name="idmap">$PARAM[item_id]</param><param name="id">16</param></include>
				<include content="Weather_Map_Image"><param name="idmap">$PARAM[item_id]</param><param name="id">15</param></include>
				<include content="Weather_Map_Image"><param name="idmap">$PARAM[item_id]</param><param name="id">14</param></include>
				<include content="Weather_Map_Image"><param name="idmap">$PARAM[item_id]</param><param name="id">13</param></include>
				<include content="Weather_Map_Image"><param name="idmap">$PARAM[item_id]</param><param name="id">12</param></include>
				<include content="Weather_Map_Image"><param name="idmap">$PARAM[item_id]</param><param name="id">11</param></include>
				<include content="Weather_Map_Image"><param name="idmap">$PARAM[item_id]</param><param name="id">10</param></include>
				<include content="Weather_Map_Image"><param name="idmap">$PARAM[item_id]</param><param name="id">9</param></include>
				<include content="Weather_Map_Image"><param name="idmap">$PARAM[item_id]</param><param name="id">8</param></include>
				<include content="Weather_Map_Image"><param name="idmap">$PARAM[item_id]</param><param name="id">7</param></include>
				<include content="Weather_Map_Image"><param name="idmap">$PARAM[item_id]</param><param name="id">6</param></include>
				<include content="Weather_Map_Image"><param name="idmap">$PARAM[item_id]</param><param name="id">5</param></include>
				<include content="Weather_Map_Image"><param name="idmap">$PARAM[item_id]</param><param name="id">4</param></include>
				<include content="Weather_Map_Image"><param name="idmap">$PARAM[item_id]</param><param name="id">3</param></include>
				<include content="Weather_Map_Image"><param name="idmap">$PARAM[item_id]</param><param name="id">2</param></include>
				<include content="Weather_Map_Image"><param name="idmap">$PARAM[item_id]</param><param name="id">1</param></include>
				<include content="Weather_Map_Image"><param name="idmap">$PARAM[item_id]</param><param name="id">0</param></include>
			</control>

			<control type="image" id="700$PARAM[item_id]5">
				<left>1340</left>
				<top>880</top>
				<width>350</width>
				<height>55</height>
				<texture>$INFO[Window(weather).Property(Map.$PARAM[item_id].Legend)]</texture>
			</control>

		</control>
	</include>
	<include name="Weather_Widget_Airquality">
		<control type="grouplist" id="2001">
				<orientation>vertical</orientation>
				<top>0</top>
				<height>100%</height>
				<left>0</left>
				<usecontrolcoords>true</usecontrolcoords>
				<scrolltime tween="cubic" easing="out">500</scrolltime>
				<include>OpenClose_Right</include>
				<itemgap>-160</itemgap>
				<include>Weather_Animation_Fade</include>
				<visible allowhiddenfocus="true">String.isEqual(Window(weather).Property(Navigation),maps)</visible>

				<include content="WeatherMapItem">
					<param name="item_id" value="1" />
					<param name="onup_id" value="70010" />
					<param name="ondown_id" value="70020" />
				</include>
				<include content="WeatherMapItem">
					<param name="item_id" value="2" />
					<param name="onup_id" value="70010" />
					<param name="ondown_id" value="70030" />
				</include>
				<include content="WeatherMapItem">
					<param name="item_id" value="3" />
					<param name="onup_id" value="70020" />
					<param name="ondown_id" value="70040" />
				</include>
				<include content="WeatherMapItem">
					<param name="item_id" value="4" />
					<param name="onup_id" value="70030" />
					<param name="ondown_id" value="70050" />
				</include>
				<include content="WeatherMapItem">
					<param name="item_id" value="5" />
					<param name="onup_id" value="70040" />
					<param name="ondown_id" value="70050" />
				</include>
		</control>
	</include> -->
	<!-- <include name="Weather_Widget_Airquality"> -->
		<!-- <control type="group"> -->
			<!-- <visible>String.IsEqual(Window.Property(Weather.CurrentView),alerts) + !String.IsEmpty(Window.Property(Alerts.IsFetched))</visible> -->
			<!-- <include>VisibleFadeEffect</include> -->
			<!-- <control type="button" id="997"> -->
				<!-- <description>Hidden Button for focus</description> -->
				<!-- <left>-900</left> -->
				<!-- <top>-30</top> -->
				<!-- <width>1</width> -->
				<!-- <height>1</height> -->
				<!-- <texturenofocus /> -->
				<!-- <texturefocus /> -->
				<!-- <onleft>9000</onleft> -->
				<!-- <onright>9000</onright> -->
			<!-- </control> -->
			<!-- <control type="label"> -->
				<!-- <description>header label</description> -->
				<!-- <left>30</left> -->
				<!-- <top>23</top> -->
				<!-- <width>915</width> -->
				<!-- <height>45</height> -->
				<!-- <font>font13_title</font> -->
				<!-- <label>33050</label> -->
				<!-- <align>center</align> -->
				<!-- <aligny>center</aligny> -->
				<!-- <textcolor>white</textcolor> -->
				<!-- <shadowcolor>black</shadowcolor> -->
			<!-- </control> -->
			<!-- <control type="label"> -->
				<!-- <left>60</left> -->
				<!-- <top>113</top> -->
				<!-- <width>855</width> -->
				<!-- <height>45</height> -->
				<!-- <font>font13_title</font> -->
				<!-- <textcolor>blue</textcolor> -->
				<!-- <align>center</align> -->
				<!-- <aligny>center</aligny> -->
				<!-- <label>$LOCALIZE[33050]</label> -->
			<!-- </control> -->
			<!-- <control type="group"> -->
				<!-- <visible>!String.IsEqual(Window.Property(Alerts.Count),0)</visible> -->
				<!-- <control type="textbox"> -->
					<!-- <left>60</left> -->
					<!-- <top>176</top> -->
					<!-- <width>855</width> -->
					<!-- <height>597</height> -->
					<!-- <font>font12</font> -->
					<!-- <textcolor>white</textcolor> -->
					<!-- <selectedcolor>selected</selectedcolor> -->
					<!-- <align>center</align> -->
					<!-- <label>$INFO[Window.Property(Alerts)]</label> -->
					<!-- <autoscroll time="2000" delay="3000" repeat="5000">Skin.HasSetting(AutoScroll)</autoscroll> -->
				<!-- </control> -->
			<!-- </control> -->
			<!-- <control type="label"> -->
				<!-- <left>60</left> -->
				<!-- <top>300</top> -->
				<!-- <width>855</width> -->
				<!-- <height>45</height> -->
				<!-- <font>font13_title</font> -->
				<!-- <textcolor>white</textcolor> -->
				<!-- <align>center</align> -->
				<!-- <aligny>center</aligny> -->
				<!-- <label>$LOCALIZE[19055]</label> -->
				<!-- <visible>String.IsEqual(Window.Property(Alerts.Count),0)</visible> -->
			<!-- </control> -->
		<!-- </control> -->
	<!-- </include> -->
</includes>