<?xml version="1.0" encoding="UTF-8"?>
<includes>
<!-- HOMESCREEN MAIN MENU -->
	<include name="IncludeSCC">
		<control type="grouplist" id="9019">
			<include>HomeSubMenuCommonValues</include>
			<onleft>9019</onleft>
			<onright>9019</onright>
			<visible>Container(9000).HasFocus(16)</visible>
			<!--Buttons for the grouplist -->
			<include>HomeSubMenuTrakt</include>
		</control>
		<control type="grouplist" id="9018">
			<include>HomeSubMenuCommonValues</include>
			<onleft>9018</onleft>
			<onright>9018</onright>
			<visible>Container(9000).HasFocus(15)</visible>
			<!--Buttons for the grouplist -->
			<include>HomeSubMenuSCC</include>
		</control>
	</include>
	<!-- <include name="IncludeSearch"> -->
		<!-- <control type="group"> -->
				<!-- <visible>!Skin.HasSetting(HomepageHideSearch) + !Player.HasVideo</visible> -->
				<!-- <control type="button" id="9020"> -->
					<!-- <description>Search push button</description> -->
					<!-- <left>65</left> -->
					<!-- <top>0</top> -->
					<!-- <width>115</width> -->
					<!-- <height>35</height> -->
					<!-- <font>font12</font> -->
					<!-- <textcolor>grey2</textcolor> -->
					<!-- <focusedcolor>white</focusedcolor> -->
					<!-- <label>  Hledat</label> -->
					<!-- <onclick>ActivateWindow(1107)</onclick> -->
					<!-- <colordiffuse>CCFFFFFF</colordiffuse> -->
					<!-- <texturefocus flipy="true" border="8">HomeSubFO.png</texturefocus> -->
					<!-- <texturenofocus flipy="true" border="8">HomeSubNF.png</texturenofocus> -->
					<!-- <onleft>20</onleft> -->
					<!-- <onright>601</onright> -->
					<!-- <onup>9003</onup> -->
					<!-- <ondown>9000</ondown> -->
				<!-- </control> -->
				<!-- <control type="image"> -->
					<!-- <description>Search Icon</description> -->
					<!-- <left>140</left> -->
					<!-- <top>0</top> -->
					<!-- <width>35</width> -->
					<!-- <height>35</height> -->
					<!-- <aspectratio>keep</aspectratio> -->
					<!-- <texture>icon_search.png</texture> -->
				<!-- </control> -->
		<!-- </control> -->
		<!-- <onclick>ActivateWindow(1107)</onclick> -->
	<!-- </include> -->

</includes>
