<?xml version="1.0" encoding="UTF-8"?>
<window type="buttonMenu" id="1199">
	<defaultcontrol>9001</defaultcontrol>
	<include>dialogeffect</include>
	<coordinates>
		<left>0</left>
		<top>0</top>
	</coordinates>
	<controls>
		<control type="button" id="9001">
			<description>Make sure we hit the first button in the group list and not the close window button</description><!-- Ujistěte se, že jsme stiskli první tlačítko v group list, a ne tlačítko zavřít okno. -->
			<left>-16</left>
			<top>-16</top>
			<width>4</width>
			<height>4</height>
			<label/>
			<font/>
			<onfocus>down</onfocus>
			<texturefocus/>
			<texturenofocus/>
			<onleft>9000</onleft>
			<onright>9000</onright>
			<onup>15</onup>
			<ondown>2</ondown>
		</control>
		<control type="image">
			<left>0</left>
			<top>0</top>
			<width>1280</width>
			<height>720</height>
			<texture>black-back.png</texture>
		</control>
		<control type="grouplist" id="9000">
			<left>470</left>
			<top>0</top>
			<width>340</width>
			<height>720</height>
			<onleft>9000</onleft>
			<onright>9000</onright>
			<onup>9000</onup>
			<ondown>9000</ondown>
			<itemgap>0</itemgap>
			<align>center</align>
			<control type="group" id="1">
				<width>340</width>
				<height>70</height><!-- umístění hlavičky svisle -->
				<include content="DialogBackgroundCommons"><!-- definice včetně následujících řádků je v souboru includes.xml -->
					<param name="DialogBackgroundWidth" value="340" />
					<param name="DialogBackgroundHeight" value="80" /><!-- výška hlavičky -->
					<param name="DialogHeaderWidth" value="250" /><!-- umístění textu v hlavičce vodorovně -->
					<param name="DialogHeaderLabel" value="Extended Controls" />
					<param name="DialogHeaderId" value="10" />
					<param name="CloseButtonLeft" value="265"/>
					<param name="DialogHeaderLogoWidth" value="25"/>
				</include>
			</control>
			<control type="button" id="2">
				<description>skip</description>
				<include>CommonMyWindows</include>
				<onclick>ActivateWindow(1198)</onclick>
				<label>Skip Ads</label>
				<visible>True</visible>
			</control>
			<control type="button" id="3">
				<description>iteminfo</description>
				<include>CommonMyWindows</include>
				<onclick>ActivateWindow(1150)</onclick>
				<label>Item Info</label>
				<visible>True</visible>
			</control>
			<control type="button" id="4">
				<description>ToggleDebug</description>
				<include>CommonMyWindows</include>
				<onclick>ToggleDebug</onclick>
				<label>ToggleDebug</label>
				<visible>True</visible>
			</control>
			<control type="button" id="5">
				<description>Skin.ToggleDebug</description>
				<include>CommonMyWindows</include>
				<onclick>Skin.ToggleDebug</onclick>
				<label>Skin.ToggleDebug</label>
				<visible>True</visible>
			</control>
			<control type="button" id="6">
				<description>Help</description>
				<include>CommonMyWindows</include>
				<onclick>ActivateWindow(1190)</onclick>
				<label>Help</label>
				<visible>True</visible>
			</control>
			<control type="button" id="7">
				<description>Skin settings</description>
				<include>CommonMyWindows</include>
				<onclick>ActivateWindow(skinsettings)</onclick>
				<label>Skin settings</label>
				<visible>True</visible>
			</control>
			<control type="button" id="12">
				<description>Tests</description>
				<include>CommonMyWindows</include>
				<onclick>ActivateWindow(1197)</onclick>
				<label>Tests</label>
				<visible>True</visible>
			</control>
			<control type="button" id="8">
				<description>skin change</description>
				<include>CommonMyWindows</include>
				<onclick>NextSubtitle</onclick>
				<onclick>ActivateWindow(appearancesettings)</onclick>
				<label>Skin change</label>
			</control>
			<control type="button" id="9">
				<description>Reload skin</description>
				<include>CommonMyWindows</include>
				<onclick>ReloadSkin()</onclick>
				<label>Reload skin</label>
				<visible>True</visible>
			</control>
			<control type="button" id="10">
				<description>Reload keymaps</description>
				<include>CommonMyWindows</include>
				<onclick>reloadkeymaps</onclick>
				<label>Reload keymaps</label>
				<visible>True</visible>
			</control>
			<control type="button" id="11">
				<description>ws</description>
				<include>CommonMyWindows</include>
				<onclick>RunScript(special://skin/scripts/scripty/ws.py)</onclick>
				<label>vip server</label>
				<visible>True</visible>
			</control>
			<control type="button" id="15">
				<description>Restart Kodi</description>
				<include>CommonMyWindows</include>
				<onclick>Notification(RESTART,Kodi,2000,defaulticoninfo.png)</onclick>
				<onclick>dialog.close(all,true)</onclick>
				<onclick>AlarmClock(Restart,RestartApp,00:01,silent)</onclick>
				<label>Restart Kodi</label>
				<visible>True</visible>
			</control>
			<control type="image" id="14">
				<description>background bottom image</description>
				<left>0</left>
				<width>340</width>
				<height>25</height>
				<texture border="20,0,19,20">DialogContextBottom.png</texture>
			</control>
		</control>
	</controls>
</window>
