<!-- orig.soubor doplněn o AMLogic info a změna rozmístění -->
<?xml version="1.0" encoding="UTF-8"?>
<window>
	<defaultcontrol always="true">100</defaultcontrol>
	<include>dialogeffect</include>
	<depth>DepthOSD</depth>
	<coordinates>
		<left>0</left>
		<top>0</top>
	</coordinates>
	
					<!-- Přehrávač -->				
	<controls>
		<control type="group">
			<depth>DepthOSD+</depth>
			<control type="image">
				<description>media info background image</description>
				<left>0</left>
				<top>0</top>
				<width>1280</width>
				<height>700</height>
				<texture>black-back.png</texture>
			</control>
			<control type="label">
				<description>Header</description>
				<left>50</left>
				<top>10</top>
				<width>565</width>
				<height>25</height>
				<label>$LOCALIZE[31007]</label>
				<align>left</align>
				<aligny>center</aligny>
				<font>font13_title</font>
				<textcolor>blue</textcolor>
			</control>
			<control type="label">
				<description>Hardware decoding</description>
				<left>50</left>
				<top>40</top>
				<width>165</width>
				<height>25</height>
				<label>$LOCALIZE[31010]:</label>
				<align>left</align>
				<aligny>center</aligny>
				<font>font12</font>
				<textcolor>grey2</textcolor>
			</control>
			<control type="label">
				<description>Hardware decoding value</description>
				<left>220</left>
				<top>40</top>
				<width>450</width>
				<height>25</height>
				<scroll>true</scroll>
				<label>$LOCALIZE[19074]</label>
				<align>left</align>
				<aligny>center</aligny>
				<font>font12</font>
				<textcolor>white</textcolor>
				<visible>Player.Process(videohwdecoder)</visible>
			</control>
			<control type="label">
				<description>Hardware decoding value</description>
				<left>220</left>
				<top>40</top>
				<width>450</width>
				<height>25</height>
				<scroll>true</scroll>
				<label>$LOCALIZE[31011]</label>
				<align>left</align>
				<aligny>center</aligny>
				<font>font12</font>
				<textcolor>white</textcolor>
				<visible>!Player.Process(videohwdecoder)</visible>
			</control>
			<control type="label">
				<description>Decoder</description>
				<left>50</left>
				<top>65</top>
				<width>165</width>
				<height>25</height>
				<label>$LOCALIZE[31012]:</label>
				<align>left</align>
				<aligny>center</aligny>
				<font>font12</font>
				<textcolor>grey2</textcolor>
			</control>
			<control type="label">
				<description>Decoder value</description>
				<left>220</left>
				<top>65</top>
				<width>450</width>
				<height>25</height>
				<scroll>true</scroll>
				<label>$INFO[Player.Process(videodecoder)] $VAR[VideoHWDecoder, (,)] $INFO[VideoPlayer.VideoBitrate,$COMMA , kb/s]</label>
				<align>left</align>
				<aligny>center</aligny>
				<font>font12</font>
				<textcolor>white</textcolor>
			</control>
			<control type="label">
				<description>Deinterlace</description>
				<left>50</left>
				<top>90</top>
				<width>165</width>
				<height>25</height>
				<label>$LOCALIZE[16038]:</label>
				<align>left</align>
				<aligny>center</aligny>
				<font>font12</font>
				<textcolor>grey2</textcolor>
			</control>
			<control type="label">
				<description>Deinterlace value</description>
				<left>220</left>
				<top>90</top>
				<width>450</width>
				<height>25</height>
				<scroll>true</scroll>
				<label fallback="1446">$INFO[Player.Process(deintmethod)]</label>
				<align>left</align>
				<aligny>center</aligny>
				<font>font12</font>
				<textcolor>white</textcolor>
			</control>
			<control type="label">
				<description>Resolution</description>
				<left>50</left>
				<top>115</top>
				<width>165</width>
				<height>25</height>
				<label>$LOCALIZE[169]:</label>
				<align>left</align>
				<aligny>center</aligny>
				<font>font12</font>
				<textcolor>grey2</textcolor>
			</control>
			<control type="label">
				<description>Resolution value</description>
				<left>220</left>
				<top>115</top>
				<width>450</width>
				<height>25</height>
				<scroll>true</scroll>
				<label fallback="1446">$INFO[Player.Process(videowidth),,x]$INFO[Player.Process(videoheight),, px]$INFO[Player.Process(videodar),$COMMA , AR]$INFO[Player.Process(videofps),$COMMA , FPS]</label>
				<align>left</align>
				<aligny>center</aligny>
				<font>font12</font>
				<textcolor>white</textcolor>
			</control>
			
			
			<!-- mod AMLogic Video Info -->
			<control type="label">
				<description>Header</description>
				<left>50</left>
				<top>160</top>
				<width>565</width>
				<height>25</height>
				<label>AMLogic Video Info</label>
				<align>left</align>
				<aligny>center</aligny>
				<font>font13_title</font>
				<textcolor>blue</textcolor>
				<visible>System.AddonIsEnabled(service.coreelec.settings)</visible>
			</control>
			<control type="label">
				<description>Display mode</description>
				<left>50</left>
				<top>185</top>
				<width>165</width>
				<height>25</height>
				<label>Display mode:</label>
				<align>left</align>
				<aligny>center</aligny>
				<font>font12</font>
				<textcolor>grey2</textcolor>
				<visible>System.AddonIsEnabled(service.coreelec.settings)</visible>
			</control>
			<control type="label">
				<description>Display mode value</description>
				<left>220</left>
				<top>185</top>
				<width>450</width>
				<height>25</height>
				<scroll>true</scroll>
				<label fallback="1446">$INFO[Player.Process(amlogic.displaymode)]</label>
				<align>left</align>
				<aligny>center</aligny>
				<font>font12</font>
				<textcolor>white</textcolor>
				<visible>System.AddonIsEnabled(service.coreelec.settings)</visible>
			</control>
			<control type="label">
				<description>Colour depth</description>
				<left>50</left>
				<top>210</top>
				<width>165</width>
				<height>25</height>
				<label>Color depth:</label>
				<align>left</align>
				<aligny>center</aligny>
				<font>font12</font>
				<textcolor>grey2</textcolor>
				<visible>System.AddonIsEnabled(service.coreelec.settings)</visible>
			</control>
			<control type="label">
				<description>Colour depth value</description>
				<left>220</left>
				<top>210</top>
				<width>450</width>
				<height>25</height>
				<scroll>true</scroll>
				<label fallback="1446">$INFO[Player.Process(amlogic.pixformat)]</label>
				<align>left</align>
				<aligny>center</aligny>
				<font>font12</font>
				<textcolor>white</textcolor>
				<visible>System.AddonIsEnabled(service.coreelec.settings)</visible>
			</control>
			<control type="label">
				<description>eotf</description>
				<left>50</left>
				<top>235</top>
				<width>165</width>
				<height>25</height>
				<label>EOTF:</label>$LOCALIZE[31170]
				<align>left</align>
				<aligny>center</aligny>
				<font>font12</font>
				<textcolor>grey2</textcolor>
				<visible>System.AddonIsEnabled(service.coreelec.settings)</visible>
			</control>
			<control type="label">
				<description>eotf value</description>
				<left>220</left>
				<top>235</top>
				<width>450</width>
				<height>25</height>
				<scroll>true</scroll>
				<label fallback="1446">$INFO[Player.Process(amlogic.eoft_gamut)]</label>
				<align>left</align>
				<aligny>center</aligny>
				<font>font12</font>
				<textcolor>white</textcolor>
				<visible>System.AddonIsEnabled(service.coreelec.settings)</visible>
			</control>
			<control type="label">
				<description>Header</description>
				<left>600</left>
				<top>10</top>
				<width>565</width>
				<height>25</height>
				<label>$LOCALIZE[31013]</label>
				<align>left</align>
				<aligny>center</aligny>
				<font>font13_title</font>
				<textcolor>blue</textcolor>
			</control>
			<control type="label">
				<description>Decoder</description>
				<left>600</left>
				<top>40</top>
				<width>165</width>
				<height>25</height>
				<label>$LOCALIZE[31012]:</label>
				<align>left</align>
				<aligny>center</aligny>
				<font>font12</font>
				<textcolor>grey2</textcolor>
			</control>
			<control type="label">
				<description>Decoder value</description>
				<left>700</left>
				<top>40</top>
				<width>450</width>
				<height>25</height>
				<scroll>true</scroll>
				<label fallback="1446">$INFO[Player.Process(audiodecoder)]$INFO[Player.Process(audiobitspersample),$COMMA , bit]$INFO[Player.Process(audiosamplerate),$COMMA , Hz]$INFO[VideoPlayer.AudioBitrate,$COMMA , kb/s]</label>
				<align>left</align>
				<aligny>center</aligny>
				<font>font12</font>
				<textcolor>white</textcolor>
			</control>
			<control type="label">
				<description>Channels</description>
				<left>600</left>
				<top>65</top>
				<width>165</width>
				<height>25</height>
				<label>$LOCALIZE[19019]:</label>
				<align>left</align>
				<aligny>center</aligny>
				<font>font12</font>
				<textcolor>grey2</textcolor>
			</control>
			<control type="label">
				<description>Channels value</description>
				<left>700</left>
				<top>65</top>
				<width>450</width>
				<height>25</height>
				<scroll>true</scroll>
				<label fallback="1446">$INFO[Player.Process(audiochannels)]</label>
				<align>left</align>
				<aligny>center</aligny>
				<font>font12</font>
				<textcolor>white</textcolor>
			</control>
		</control>
		
		<!-- Systémové informace -->
		
		<control type="group">
			<depth>DepthOSD+</depth>
			<left>550</left>
			<top>90</top>
			<control type="label">
				<description>Header</description>
				<left>50</left>
				<top>10</top>
				<width>565</width>
				<height>25</height>
				<label>$LOCALIZE[138]</label>
				<align>left</align>
				<aligny>center</aligny>
				<font>font13_title</font>
				<textcolor>blue</textcolor>
			</control>
			
			<control type="label">
				<description>CPU</description>
				<left>50</left>
				<top>40</top>
				<width>165</width>
				<height>25</height>
				<label>Využití procesoru:</label>#$LOCALIZE[13271]
				<align>left</align>
				<aligny>center</aligny>
				<font>font12</font>
				<textcolor>grey2</textcolor>
			</control>
			<control type="label">
				<description>CPU value</description>
				<left>220</left>
				<top>40</top>
				<width>450</width>
				<height>25</height>
				<scroll>true</scroll>
				<label>$INFO[System.CPUUsage]</label>
				<align>left</align>
				<aligny>center</aligny>
				<font>font12</font>
				<textcolor>white</textcolor>
			</control>
			<control type="label">
				<description>CPU Temp.</description>
				<left>50</left>
				<top>65</top>
				<width>165</width>
				<height>25</height>
				<label>Teplota procesoru:</label>
				<align>left</align>
				<aligny>center</aligny>
				<font>font12</font>
				<textcolor>grey2</textcolor>
			</control>
			<control type="label">
				<description>CPU value</description>
				<left>220</left>
				<top>65</top>
				<width>450</width>
				<height>25</height>
				<scroll>true</scroll>
				<label>$INFO[System.CPUTemperature]</label>
				<align>left</align>
				<aligny>center</aligny>
				<font>font12</font>
				<textcolor>white</textcolor>
			</control>
			<control type="label">
				<description>CpuFrequency</description>
				<left>50</left>
				<top>90</top>
				<width>165</width>
				<height>25</height>
				<label>$LOCALIZE[13284]</label> <!--Zařízení -->
				<align>left</align>
				<aligny>center</aligny>
				<font>font12</font>
				<textcolor>grey2</textcolor>
			</control>
			<control type="label">
				<description>CPU value</description>
				<left>220</left>
				<top>90</top>
				<width>450</width>
				<height>25</height>
				<scroll>true</scroll>
				<label>$INFO[System.CpuFrequency]</label>
				<align>left</align>
				<aligny>center</aligny>
				<font>font12</font>
				<textcolor>white</textcolor>
			</control>
			<control type="label">
				<description>Memory</description>
				<left>50</left>
				<top>115</top>#360
				<width>165</width>
				<height>25</height>
				<label>$LOCALIZE[31014]:</label>
				<align>left</align>
				<aligny>center</aligny>
				<font>font12</font>
				<textcolor>grey2</textcolor>
			</control>
			<control type="progress">
				<description>ProgressBar</description>
				<left>220</left>
				<top>135</top>
				<width>250</width>
				<height>14</height>
				<info>System.Memory(used)</info>
			</control>
			<control type="label">
				<description>Memory value</description>
				<left>220</left>
				<top>115</top>
				<width>450</width>
				<height>25</height>
				<scroll>true</scroll>
				<label>$INFO[system.memory(used)] [B]/[/B] $INFO[system.memory(total)] [B]-[/B] $INFO[system.memory(used.percent)]</label>
				<align>left</align>
				<aligny>center</aligny>
				<font>font12</font>
				<textcolor>white</textcolor>
			</control>
			<control type="label">
				<description>Cache</description>
				<left>50</left>
				<top>150</top>
				<width>165</width>
				<height>25</height>
				<label>Buffering:</label>
				<align>left</align>
				<aligny>center</aligny>
				<font>font12</font>
				<textcolor>grey2</textcolor>
			</control>
			<control type="progress">
				<description>ProgressBarCache</description>
				<left>220</left>
				<top>170</top>
				<width>250</width>
				<height>14</height>
				<info>Player.ProgressCache</info>
				<midtexture border="6,0,6,0" colordiffuse="red">OSDProgressMid.png</midtexture>
				<visible>true</visible>
			</control>
			<control type="progress">
				<description>ProgressBar</description>
				<left>220</left>
				<top>170</top>
				<width>250</width>
				<height>14</height>
				<info>Player.Progress</info>
				<visible>true</visible>
			</control>
			<control type="label">
				<description>Cache value</description>
				<left>220</left>
				<top>150</top>
				<width>450</width>
				<height>25</height>
				<label>$INFO[Player.CacheLevel,, %]</label>
				<align>left</align>
				<aligny>center</aligny>
				<font>font12</font>
				<textcolor>white</textcolor>
			</control>
			<control type="label">
				<description>Device</description>
				<left>50</left>
				<top>190</top>
				<width>240</width>
				<height>25</height>
				<label>System:</label>
				<align>left</align>
				<aligny>center</aligny>
				<font>font12</font>
				<textcolor>grey2</textcolor>
			</control>
			<control type="label">
				<description>Device value</description>
				<left>220</left>
				<top>190</top>
				<width>450</width>
				<height>25</height>
				<scroll>true</scroll>
				<label>$INFO[System.OSVersionInfo]</label>
				<align>left</align>
				<aligny>center</aligny>
				<font>font12</font>
				<textcolor>white</textcolor>
			</control>
			<control type="label">
				<description>Device</description>
				<left>50</left>
				<top>215</top>
				<width>240</width>
				<height>25</height>
				<label>Datový tok:</label>
				<align>left</align>
				<aligny>center</aligny>
				<font>font12</font>
				<textcolor>grey2</textcolor>
				<visible>System.AddonIsEnabled(service.netspeed.monitor)</visible>
			</control>
			<control type="label">
				<left>220</left>
				<top>215</top>
				<width>165</width>
				<height>25</height>
				<align>left</align>
				<aligny>center</aligny>
				<font>font12</font>
				<textcolor>white</textcolor>
				<shadowcolor>black</shadowcolor>
				<label>$INFO[Window(Home).Property(RX)] Mbps</label>
				<visible>System.AddonIsEnabled(service.netspeed.monitor)</visible>
			</control>
		</control>
		
		<control type="group">
			<depth>DepthOSD+</depth>
			<visible>VideoPlayer.Content(LiveTV) + system.getbool(pvrplayback.signalquality)</visible>
			<left>0</left>
			<top>380</top>
			<control type="label">
				<description>Header</description>
				<left>50</left>
				<top>10</top>
				<width>565</width>
				<height>25</height>
				<label>$LOCALIZE[19005]</label>
				<align>left</align>
				<aligny>center</aligny>
				<font>font13_title</font>
				<textcolor>blue</textcolor>
			</control>
			<control type="label">
				<description>Backend</description>
				<left>50</left>
				<top>40</top>
				<width>165</width>
				<height>25</height>
				<label>$LOCALIZE[19012]:</label>
				<align>left</align>
				<aligny>center</aligny>
				<font>font12</font>
				<textcolor>grey2</textcolor>
			</control>
			<control type="label">
				<description>Backend value</description>
				<left>220</left>
				<top>40</top>
				<width>450</width>
				<height>25</height>
				<scroll>true</scroll>
				<label>$INFO[PVR.ActStreamClient]</label>
				<align>left</align>
				<aligny>center</aligny>
				<font>font12</font>
				<textcolor>white</textcolor>
			</control>
			<control type="label">
				<description>Device</description>
				<left>50</left>
				<top>65</top>
				<width>165</width>
				<height>25</height>
				<label>$LOCALIZE[19006]:</label>
				<align>left</align>
				<aligny>center</aligny>
				<font>font12</font>
				<textcolor>grey2</textcolor>
			</control>
			<control type="label">
				<description>Device value</description>
				<left>220</left>
				<top>65</top>
				<width>450</width>
				<height>25</height>
				<scroll>true</scroll>
				<label>$INFO[PVR.ActStreamDevice]</label>
				<align>left</align>
				<aligny>center</aligny>
				<font>font12</font>
				<textcolor>white</textcolor>
			</control>
			<control type="label">
				<description>Status</description>
				<left>50</left>
				<top>90</top>
				<width>165</width>
				<height>25</height>
				<label>$LOCALIZE[19007]:</label>
				<align>left</align>
				<aligny>center</aligny>
				<font>font12</font>
				<textcolor>grey2</textcolor>
			</control>
			<control type="label">
				<description>Status value</description>
				<left>220</left>
				<top>90</top>
				<width>450</width>
				<height>25</height>
				<scroll>true</scroll>
				<label>$INFO[PVR.ActStreamStatus]</label>
				<align>left</align>
				<aligny>center</aligny>
				<font>font12</font>
				<textcolor>white</textcolor>
			</control>
			<control type="label">
				<description>Signal</description>
				<left>50</left>
				<top>115</top>
				<width>165</width>
				<height>25</height>
				<label>$LOCALIZE[19008]:</label>
				<align>left</align>
				<aligny>center</aligny>
				<font>font12</font>
				<textcolor>grey2</textcolor>
			</control>
			<control type="progress">
				<description>Progressbar</description>
				<left>220</left>
				<top>122</top>
				<width>275</width>
				<height>14</height>
				<info>PVR.ActStreamProgrSignal</info>
			</control>
			<control type="label">
				<description>Signal value</description>
				<left>545</left>
				<top>115</top>
				<width>180</width>
				<height>25</height>
				<label>$INFO[PVR.ActStreamSignal]</label>
				<align>left</align>
				<aligny>center</aligny>
				<font>font12</font>
				<textcolor>white</textcolor>
			</control>
			<control type="label">
				<description>SNR</description>
				<left>50</left>
				<top>140</top>
				<width>165</width>
				<height>25</height>
				<label>$LOCALIZE[19009]:</label>
				<align>left</align>
				<aligny>center</aligny>
				<font>font12</font>
				<textcolor>grey2</textcolor>
			</control>
			<control type="progress">
				<description>Progressbar</description>
				<left>220</left>
				<top>147</top>
				<width>275</width>
				<height>14</height>
				<overlaytexture/>
				<info>PVR.ActStreamProgrSNR</info>
			</control>
			<control type="label">
				<description>SNR value</description>
				<left>545</left>
				<top>140</top>
				<width>180</width>
				<height>25</height>
				<label>$INFO[PVR.ActStreamSNR]</label>
				<align>left</align>
				<aligny>center</aligny>
				<font>font12</font>
				<textcolor>white</textcolor>
			</control>
			<control type="label">
				<description>BER</description>
				<left>50</left>
				<top>165</top>
				<width>165</width>
				<height>25</height>
				<label>$LOCALIZE[19010]:</label>
				<align>left</align>
				<aligny>center</aligny>
				<font>font12</font>
				<textcolor>grey2</textcolor>
			</control>
			<control type="label">
				<description>BER value</description>
				<left>220</left>
				<top>165</top>
				<width>450</width>
				<height>25</height>
				<scroll>true</scroll>
				<label>$INFO[PVR.ActStreamBER]</label>
				<align>left</align>
				<aligny>center</aligny>
				<font>font12</font>
				<textcolor>white</textcolor>
			</control>
			<control type="label">
				<description>UNC</description>
				<left>50</left>
				<top>190</top>
				<width>165</width>
				<height>25</height>
				<label>$LOCALIZE[19011]:</label>
				<align>left</align>
				<aligny>center</aligny>
				<font>font12</font>
				<textcolor>grey2</textcolor>
			</control>
			<control type="label">
				<description>UNC value</description>
				<left>220</left>
				<top>190</top>
				<width>450</width>
				<height>25</height>
				<scroll>true</scroll>
				<label>$INFO[PVR.ActStreamUNC]</label>
				<align>left</align>
				<aligny>center</aligny>
				<font>font12</font>
				<textcolor>white</textcolor>
			</control>
			<control type="label">
				<description>Service</description>
				<left>50</left>
				<top>215</top>
				<width>165</width>
				<height>25</height>
				<label>$LOCALIZE[19099]:</label>
				<align>left</align>
				<aligny>center</aligny>
				<font>font12</font>
				<textcolor>grey2</textcolor>
			</control>
			<control type="label">
				<description>Service value</description>
				<left>220</left>
				<top>215</top>
				<width>450</width>
				<height>25</height>
				<scroll>true</scroll>
				<label>$INFO[PVR.ActStreamServiceName]</label>
				<align>left</align>
				<aligny>center</aligny>
				<font>font12</font>
				<textcolor>white</textcolor>
			</control>
			<control type="label">
				<description>Encryption</description>
				<left>50</left>
				<top>240</top>
				<width>165</width>
				<height>25</height>
				<label>$LOCALIZE[19015]:</label>
				<align>left</align>
				<aligny>center</aligny>
				<font>font12</font>
				<textcolor>grey2</textcolor>
			</control>
			<control type="label">
				<description>Encryption value</description>
				<left>220</left>
				<top>240</top>
				<width>450</width>
				<height>25</height>
				<scroll>true</scroll>
				<label>$INFO[PVR.ActStreamEncryptionName]</label>
				<align>left</align>
				<aligny>center</aligny>
				<font>font12</font>
				<textcolor>white</textcolor>
			</control>
			<control type="label">
				<description>Provider</description>
				<left>50</left>
				<top>265</top>
				<width>165</width>
				<height>25</height>
				<label>$LOCALIZE[19101]:</label>
				<align>left</align>
				<aligny>center</aligny>
				<font>font12</font>
				<textcolor>grey2</textcolor>
			</control>
			<control type="label">
				<description>Provider value</description>
				<left>220</left>
				<top>265</top>
				<width>450</width>
				<height>25</height>
				<scroll>true</scroll>
				<label>$INFO[PVR.ActStreamProviderName]</label>
				<align>left</align>
				<aligny>center</aligny>
				<font>font12</font>
				<textcolor>white</textcolor>
			</control>
			<control type="label">
				<description>Mux</description>
				<left>50</left>
				<top>290</top>
				<width>165</width>
				<height>25</height>
				<label>$LOCALIZE[19100]:</label>
				<align>left</align>
				<aligny>center</aligny>
				<font>font12</font>
				<textcolor>grey2</textcolor>
			</control>
			<control type="label">
				<description>Mux value</description>
				<left>220</left>
				<top>290</top>
				<width>450</width>
				<height>25</height>
				<scroll>true</scroll>
				<label>$INFO[PVR.ActStreamMux]</label>
				<align>left</align>
				<aligny>center</aligny>
				<font>font12</font>
				<textcolor>white</textcolor>
			</control>
		</control>
		
		<!-- Stream info -->
		<control type="group">
			<depth>DepthOSD+</depth>
			<visible>Player.Playing</visible>
			<left>0</left>
			<top>305</top>
			<control type="label">
				<description>Header</description>
				<left>50</left>
				<top>10</top>
				<width>525</width>
				<height>25</height>
				<label>Stream info</label>
				<align>left</align>
				<aligny>center</aligny>
				<font>font13_title</font>
				<textcolor>blue</textcolor>
			</control>
			
			<control type="label">
				<description>STRM value</description>
				<left>50</left>
				<top>35</top>
				<width>1200</width>
				<height>25</height>
				<scroll>true</scroll>
				<label>$INFO[Player.FilenameAndPath]</label>
				<align>left</align>
				<aligny>center</aligny>
				<font>font12</font>
				<textcolor>white</textcolor>
			</control>
		</control>
	</controls>
</window>