<shortcuts>
	<shortcut>
		<defaultID />
		<label>Historie sledování</label>
		<label2>Video doplněk</label2>
		<icon>DefaultShortcut.png</icon>
		<thumb>special://skin/extras/icons/eye.png</thumb>
		<action>ActivateWindow(Videos,"plugin://plugin.video.stream-cinema-2-release/watched/?",return)</action>
	</shortcut>
	<shortcut>
		<defaultID />
		<label>Historie hledání</label>
		<label2>Video doplněk</label2>
		<icon>DefaultShortcut.png</icon>
		<thumb>special://skin/extras/icons/networkinfo.png</thumb>
		<action>ActivateWindow(Videos,"plugin://plugin.video.stream-cinema-2-release/search_history/?",return)</action>
	</shortcut>
	<shortcut>
		<defaultID />
		<label>Filmy</label>
		<label2>Video doplněk</label2>
		<icon>DefaultShortcut.png</icon>
		<thumb>special://skin/extras/icons/scc.png</thumb>
		<action>ActivateWindow(Videos,"plugin://plugin.video.stream-cinema-2-release/movies/?",return)</action>
	</shortcut>
	<shortcut>
		<defaultID />
		<label>Seriály</label>
		<label2>Video doplněk</label2>
		<icon>DefaultShortcut.png</icon>
		<thumb>special://skin/extras/icons/scc.png</thumb>
		<action>ActivateWindow(Videos,"plugin://plugin.video.stream-cinema-2-release/tv_shows/?",return)</action>
	</shortcut>
</shortcuts>
