<?xml version="1.0" encoding="UTF-8" standalone="yes"?>
<addon id="service.autoexec.journalctl" name="Autoexec Journalctl" version="1.0.0" provider-name="jkmh">
	<requires>
		<import addon="xbmc.python" version="3.0.0"/>
	</requires>
	<extension point="xbmc.service" library="default.py">
	</extension>
	<extension point="xbmc.addon.metadata">
		<summary lang="en_GB">Automatically saves system logs (journalctl) to a file when Kodi starts.</summary>
		<description lang="en_GB">Automatically saves system logs (journalctl) to a file when Kodi starts.</description>
		<platform>all</platform>
		<license>GNU GENERAL PUBLIC LICENSE Version 2</license>
	</extension>
</addon>
