<?xml version="1.0" encoding="UTF-8" standalone="yes"?>
<addon id="service.birthdays.reminder" name="Narozeniny" version="1.1.1" provider-name="jkmh">
  <requires>
    <import addon="xbmc.python" version="3.0.0"/>
  </requires>
  <extension point="xbmc.service" library="reminder.py"/>
  <extension point="xbmc.addon.metadata">
    <summary lang="en_GB"></summary>
    <description lang="en_GB">Kodi Birthday Reminder</description>
    <description lang="cs_CZ">Připomenutí narozenin vašich blízkých na domácí obrazovce.[CR][CR]Doplněk pro skin Confluence SCC. Po instalaci se rozšíří možnosti v nastavení skinu. U ostatních skinů je nutná jejich dodatečná editace.</description>
    <license>GPL 2.0</license>
    <platform>all</platform>
    <assets>
      <icon>icon.png</icon>
    </assets>
  </extension>
</addon>
