<?xml version="1.0" encoding="UTF-8"?>
<includes>
	<include name="DialogVideoVersionLayout">
		<control type="group">
			<centertop>50%</centertop>
			<centerleft>50%</centerleft>
			<width>1320</width>
			<height>710</height>
			<include>Animation_DialogPopupVisible</include>
			<include content="DialogBackgroundCommons">
				<param name="width" value="1320" />
				<param name="height" value="710" />
				<param name="header_id" value="2" />
			</include>
			<include>DialogVideoVersionCommonLayout</include>
			<control type="grouplist" id="101">
				<left>1000</left>
				<top>90</top>
				<width>300</width>
				<height>565</height>
				<onleft condition="ControlGroup(200).HasFocus(201) | Integer.IsGreater(Container(51).NumItems,0)">100</onleft>
				<onleft condition="ControlGroup(200).HasFocus(202) + Integer.IsEqual(Container(51).NumItems,0)">200</onleft>
				<itemgap>dialogbuttons_itemgap</itemgap>
				<align>top</align>
				<scrolltime tween="quadratic">200</scrolltime>
				<include content="DefaultDialogButton">
					<param name="id" value="21" />
					<param name="label" value="$LOCALIZE[208]" />
				</include>
				<include content="DefaultDialogButton">
					<param name="id" value="22" />
					<param name="label" value="$LOCALIZE[31612]" />
					<param name="visible">ControlGroup(200).HasFocus(201)</param>
				</include>
				<include content="DefaultDialogButton">
					<param name="id" value="23" />
					<param name="label" value="$LOCALIZE[31613]" />
					<param name="visible">ControlGroup(200).HasFocus(202)</param>
				</include>
				<include content="DefaultDialogButton">
					<param name="id" value="27" />
					<param name="label" value="$LOCALIZE[13511]" />
				</include>
				<include content="DefaultDialogButton">
					<param name="id" value="24" />
					<param name="label" value="$LOCALIZE[118]" />
				</include>
				<include content="DefaultDialogButton">
					<param name="id" value="26" />
					<param name="label" value="$LOCALIZE[15015]" />
				</include>
				<include content="DefaultDialogButton">
					<param name="id" value="25" />
					<param name="label" value="$LOCALIZE[31614]" />
					<param name="visible">ControlGroup(200).HasFocus(201)</param>
				</include>
			</control>
		</control>
	</include>
	<include name="DialogVideoVersionSelectLayout">
		<control type="group">
			<centertop>50%</centertop>
			<centerleft>50%</centerleft>
			<width>1020</width>
			<height>710</height>
			<include>Animation_DialogPopupVisible</include>
			<include content="DialogBackgroundCommons">
				<param name="width" value="1020" />
				<param name="height" value="710" />
				<param name="header_id" value="2" />
			</include>
			<include>DialogVideoVersionCommonLayout</include>
		</control>
	</include>
	<include name="DialogVideoVersionCommonLayout">
		<control type="grouplist" id="200">
			<left>20</left>
			<top>90</top>
			<height>180</height>
			<orientation>vertical</orientation>
			<itemgap>dialogbuttons_itemgap</itemgap>
			<onright condition="ControlGroup(200).HasFocus(201)">50</onright>
			<onright condition="ControlGroup(200).HasFocus(202)">51</onright>
			<include content="DialogToggleButton">
				<param name="id" value="201" />
				<param name="label" value="$LOCALIZE[40000]" />
				<param name="usealttexture" value="Control.IsVisible(50)" />
				<param name="visible">Window.IsActive(videoversion)| Window.IsActive(videoversionselect) + Integer.IsGreater(Container(50).NumItems,0)</param>
			</include>
			<include content="DialogToggleButton">
				<param name="id" value="202" />
				<param name="label" value="$LOCALIZE[31615]" />
				<param name="usealttexture" value="Control.IsVisible(51)" />
				<param name="visible">Window.IsActive(videoversion) | Window.IsActive(videoversionselect) + Integer.IsGreater(Container(51).NumItems,0)</param>
			</include>
		</control>
		<control type="image">
			<top>270</top>
			<left>40</left>
			<width>260</width>
			<height>390</height>
			<align>center</align>
			<aligny>center</aligny>
			<aspectratio>keep</aspectratio>
			<texture fallback="DefaultVideo.png" background="true">$VAR[VideoVersionPosterVar]</texture>
		</control>
		<control type="group" id="100">
			<top>90</top>
			<left>320</left>
			<control type="image">
				<top>0</top>
				<left>0</left>
				<width>680</width>
				<height>600</height>
				<texture border="21">dialogs/dialog-bg.png</texture>
			</control>
			<control type="list" id="50">
				<description>version list</description>
				<visible>ControlGroup(200).HasFocus(201)</visible>
				<top>20</top>
				<left>20</left>
				<height>580</height>
				<onup>50</onup>
				<ondown>50</ondown>
				<onleft>200</onleft>
				<onright>60</onright>
				<pagecontrol>60</pagecontrol>
				<scrolltime>200</scrolltime>
				<include content="DefaultSimpleListLayout">
					<param name="width" value="640" />
					<param name="height" value="80" />
					<param name="list_id" value="50" />
					<param name="align" value="left" />
				</include>
			</control>
			<control type="list" id="51">
				<description>extras list</description>
				<visible>ControlGroup(200).HasFocus(202)</visible>
				<top>20</top>
				<left>20</left>
				<onup>51</onup>
				<ondown>51</ondown>
				<height>580</height>
				<onleft>200</onleft>
				<onright>60</onright>
				<pagecontrol>60</pagecontrol>
				<scrolltime>200</scrolltime>
				<include content="DefaultSimpleListLayout">
					<param name="width" value="640" />
					<param name="height" value="80" />
					<param name="list_id" value="51" />
					<param name="align" value="left" />
				</include>
			</control>
			<control type="scrollbar" id="60">
				<left>660</left>
				<top>20</top>
				<width>12</width>
				<height>560</height>
				<onleft condition="Control.IsVisible(50)">50</onleft>
				<onleft condition="Control.IsVisible(51)">51</onleft>
				<onright condition="Window.IsActive(videoversion)">101</onright>
				<orientation>vertical</orientation>
			</control>
		</control>
		<control type="label">
			<visible>Control.HasFocus(50) | Control.HasFocus(51)</visible>
			<align>left</align>
			<top>675</top>
			<left>40</left>
			<right>40</right>
			<height>44</height>
			<scroll>true</scroll>
			<font>font20_title</font>
			<textcolor>99FFFFFF</textcolor>
			<shadowcolor>text_shadow</shadowcolor>
			<haspath>false</haspath>
			<label>$VAR[VideoVersionFileVar]</label>
			<animation effect="fade" start="0" end="100" time="300" delay="300">WindowOpen</animation>
			<animation effect="fade" start="100" end="0" time="200">WindowClose</animation>
			<animation effect="fade" start="0" end="100" time="300">Visible</animation>
			<animation effect="fade" start="100" end="0" time="200">Hidden</animation>
		</control>
	</include>
</includes>
