<?xml version="1.0" encoding="UTF-8" standalone="yes"?>
<addon id="script.weather.map" name="Mapa počasí" version="1.1.0" provider-name="jkmh">
  <requires>
    <import addon="xbmc.python" version="3.0.0"/>
	<import addon="script.module.pil" version="1.1.7"/>
	<import addon="script.module.pytz" version="1.0.0"/>
	<import addon="script.module.requests" version="2.21.0" />
  </requires>
  <extension point="xbmc.python.script" library="weather.py">
    <provides>executable</provides>
  </extension>
  <extension point="xbmc.addon.metadata">
    <summary lang="cs_CZ">Mapa počasí</summary>
    <description lang="en_GB"></description>
    <description lang="cs_CZ">Sestavte si aktuální mapu</description>
    <license>GPL-3.0-only</license>
    <platform>all</platform>
    <assets>
      <icon>icon.png</icon>
    </assets>
  </extension>
</addon>
