<?xml version="1.0" encoding="UTF-8" standalone="yes"?>
<addon id="service.holidays" name="Holidays" version="1.0.3" provider-name="jkmh">
  <requires>
    <import addon="xbmc.python" version="3.0.0"/>
	<!-- <import addon="xbmc.addon" version="14.0.0"/> -->
	<import addon="script.module.requests" version="2.22.0+matrix.1"/>
  </requires>
  <extension point="xbmc.service" library="holidays.py"/>
  <extension point="xbmc.addon.metadata">
    <summary lang="cs_CZ"></summary>
    <description lang="cs_CZ">Informace o jmeninách, státních svátcích a otevírací době obchodů o státních svátcích v ČR. K zobrazení je nutná editace skinu. Díky @JiRo za námět</description>
    <license>GPL-3.0-only</license>
    <platform>all</platform>
    <assets>
      <icon>icon.png</icon>
    </assets>
  </extension>
</addon>
