<?xml version="1.0" encoding="UTF-8" standalone="yes"?>
<addon id="service.ping.monitor" name="Ping Monitor" version="1.1.8" provider-name="jkmh">
  <requires>
    <import addon="xbmc.python" version="3.0.0"/>
  </requires>
  <extension point="xbmc.service" library="ping.py"/>
  <extension point="xbmc.addon.metadata">
    <summary lang="cs_CZ">Monitoring dostupnosti sítě a internetu</summary>
    <description lang="cs_CZ">Kontinuální zjišťování dostupnosti internetu ikonami na hlavní obrazovce.[CR][CR]Doplněk pro skin Confluence SCC. Po instalaci se rozšíří možnosti v nastavení skinu. U ostatních skinů je nutná jejich dodatečná editace.</description>
    <license>GPL 2.0</license>
    <platform>all</platform>
    <assets>
      <icon>icon.png</icon>
    </assets>
  </extension>
</addon>
