<?xml version="1.0" encoding="UTF-8" standalone="yes"?>
<addon id="script.tools.box" name="Kodi Tools Box" version="1.1.6" provider-name="jkmh">
	<requires>
		<import addon="xbmc.python" version="3.0.0"/>
	</requires>
	<extension point="xbmc.python.script" library="default.py">
		<provides>executable</provides>
	</extension>
	<extension point="xbmc.addon.metadata">
		<summary lang="cs_CZ">Zjednodušení práce v Kodi</summary>
		<description lang="cs_CZ">Sbírka různých nástrojů , které se mohou hodit.[CR][CR] - Advanced settings - nastavení videocache jedním kliknutím[CR] - Záloha/Obnovení nastavení SCC (settings.xml) jedním kliknutím[CR] - Čistící nástroje</description>
		<platform>android linux windows</platform>
        <license>GPL-2.0-or-later</license>
		<assets>
			<icon>icon.png</icon>
		</assets>
	</extension>
</addon>
