<?xml version="1.0" encoding="UTF-8" standalone="yes"?>
<addon id="service.scc.availability" name="SCC Status Availability" version="1.0.0" provider-name="jkmh">
  <requires>
    <import addon="xbmc.python" version="3.0.0"/>
	<import addon="script.module.requests" version="2.27.1+matrix.1"/>
	<import addon="xbmc.addon" version="14.0.0"/>
  </requires>
  <extension point="xbmc.service" library="status.py"/>
  <extension point="xbmc.python.module" library="resources/libs/"/>
  <extension point="xbmc.addon.metadata">
    <summary lang="en_GB">SCC Status Availability</summary>
    <description lang="cs_CZ">Služba pro nepřetržitou kontrolu dostupnosti SCC pro skin Confluence SCC. Po nainstalování se automaticky rozšíří možnosti nastavení. K zobrazení informací v jiných skinech je nutná jejich dodatečná editace. </description>
    <license>GPL 2.0</license>
    <platform>all</platform>
    <assets>
      <icon>icon.png</icon>
    </assets>
  </extension>
</addon>
