<?xml version="1.0" encoding="UTF-8" standalone="yes"?>
<addon id="service.holidays" name="Holidays" version="1.0.6" provider-name="jkmh">
  <requires>
    <import addon="xbmc.python" version="3.0.0"/>
	<import addon="script.module.requests" version="2.22.0+matrix.1"/>
  </requires>
  <extension point="xbmc.service" library="holidays.py"/>
  <extension point="xbmc.addon.metadata">
    <summary lang="cs_CZ"></summary>
    <description lang="cs_CZ">Informace o jmeninách, státních svátcích na domácí obrazovce.[CR][CR]Doplněk pro skin Confluence SCC. Po instalaci se rozšíří možnosti v nastavení skinu. U ostatních skinů je nutná jejich dodatečná editace.[CR][CR]Díky @JiRo za námět</description>
    <license>GPL 2.0</license>
    <platform>all</platform>
    <assets>
      <icon>icon.png</icon>
    </assets>
  </extension>
</addon>
