<?xml version="1.0" encoding="UTF-8" standalone="yes"?>
<addon id="playlist.epg.generator.v2" name="Playlist EPG Generator" version="1.0.0" provider-name="jkmh">
	<requires>
        <import addon="xbmc.python" version="3.0.0" />
        <import addon="script.module.requests" />
    </requires>
	<extension point="xbmc.python.script" library="script.py">
		<provides>executable</provides>
	</extension>
	<extension point="xbmc.addon.metadata">
		<summary lang="en_GB"></summary>
		<description lang="en_GB"></description>
		<description lang="cs_CZ">Generuje playlist a EPG pro IPTV Simple Client z SledovaniTV</description>
		<license>GPL-3.0-only</license>
		<platform>all</platform>
		<assets>
		  <icon>icon.png</icon>
		</assets>
	</extension>
</addon>
