<?xml version="1.0" encoding="UTF-8" standalone="yes"?>
<addon id="script.sms.epg.generator" name="SMS EPG Generator" version="1.1.1" provider-name="jkmh">
	<requires>
        <import addon="xbmc.python" version="3.0.0" />
        <import addon="script.module.requests" />
    </requires>
	<extension point="xbmc.python.script" library="main.py"/>
    <extension point="xbmc.service" library="service.py"/>
	<extension point="xbmc.addon.metadata">
		<summary lang="en_GB"></summary>
		<description lang="en_GB"></description>
		<description lang="cs_CZ">Generuje EPG ze serveru SMS.CZ</description>
		<license>GPL-3.0-only</license>
		<platform>all</platform>
		<assets>
		  <icon>icon.png</icon>
		</assets>
	</extension>
</addon>
