<?xml version="1.0" encoding="UTF-8"?>
<addon id="plugin.video.nahnoji.cz"
version="1.0.1"
name="Nahnoji.cz"
provider-name="VincoNafta">
<requires>
  <import addon="xbmc.python" version="3.0.1"/>
  <import addon="script.module.beautifulsoup4" version="4.6.2"/>
  <import addon="script.module.requests"/>
</requires>
<extension point="xbmc.python.pluginsource" library="main.py">
  <provides>video</provides>
</extension>
<extension point="xbmc.addon.metadata">
  <summary>Nahnoji Vyhladavač</summary>
  <description>Vyladavač videii zo servera nahnoji.cz.</description>
  <disclaimer>Nie som zodpovedný za obsah doplnku</disclaimer>
  <license>GPL-3.0-only	</license>
  <assets>
    <icon>resources/images/icon.png</icon>
    <fanart>resources/images/fanart.jpg</fanart>
    <screenshot>resources/images/screenshot-1.jpg</screenshot>
    <screenshot>resources/images/screenshot-2.jpg</screenshot>
  </assets>
</extension>
</addon>
