<?xml version="1.0" encoding="UTF-8"?>
<includes>
	<include name="PVRInfoPanel">
		<control type="group">
			<visible>Skin.HasSetting(estuary_look)</visible>
			<left>805</left> <!-- 795 -->
			<top>0</top> <!-- 735 -->
			<visible>!ListItem.IsFolder</visible>
			<control type="image"> <!-- obrázek -->
				<top>135</top>
				<left>680</left>
				<width>350</width>
				<height>350</height>
				<aspectratio align="center" aligny="center">keep</aspectratio>
				<texture fallback="special://skin/backgrounds/tv.jpg">$VAR[ChannelListEPGIconVar]</texture>
				<visible>!String.IsEmpty(ListItem.ChannelName)</visible>
				<fadetime>200</fadetime>
			</control>
			<control type="group">
				<top>120</top>
				<left>0</left>
				<width>600</width>
				<control type="label">
					<height>262</height>
					<font>font30</font>
					<label>$INFO[ListItem.ChannelName]</label>
				</control>
				<control type="label"> <!-- Datum, čas, doba trvání -->
					<top>60</top>
					<height>200</height>
					<label>$VAR[PVRInfoPanelDateDurationLabel]</label>
				</control>
				<control type="progress">
					<top>200</top>
					<left>0</left>
					<height>12</height>
					<colordiffuse>88FFFFFF</colordiffuse>
					<info>ListItem.Progress</info>
					<visible>Integer.IsGreater(ListItem.Progress,0)</visible>
				</control>
				<control type="progress">
					<top>200</top>
					<left>0</left>
					<height>12</height>
					<colordiffuse>88FFFFFF</colordiffuse>
					<info>ListItem.PercentPlayed</info>
					<visible>Integer.IsGreater(ListItem.PercentPlayed,0)</visible>
				</control>
			</control>
			<control type="label">
				<top>500</top>
				<width>830</width>
				<height>262</height>
				<font>font30_title</font>
				<label>$INFO[ListItem.Title] $INFO[ListItem.Year,([COLOR grey],[/COLOR])]</label>
				<scroll>true</scroll>
				<visible>!ListItem.HasEpg</visible>
			</control>
			<control type="label"> <!-- název -->
				<top>500</top>
				<width>930</width>
				<height>262</height>
				<font>font30_title</font>
				<label>$INFO[ListItem.EpgEventTitle] $INFO[ListItem.Year,([COLOR grey],[/COLOR])]</label>
				<scroll>true</scroll>
				<visible>ListItem.HasEpg</visible>
			</control>
			<control type="label">
				<top>410</top>
				<width>930</width>
				<height>70</height>
				<scroll>true</scroll>
				<font>font14</font>
				<label>[I]$VAR[SeasonEpisodeLabel]$INFO[ListItem.EpisodeName][/I]</label>
			</control>
			<control type="textbox"> <!-- žánr, popis díla -->
				<top>565</top>
				<left>0</left>
				<width>930</width>
				<font>font14</font>
				<bottom>list_bottom_offset</bottom>
				<label>$VAR[FlagLabel,,[CR]]$INFO[ListItem.Genre,[COLOR grey]$LOCALIZE[515]:[/COLOR] ,[CR]]$INFO[ListItem.ParentalRatingCode,[COLOR grey]$LOCALIZE[31017]: [/COLOR],[CR]]$INFO[ListItem.TimerType,[COLOR grey]$LOCALIZE[803]:[/COLOR] ,[CR]]$VAR[RecordingSizeLabel]$VAR[ExpirationDateTimeLabel]$INFO[ListItem.Plot,[CR]]</label>
				<autoscroll delay="10000" time="3000" repeat="10000">Skin.HasSetting(AutoScroll)</autoscroll>
			</control>
			<control type="label"> <!-- následující -->
				<right>100</right>
				<bottom>130</bottom>
				<width>850</width>
				<height>30</height>
				<label>$VAR[PVRNextProgrammeLabel]</label>
				<align>right</align>
				<aligny>center</aligny>
				<font>font13</font>
				<visible>!String.IsEmpty(Container(50).ListItem.NextTitle)</visible>
			</control>
		</control>
		<control type="group">
			<visible>ListItem.IsFolder</visible>
			<top>list_top_offset</top>
			<control type="label">
				<top>10</top>
				<width>830</width>
				<height>262</height>
				<label>$LOCALIZE[19076] ($INFO[Container(5000).NumItems,[B],[/B] $LOCALIZE[31036]]) $INFO[ListItem.Property(recordingsize),- $LOCALIZE[20161]: [B],[/B]]</label>
				<font>font30</font>
				<visible>!ListItem.IsParentFolder</visible>
			</control>
			<control type="group">
				<left>-10</left>
				<top>60</top>
				<visible>!ListItem.IsParentFolder</visible>
				<control type="panel" id="5000">
					<top>20</top>
					<width>830</width>
					<bottom>100</bottom>
					<orientation>vertical</orientation>
					<focusedlayout height="100" width="780">
						<control type="label">
							<left>10</left>
							<height>90</height>
							<width>830</width>
							<aligny>center</aligny>
							<label>$VAR[RecordingDateSizeLabel]$INFO[ListItem.Label]$INFO[ListItem.EpisodeName, (,)]</label>
							<shadowcolor>text_shadow</shadowcolor>
						</control>
					</focusedlayout>
					<itemlayout height="100" width="780">
						<control type="label">
							<left>10</left>
							<height>90</height>
							<width>830</width>
							<aligny>center</aligny>
							<label>$VAR[RecordingDateSizeLabel]$INFO[ListItem.Label]$INFO[ListItem.EpisodeName, (,)]</label>
							<shadowcolor>text_shadow</shadowcolor>
						</control>
					</itemlayout>
					<content sortby="date" sortorder="$PARAM[folder_sortorder]">$INFO[ListItem.FilenameAndPath]</content>
				</control>
			</control>
		</control>
	</include>
</includes>