<?xml version="1.0" encoding="UTF-8" standalone="yes"?>
<addon id="service.autoexec.video" name="Autoexec Video" version="1.0.1" provider-name="leo-c, jkmh">
	<requires>
		<import addon="xbmc.python" version="3.0.0"/>
	</requires>
	<extension point="xbmc.service" language="en" library="addon.py"/>
	<extension point="xbmc.addon.metadata">
		<summary lang="en_GB">Automatically run a specified Plugin when Kodi starts.</summary>
		<summary lang="cs_CZ">Automatické spuštění zadaného doplňku po spuštění Kodi.</summary>
		<description lang="en_GB">The Autoexec Service will automatically be run on Kodi startup. It can start only Plugin</description>
		<description lang="cs_CZ">Služba Autoexec se automaticky spustí video doplněk po spuštění Kodi.</description>
		<platform>all</platform>
		<license>GPL v3</license>
		<source>http://github.com/leo-c/script.video.autoplay/tree/py3</source>
		<assets>
		  <icon>resources/icon.png</icon>
		</assets>
	</extension>
</addon>
