<?xml version="1.0" encoding="UTF-8" standalone="yes"?>
<addon id="service.stv.web.server" name="IPTV STV Server" version="1.0.0" provider-name="Sároš">
    <requires>
        <import addon="xbmc.python" version="3.0.0"/>
        <import addon="script.module.requests" />
        <import addon="script.module.pycryptodome" />
        <import addon="script.module.bottle" />
        <import addon="script.module.routing" />
    </requires>
    <extension point="xbmc.service" library="service.py">
    </extension>
    <extension point="xbmc.python.pluginsource" library="main.py">
    </extension>
    <extension point="xbmc.addon.metadata">
        <platform>all</platform>
        <summary lang="cs_CS">IPTV Web Server</summary>
        <description lang="cs_CS">Tento doplněk vám pomocí webového serveru zpřístupní cestu k vaším streamům v rámci lokální sítě.</description>
        <news>v1.0.0 (24.3.2023)
        </news>
        <assets>
			<icon>icon.png</icon>
        </assets>
    </extension>
</addon>