<?xml version="1.0" encoding="UTF-8"?>
<window id="1150" type="dialog">
	<defaultcontrol always="true">9000</defaultcontrol>
	<controls>
		<control type="group">
            <left>20</left>
            <top>10</top>
            <width>1850</width> <!-- posun okna vodorovně -->
            <height>980</height> <!-- posun okna svisle -->
			<include content="DialogBackgroundCommons">
				<param name="DialogBackgroundWidth" value="1900" />
				<param name="DialogBackgroundHeight" value="1000" />
				<param name="DialogHeaderWidth" value="1900" />
				<param name="DialogHeaderLabel" value="ItemInfo" />
				<param name="DialogHeaderId" value="2" />
				<param name="CloseButtonLeft" value="1800" />
			</include>
			<include>ItemInfoGeneral</include>
		</control>

	</controls>
</window>