<?xml version="1.0" encoding="UTF-8"?>
<window type="buttonMenu" id="1198">
	<defaultcontrol>9001</defaultcontrol>
	<include>dialogeffect</include>
	<coordinates>
		<left>0</left>
		<top>0</top>
	</coordinates>
	<controls>
		<control type="button" id="9001">
			<description>Make sure we hit the first button in the group list and not the close window button</description>
			<left>-16</left>
			<top>-16</top>
			<width>4</width>
			<height>4</height>
			<label/>
			<font/>
			<onfocus>down</onfocus>
			<texturefocus/>
			<texturenofocus/>
			<onleft>9000</onleft>
			<onright>9000</onright>
			<onup>7</onup>
			<ondown>2</ondown>
		</control>
		<control type="image">
			<left>0</left>
			<top>0</top>
			<width>1920</width>
			<height>1080</height>
			<texture>black-back.png</texture>
		</control>
		<control type="grouplist" id="9000">
			<left>790</left>
			<top>0</top>
			<width>340</width>
			<height>720</height>
			<onleft>9000</onleft>
			<onright>9000</onright>
			<onup>9000</onup>
			<ondown>9000</ondown>
			<itemgap>0</itemgap>
			<align>center</align>
			<control type="group" id="1">
				<width>340</width>
				<height>70</height>
				<include content="DialogBackgroundCommons">
					<param name="DialogBackgroundWidth" value="340" />
					<param name="DialogBackgroundHeight" value="80" />
					<param name="DialogHeaderWidth" value="250" />
					<param name="DialogHeaderLabel" value="Skip Ads" />
					<param name="DialogHeaderId" value="11" />
					<param name="CloseButtonLeft" value="265"/>
					<param name="DialogHeaderLogoWidth" value="25"/>
				</include>
			</control>
			<control type="button" id="2">
				<description>skip</description>
				<include>CommonMyWindows</include>
				<onclick>Seek(60)</onclick>
				<label>1 minuta</label>
				<visible>VideoPlayer.IsFullscreen</visible>
			</control>
			<control type="button" id="3">
				<description>skip</description>
				<include>CommonMyWindows</include>
				<onclick>Seek(360)</onclick>
				<label>Nova</label>
				<visible>VideoPlayer.IsFullscreen</visible>
			</control>
			<control type="button" id="4">
				<description>skip</description>
				<include>CommonMyWindows</include>
				<onclick>Seek(390)</onclick>
				<label>Prima</label>
				<visible>VideoPlayer.IsFullscreen</visible>
			</control>
			<control type="button" id="5">
				<description>skip</description>
				<include>CommonMyWindows</include>
				<onclick>Seek(390)</onclick>
				<label>Paramount Network</label>
				<visible>VideoPlayer.IsFullscreen</visible>
			</control>
			<control type="button" id="6">
				<description>skip</description>
				<include>CommonMyWindows</include>
				<onclick>Seek(300)</onclick>
				<label>National Geographic</label>
				<visible>VideoPlayer.IsFullscreen</visible>
			</control>
			<control type="button" id="7">
				<description>skip</description>
				<include>CommonMyWindows</include>
				<onclick>Seek(360)</onclick>
				<label>CS Film</label>
				<visible>VideoPlayer.IsFullscreen</visible>
			</control>
			<control type="image" id="14">
				<description>background bottom image</description>
				<left>0</left>
				<width>340</width>
				<height>25</height>
				<texture border="20,0,19,20">DialogContextBottom.png</texture>
			</control>
		</control>
	</controls>
</window>
