<?xml version="1.0" encoding="UTF-8"?>
<window type="buttonMenu" id="1107">
	<defaultcontrol>9001</defaultcontrol>
	<include>dialogeffect</include>
	<coordinates>
		<left>0</left>
		<top>0</top>
	</coordinates>
	<controls>
		<control type="button" id="9001">
			<description>Make sure we hit the first button in the group list and not the close window button</description>
			<left>-16</left>
			<top>-16</top>
			<width>4</width>
			<height>4</height>
			<label/>
			<font/>
			<onfocus>down</onfocus>
			<texturefocus/>
			<texturenofocus/>
			<onleft>9000</onleft>
			<onright>9000</onright>
			<onup>6</onup>
			<ondown>2</ondown>
		</control>
		<control type="image">
			<left>0</left>
			<top>0</top>
			<width>1920</width>
			<height>1080</height>
			<texture>black-back.png</texture>
		</control>
		<control type="grouplist" id="9000">
			<left>790</left>
			<top>0</top>
			<width>340</width>
			<height>720</height>
			<onleft>9000</onleft>
			<onright>9000</onright>
			<onup>9000</onup>
			<ondown>9000</ondown>
			<itemgap>0</itemgap>
			<align>center</align>
			<control type="group" id="1">
				<width>340</width>
				<height>70</height>
				<include content="DialogBackgroundCommons">
					<param name="DialogBackgroundWidth" value="340" />
					<param name="DialogBackgroundHeight" value="80" />
					<param name="DialogHeaderWidth" value="250" />
					<param name="DialogHeaderLabel" value="Hledání" />
					<param name="DialogHeaderId" value="10" />
					<param name="CloseButtonLeft" value="265"/>
					<param name="DialogHeaderLogoWidth" value="25"/>
				</include>
			</control>
			<control type="button" id="2">
				<description>search ws</description>
				<width>340</width>
				<height>40</height>
				<textcolor>grey2</textcolor>
				<focusedcolor>white</focusedcolor>
				<align>center</align>
				<textwidth>290</textwidth>
				<texturefocus border="25,5,25,5">ShutdownButtonFocus.png</texturefocus>
				<texturenofocus border="25,5,25,5">ShutdownButtonNoFocus.png</texturenofocus>
				<pulseonselect>no</pulseonselect>
				<font>font13</font>
				<label>Webshare</label>
				<onclick>PlayMedia("plugin://plugin.video.stream-cinema-2-release/command/?command=search-webshare",return)</onclick>
				<onclick>ActivateWindow(10025,plugin://plugin.video.stream-cinema-2-release/,return)</onclick>
			</control>
			<control type="button" id="3">
				<description>search scc</description>
				<width>340</width>
				<height>40</height>
				<textcolor>grey2</textcolor>
				<focusedcolor>white</focusedcolor>
				<align>center</align>
				<textwidth>290</textwidth>
				<texturefocus border="25,5,25,5">ShutdownButtonFocus.png</texturefocus>
				<texturenofocus border="25,5,25,5">ShutdownButtonNoFocus.png</texturenofocus>
				<pulseonselect>no</pulseonselect>
				<font>font13</font>
				<label>Stream Cinema Community</label>
				<onclick>PlayMedia("plugin://plugin.video.stream-cinema-2-release/command/?command=search",return)</onclick>
				<onclick>ActivateWindow(10025,plugin://plugin.video.stream-cinema-2-release/,return)</onclick>
			</control>
			<control type="button" id="4">
				<description>search YT</description>
				<width>340</width>
				<height>40</height>
				<textcolor>grey2</textcolor>
				<focusedcolor>white</focusedcolor>
				<align>center</align>
				<textwidth>290</textwidth>
				<texturefocus border="25,5,25,5">ShutdownButtonFocus.png</texturefocus>
				<texturenofocus border="25,5,25,5">ShutdownButtonNoFocus.png</texturenofocus>
				<pulseonselect>no</pulseonselect>
				<font>font13</font>
				<label>YouTube</label>
				<onclick condition="System.AddonIsEnabled(plugin.video.youtube)">ActivateWindow(10025,"plugin://plugin.video.youtube/kodion/search/list/",return)</onclick>
				<onclick condition="System.HasAddon(plugin.video.youtube) + !System.AddonIsEnabled(plugin.video.youtube)">EnableAddon(plugin.video.youtube)</onclick>
				<onclick condition="!System.HasAddon(plugin.video.youtube)">InstallAddon(plugin.video.youtube)</onclick>
			</control>
			<control type="button" id="5">
				<description>global search</description>
				<width>340</width>
				<height>40</height>
				<textcolor>grey2</textcolor>
				<focusedcolor>white</focusedcolor>
				<align>center</align>
				<textwidth>290</textwidth>
				<texturefocus border="25,5,25,5">ShutdownButtonFocus.png</texturefocus>
				<texturenofocus border="25,5,25,5">ShutdownButtonNoFocus.png</texturenofocus>
				<pulseonselect>no</pulseonselect>
				<font>font13</font>
				<label>Knihovna</label>
				<onclick condition="System.AddonIsEnabled(script.globalsearch)">RunScript(script.globalsearch)</onclick>
				<onclick condition="System.HasAddon(script.globalsearch) + !System.AddonIsEnabled(script.globalsearch)">EnableAddon(script.globalsearch)</onclick>
				<onclick condition="!System.HasAddon(script.globalsearch)">InstallAddon(script.globalsearch)</onclick>
			</control>
			<control type="button" id="6">
				<description>addon search</description>
				<width>340</width>
				<height>40</height>
				<textcolor>grey2</textcolor>
				<focusedcolor>white</focusedcolor>
				<align>center</align>
				<textwidth>290</textwidth>
				<texturefocus border="25,5,25,5">ShutdownButtonFocus.png</texturefocus>
				<texturenofocus border="25,5,25,5">ShutdownButtonNoFocus.png</texturenofocus>
				<pulseonselect>no</pulseonselect>
				<font>font13</font>
				<label>Doplňky</label>
				<onclick>ActivateWindow(addonbrowser,addons://search/,return)</onclick>
			</control>
			<control type="image" id="14">
				<description>background bottom image</description>
				<left>0</left>
				<width>340</width>
				<height>25</height>
				<texture border="20,0,19,20">DialogContextBottom.png</texture>
			</control>
		</control>
	</controls>
</window>
