<?xml version="1.0" encoding="UTF-8" standalone="yes"?>
<addon id="repository.h4nzi" name="JKMH Repository" version="1.0.7" provider-name="jkmh">
	<extension point="xbmc.addon.repository" name="h4nzi">
		<dir minversion="17.9.0">
			<info compressed="false">https://raw.githubusercontent.com/h4nzi/repo/master/addons.xml</info>
			<checksum>https://raw.githubusercontent.com/h4nzi/repo/master/addons.xml.md5</checksum>
			<datadir zip="true">https://raw.githubusercontent.com/h4nzi/repo/master/</datadir>
		</dir>
		<dir minversion="18.9.0">
			<info compressed="false">https://raw.githubusercontent.com/h4nzi/repo/addons/addons.xml</info>
			<checksum>https://raw.githubusercontent.com/h4nzi/repo/addons/addons.xml.md5</checksum>
			<datadir zip="true">https://raw.githubusercontent.com/h4nzi/repo/addons/</datadir>
		</dir>
		<dir minversion="20.9.0">
			<info compressed="false">https://raw.githubusercontent.com/h4nzi/repo/omega/addons.xml</info>
			<checksum>https://raw.githubusercontent.com/h4nzi/repo/omega/addons.xml.md5</checksum>
			<datadir zip="true">https://raw.githubusercontent.com/h4nzi/repo/omega/</datadir>
		</dir>
		<dir minversion="19.9.0">
			<info compressed="false">https://raw.githubusercontent.com/h4nzi/repo/nexus/addons.xml</info>
			<checksum>https://raw.githubusercontent.com/h4nzi/repo/nexus/addons.xml.md5</checksum>
			<datadir zip="true">https://raw.githubusercontent.com/h4nzi/repo/nexus/</datadir>
		</dir>
		<dir minversion="18.9.0">
			<info compressed="false">https://raw.githubusercontent.com/h4nzi/repo/matrix/addons.xml</info>
			<checksum>https://raw.githubusercontent.com/h4nzi/repo/matrix/addons.xml.md5</checksum>
			<datadir zip="true">https://raw.githubusercontent.com/h4nzi/repo/matrix/</datadir>
		</dir>
		<dir minversion="17.9.0">
			<info compressed="false">https://raw.githubusercontent.com/h4nzi/repo/leia/addons.xml</info>
			<checksum>https://raw.githubusercontent.com/h4nzi/repo/leia/addons.xml.md5</checksum>
			<datadir zip="true">https://raw.githubusercontent.com/h4nzi/repo/leia/</datadir>
		</dir>
	</extension>
	<extension point="xbmc.addon.metadata">
		<summary>Moje repo</summary>
		<description>Download and install addons by jkmh.</description>
		<platform>all</platform>
		<assets>
			<icon>icon.png</icon>
			<fanart>fanart.jpg</fanart>
		</assets>
	</extension> 
</addon>