<?xml version="1.0" encoding="UTF-8" standalone="yes"?>
<addon id="script.calendar" name="Kalendář" version="1.0.0" provider-name="jkmh">
  <requires>
    <import addon="xbmc.python" version="3.0.0"/>
	<import addon="script.module.requests" version="2.22.0+matrix.1"/>
  </requires>
  <extension point="xbmc.python.script" library="main.py"/>
  <extension point="xbmc.service" library="service.py"/>
  <extension point="xbmc.addon.metadata">
    <summary lang="cs_CZ">Kalendář cz svátků a narozenin</summary>
    <description lang="cs_CZ">Připomíná svátky a narozeniny v rodině. Script je určen pro skin Confluence SCC. Pro ostatní skiny je nutný zásah do skinu.</description>
    <license>GPL 2.0</license>
    <platform>all</platform>
    <assets>
      <icon>icon.png</icon>
    </assets>
  </extension>
</addon>
